Copyright 1986-2022 Xilinx, Inc. All Rights Reserved.
------------------------------------------------------------------------------------------------------------------------------------------------------------------------------------------------
| Tool Version : Vivado v.2022.2 (win64) Build 3671981 Fri Oct 14 05:00:03 MDT 2022
| Date         : Mon Jun 23 08:39:16 2025
| Host         : DESKTOP-SR46PLT running 64-bit major release  (build 9200)
| Command      : report_bus_skew -warn_on_violation -file audio_AXI_DMA_wrapper_bus_skew_routed.rpt -pb audio_AXI_DMA_wrapper_bus_skew_routed.pb -rpx audio_AXI_DMA_wrapper_bus_skew_routed.rpx
| Design       : audio_AXI_DMA_wrapper
| Device       : 7z010-clg400
| Speed File   : -1  PRODUCTION 1.12 2019-11-22
------------------------------------------------------------------------------------------------------------------------------------------------------------------------------------------------

Bus Skew Report

Table of Contents
-----------------
1. Bus Skew Report Summary
2. Bus Skew Report Per Constraint

1. Bus Skew Report Summary
--------------------------

Id  Position  From                            To                              Corner  Requirement(ns)  Actual(ns)  Slack(ns)
--  --------  ------------------------------  ------------------------------  ------  ---------------  ----------  ---------
1   16        [get_cells [list {audio_AXI_DMA_i/axis_data_fifo_0/inst/gen_fifo.xpm_fifo_axis_inst/gaxis_pkt_fifo_ic.wpkt_cnt_cdc_inst/src_gray_ff_reg[0]} {audio_AXI_DMA_i/axis_data_fifo_0/inst/gen_fifo.xpm_fifo_axis_inst/gaxis_pkt_fifo_ic.wpkt_cnt_cdc_inst/src_gray_ff_reg[1]} {audio_AXI_DMA_i/axis_data_fifo_0/inst/gen_fifo.xpm_fifo_axis_inst/gaxis_pkt_fifo_ic.wpkt_cnt_cdc_inst/src_gray_ff_reg[2]} {audio_AXI_DMA_i/axis_data_fifo_0/inst/gen_fifo.xpm_fifo_axis_inst/gaxis_pkt_fifo_ic.wpkt_cnt_cdc_inst/src_gray_ff_reg[3]} {audio_AXI_DMA_i/axis_data_fifo_0/inst/gen_fifo.xpm_fifo_axis_inst/gaxis_pkt_fifo_ic.wpkt_cnt_cdc_inst/src_gray_ff_reg[4]} {audio_AXI_DMA_i/axis_data_fifo_0/inst/gen_fifo.xpm_fifo_axis_inst/gaxis_pkt_fifo_ic.wpkt_cnt_cdc_inst/src_gray_ff_reg[5]} {audio_AXI_DMA_i/axis_data_fifo_0/inst/gen_fifo.xpm_fifo_axis_inst/gaxis_pkt_fifo_ic.wpkt_cnt_cdc_inst/src_gray_ff_reg[6]} {audio_AXI_DMA_i/axis_data_fifo_0/inst/gen_fifo.xpm_fifo_axis_inst/gaxis_pkt_fifo_ic.wpkt_cnt_cdc_inst/src_gray_ff_reg[7]} {audio_AXI_DMA_i/axis_data_fifo_0/inst/gen_fifo.xpm_fifo_axis_inst/gaxis_pkt_fifo_ic.wpkt_cnt_cdc_inst/src_gray_ff_reg[8]} {audio_AXI_DMA_i/axis_data_fifo_0/inst/gen_fifo.xpm_fifo_axis_inst/gaxis_pkt_fifo_ic.wpkt_cnt_cdc_inst/src_gray_ff_reg[9]}]]
                                              [get_cells [list {audio_AXI_DMA_i/axis_data_fifo_0/inst/gen_fifo.xpm_fifo_axis_inst/gaxis_pkt_fifo_ic.wpkt_cnt_cdc_inst/dest_graysync_ff_reg[0][0]} {audio_AXI_DMA_i/axis_data_fifo_0/inst/gen_fifo.xpm_fifo_axis_inst/gaxis_pkt_fifo_ic.wpkt_cnt_cdc_inst/dest_graysync_ff_reg[0][1]} {audio_AXI_DMA_i/axis_data_fifo_0/inst/gen_fifo.xpm_fifo_axis_inst/gaxis_pkt_fifo_ic.wpkt_cnt_cdc_inst/dest_graysync_ff_reg[0][2]} {audio_AXI_DMA_i/axis_data_fifo_0/inst/gen_fifo.xpm_fifo_axis_inst/gaxis_pkt_fifo_ic.wpkt_cnt_cdc_inst/dest_graysync_ff_reg[0][3]} {audio_AXI_DMA_i/axis_data_fifo_0/inst/gen_fifo.xpm_fifo_axis_inst/gaxis_pkt_fifo_ic.wpkt_cnt_cdc_inst/dest_graysync_ff_reg[0][4]} {audio_AXI_DMA_i/axis_data_fifo_0/inst/gen_fifo.xpm_fifo_axis_inst/gaxis_pkt_fifo_ic.wpkt_cnt_cdc_inst/dest_graysync_ff_reg[0][5]} {audio_AXI_DMA_i/axis_data_fifo_0/inst/gen_fifo.xpm_fifo_axis_inst/gaxis_pkt_fifo_ic.wpkt_cnt_cdc_inst/dest_graysync_ff_reg[0][6]} {audio_AXI_DMA_i/axis_data_fifo_0/inst/gen_fifo.xpm_fifo_axis_inst/gaxis_pkt_fifo_ic.wpkt_cnt_cdc_inst/dest_graysync_ff_reg[0][7]} {audio_AXI_DMA_i/axis_data_fifo_0/inst/gen_fifo.xpm_fifo_axis_inst/gaxis_pkt_fifo_ic.wpkt_cnt_cdc_inst/dest_graysync_ff_reg[0][8]} {audio_AXI_DMA_i/axis_data_fifo_0/inst/gen_fifo.xpm_fifo_axis_inst/gaxis_pkt_fifo_ic.wpkt_cnt_cdc_inst/dest_graysync_ff_reg[0][9]}]]
                                                                              Slow             10.000       0.815      9.185
2   18        [get_cells [list {audio_AXI_DMA_i/axis_data_fifo_0/inst/gen_fifo.xpm_fifo_axis_inst/xpm_fifo_base_inst/gen_cdc_pntr.rd_pntr_cdc_inst/src_gray_ff_reg[0]} {audio_AXI_DMA_i/axis_data_fifo_0/inst/gen_fifo.xpm_fifo_axis_inst/xpm_fifo_base_inst/gen_cdc_pntr.rd_pntr_cdc_inst/src_gray_ff_reg[1]} {audio_AXI_DMA_i/axis_data_fifo_0/inst/gen_fifo.xpm_fifo_axis_inst/xpm_fifo_base_inst/gen_cdc_pntr.rd_pntr_cdc_inst/src_gray_ff_reg[2]} {audio_AXI_DMA_i/axis_data_fifo_0/inst/gen_fifo.xpm_fifo_axis_inst/xpm_fifo_base_inst/gen_cdc_pntr.rd_pntr_cdc_inst/src_gray_ff_reg[3]} {audio_AXI_DMA_i/axis_data_fifo_0/inst/gen_fifo.xpm_fifo_axis_inst/xpm_fifo_base_inst/gen_cdc_pntr.rd_pntr_cdc_inst/src_gray_ff_reg[4]} {audio_AXI_DMA_i/axis_data_fifo_0/inst/gen_fifo.xpm_fifo_axis_inst/xpm_fifo_base_inst/gen_cdc_pntr.rd_pntr_cdc_inst/src_gray_ff_reg[5]} {audio_AXI_DMA_i/axis_data_fifo_0/inst/gen_fifo.xpm_fifo_axis_inst/xpm_fifo_base_inst/gen_cdc_pntr.rd_pntr_cdc_inst/src_gray_ff_reg[6]} {audio_AXI_DMA_i/axis_data_fifo_0/inst/gen_fifo.xpm_fifo_axis_inst/xpm_fifo_base_inst/gen_cdc_pntr.rd_pntr_cdc_inst/src_gray_ff_reg[7]} {audio_AXI_DMA_i/axis_data_fifo_0/inst/gen_fifo.xpm_fifo_axis_inst/xpm_fifo_base_inst/gen_cdc_pntr.rd_pntr_cdc_inst/src_gray_ff_reg[8]} {audio_AXI_DMA_i/axis_data_fifo_0/inst/gen_fifo.xpm_fifo_axis_inst/xpm_fifo_base_inst/gen_cdc_pntr.rd_pntr_cdc_inst/src_gray_ff_reg[9]}]]
                                              [get_cells [list {audio_AXI_DMA_i/axis_data_fifo_0/inst/gen_fifo.xpm_fifo_axis_inst/xpm_fifo_base_inst/gen_cdc_pntr.rd_pntr_cdc_inst/dest_graysync_ff_reg[0][0]} {audio_AXI_DMA_i/axis_data_fifo_0/inst/gen_fifo.xpm_fifo_axis_inst/xpm_fifo_base_inst/gen_cdc_pntr.rd_pntr_cdc_inst/dest_graysync_ff_reg[0][1]} {audio_AXI_DMA_i/axis_data_fifo_0/inst/gen_fifo.xpm_fifo_axis_inst/xpm_fifo_base_inst/gen_cdc_pntr.rd_pntr_cdc_inst/dest_graysync_ff_reg[0][2]} {audio_AXI_DMA_i/axis_data_fifo_0/inst/gen_fifo.xpm_fifo_axis_inst/xpm_fifo_base_inst/gen_cdc_pntr.rd_pntr_cdc_inst/dest_graysync_ff_reg[0][3]} {audio_AXI_DMA_i/axis_data_fifo_0/inst/gen_fifo.xpm_fifo_axis_inst/xpm_fifo_base_inst/gen_cdc_pntr.rd_pntr_cdc_inst/dest_graysync_ff_reg[0][4]} {audio_AXI_DMA_i/axis_data_fifo_0/inst/gen_fifo.xpm_fifo_axis_inst/xpm_fifo_base_inst/gen_cdc_pntr.rd_pntr_cdc_inst/dest_graysync_ff_reg[0][5]} {audio_AXI_DMA_i/axis_data_fifo_0/inst/gen_fifo.xpm_fifo_axis_inst/xpm_fifo_base_inst/gen_cdc_pntr.rd_pntr_cdc_inst/dest_graysync_ff_reg[0][6]} {audio_AXI_DMA_i/axis_data_fifo_0/inst/gen_fifo.xpm_fifo_axis_inst/xpm_fifo_base_inst/gen_cdc_pntr.rd_pntr_cdc_inst/dest_graysync_ff_reg[0][7]} {audio_AXI_DMA_i/axis_data_fifo_0/inst/gen_fifo.xpm_fifo_axis_inst/xpm_fifo_base_inst/gen_cdc_pntr.rd_pntr_cdc_inst/dest_graysync_ff_reg[0][8]} {audio_AXI_DMA_i/axis_data_fifo_0/inst/gen_fifo.xpm_fifo_axis_inst/xpm_fifo_base_inst/gen_cdc_pntr.rd_pntr_cdc_inst/dest_graysync_ff_reg[0][9]}]]
                                                                              Slow             10.000       0.959      9.041
3   20        [get_cells [list {audio_AXI_DMA_i/axis_data_fifo_0/inst/gen_fifo.xpm_fifo_axis_inst/xpm_fifo_base_inst/gen_cdc_pntr.wr_pntr_cdc_inst/src_gray_ff_reg[0]} {audio_AXI_DMA_i/axis_data_fifo_0/inst/gen_fifo.xpm_fifo_axis_inst/xpm_fifo_base_inst/gen_cdc_pntr.wr_pntr_cdc_inst/src_gray_ff_reg[1]} {audio_AXI_DMA_i/axis_data_fifo_0/inst/gen_fifo.xpm_fifo_axis_inst/xpm_fifo_base_inst/gen_cdc_pntr.wr_pntr_cdc_inst/src_gray_ff_reg[2]} {audio_AXI_DMA_i/axis_data_fifo_0/inst/gen_fifo.xpm_fifo_axis_inst/xpm_fifo_base_inst/gen_cdc_pntr.wr_pntr_cdc_inst/src_gray_ff_reg[3]} {audio_AXI_DMA_i/axis_data_fifo_0/inst/gen_fifo.xpm_fifo_axis_inst/xpm_fifo_base_inst/gen_cdc_pntr.wr_pntr_cdc_inst/src_gray_ff_reg[4]} {audio_AXI_DMA_i/axis_data_fifo_0/inst/gen_fifo.xpm_fifo_axis_inst/xpm_fifo_base_inst/gen_cdc_pntr.wr_pntr_cdc_inst/src_gray_ff_reg[5]} {audio_AXI_DMA_i/axis_data_fifo_0/inst/gen_fifo.xpm_fifo_axis_inst/xpm_fifo_base_inst/gen_cdc_pntr.wr_pntr_cdc_inst/src_gray_ff_reg[6]} {audio_AXI_DMA_i/axis_data_fifo_0/inst/gen_fifo.xpm_fifo_axis_inst/xpm_fifo_base_inst/gen_cdc_pntr.wr_pntr_cdc_inst/src_gray_ff_reg[7]} {audio_AXI_DMA_i/axis_data_fifo_0/inst/gen_fifo.xpm_fifo_axis_inst/xpm_fifo_base_inst/gen_cdc_pntr.wr_pntr_cdc_inst/src_gray_ff_reg[8]} {audio_AXI_DMA_i/axis_data_fifo_0/inst/gen_fifo.xpm_fifo_axis_inst/xpm_fifo_base_inst/gen_cdc_pntr.wr_pntr_cdc_inst/src_gray_ff_reg[9]}]]
                                              [get_cells [list {audio_AXI_DMA_i/axis_data_fifo_0/inst/gen_fifo.xpm_fifo_axis_inst/xpm_fifo_base_inst/gen_cdc_pntr.wr_pntr_cdc_inst/dest_graysync_ff_reg[0][0]} {audio_AXI_DMA_i/axis_data_fifo_0/inst/gen_fifo.xpm_fifo_axis_inst/xpm_fifo_base_inst/gen_cdc_pntr.wr_pntr_cdc_inst/dest_graysync_ff_reg[0][1]} {audio_AXI_DMA_i/axis_data_fifo_0/inst/gen_fifo.xpm_fifo_axis_inst/xpm_fifo_base_inst/gen_cdc_pntr.wr_pntr_cdc_inst/dest_graysync_ff_reg[0][2]} {audio_AXI_DMA_i/axis_data_fifo_0/inst/gen_fifo.xpm_fifo_axis_inst/xpm_fifo_base_inst/gen_cdc_pntr.wr_pntr_cdc_inst/dest_graysync_ff_reg[0][3]} {audio_AXI_DMA_i/axis_data_fifo_0/inst/gen_fifo.xpm_fifo_axis_inst/xpm_fifo_base_inst/gen_cdc_pntr.wr_pntr_cdc_inst/dest_graysync_ff_reg[0][4]} {audio_AXI_DMA_i/axis_data_fifo_0/inst/gen_fifo.xpm_fifo_axis_inst/xpm_fifo_base_inst/gen_cdc_pntr.wr_pntr_cdc_inst/dest_graysync_ff_reg[0][5]} {audio_AXI_DMA_i/axis_data_fifo_0/inst/gen_fifo.xpm_fifo_axis_inst/xpm_fifo_base_inst/gen_cdc_pntr.wr_pntr_cdc_inst/dest_graysync_ff_reg[0][6]} {audio_AXI_DMA_i/axis_data_fifo_0/inst/gen_fifo.xpm_fifo_axis_inst/xpm_fifo_base_inst/gen_cdc_pntr.wr_pntr_cdc_inst/dest_graysync_ff_reg[0][7]} {audio_AXI_DMA_i/axis_data_fifo_0/inst/gen_fifo.xpm_fifo_axis_inst/xpm_fifo_base_inst/gen_cdc_pntr.wr_pntr_cdc_inst/dest_graysync_ff_reg[0][8]} {audio_AXI_DMA_i/axis_data_fifo_0/inst/gen_fifo.xpm_fifo_axis_inst/xpm_fifo_base_inst/gen_cdc_pntr.wr_pntr_cdc_inst/dest_graysync_ff_reg[0][9]}]]
                                                                              Slow             10.000       0.980      9.020
4   26        [get_cells [list {audio_AXI_DMA_i/axis_data_fifo_1/inst/gen_fifo.xpm_fifo_axis_inst/gaxis_pkt_fifo_ic.wpkt_cnt_cdc_inst/src_gray_ff_reg[0]} {audio_AXI_DMA_i/axis_data_fifo_1/inst/gen_fifo.xpm_fifo_axis_inst/gaxis_pkt_fifo_ic.wpkt_cnt_cdc_inst/src_gray_ff_reg[1]} {audio_AXI_DMA_i/axis_data_fifo_1/inst/gen_fifo.xpm_fifo_axis_inst/gaxis_pkt_fifo_ic.wpkt_cnt_cdc_inst/src_gray_ff_reg[2]} {audio_AXI_DMA_i/axis_data_fifo_1/inst/gen_fifo.xpm_fifo_axis_inst/gaxis_pkt_fifo_ic.wpkt_cnt_cdc_inst/src_gray_ff_reg[3]} {audio_AXI_DMA_i/axis_data_fifo_1/inst/gen_fifo.xpm_fifo_axis_inst/gaxis_pkt_fifo_ic.wpkt_cnt_cdc_inst/src_gray_ff_reg[4]} {audio_AXI_DMA_i/axis_data_fifo_1/inst/gen_fifo.xpm_fifo_axis_inst/gaxis_pkt_fifo_ic.wpkt_cnt_cdc_inst/src_gray_ff_reg[5]} {audio_AXI_DMA_i/axis_data_fifo_1/inst/gen_fifo.xpm_fifo_axis_inst/gaxis_pkt_fifo_ic.wpkt_cnt_cdc_inst/src_gray_ff_reg[6]} {audio_AXI_DMA_i/axis_data_fifo_1/inst/gen_fifo.xpm_fifo_axis_inst/gaxis_pkt_fifo_ic.wpkt_cnt_cdc_inst/src_gray_ff_reg[7]} {audio_AXI_DMA_i/axis_data_fifo_1/inst/gen_fifo.xpm_fifo_axis_inst/gaxis_pkt_fifo_ic.wpkt_cnt_cdc_inst/src_gray_ff_reg[8]} {audio_AXI_DMA_i/axis_data_fifo_1/inst/gen_fifo.xpm_fifo_axis_inst/gaxis_pkt_fifo_ic.wpkt_cnt_cdc_inst/src_gray_ff_reg[9]}]]
                                              [get_cells [list {audio_AXI_DMA_i/axis_data_fifo_1/inst/gen_fifo.xpm_fifo_axis_inst/gaxis_pkt_fifo_ic.wpkt_cnt_cdc_inst/dest_graysync_ff_reg[0][0]} {audio_AXI_DMA_i/axis_data_fifo_1/inst/gen_fifo.xpm_fifo_axis_inst/gaxis_pkt_fifo_ic.wpkt_cnt_cdc_inst/dest_graysync_ff_reg[0][1]} {audio_AXI_DMA_i/axis_data_fifo_1/inst/gen_fifo.xpm_fifo_axis_inst/gaxis_pkt_fifo_ic.wpkt_cnt_cdc_inst/dest_graysync_ff_reg[0][2]} {audio_AXI_DMA_i/axis_data_fifo_1/inst/gen_fifo.xpm_fifo_axis_inst/gaxis_pkt_fifo_ic.wpkt_cnt_cdc_inst/dest_graysync_ff_reg[0][3]} {audio_AXI_DMA_i/axis_data_fifo_1/inst/gen_fifo.xpm_fifo_axis_inst/gaxis_pkt_fifo_ic.wpkt_cnt_cdc_inst/dest_graysync_ff_reg[0][4]} {audio_AXI_DMA_i/axis_data_fifo_1/inst/gen_fifo.xpm_fifo_axis_inst/gaxis_pkt_fifo_ic.wpkt_cnt_cdc_inst/dest_graysync_ff_reg[0][5]} {audio_AXI_DMA_i/axis_data_fifo_1/inst/gen_fifo.xpm_fifo_axis_inst/gaxis_pkt_fifo_ic.wpkt_cnt_cdc_inst/dest_graysync_ff_reg[0][6]} {audio_AXI_DMA_i/axis_data_fifo_1/inst/gen_fifo.xpm_fifo_axis_inst/gaxis_pkt_fifo_ic.wpkt_cnt_cdc_inst/dest_graysync_ff_reg[0][7]} {audio_AXI_DMA_i/axis_data_fifo_1/inst/gen_fifo.xpm_fifo_axis_inst/gaxis_pkt_fifo_ic.wpkt_cnt_cdc_inst/dest_graysync_ff_reg[0][8]} {audio_AXI_DMA_i/axis_data_fifo_1/inst/gen_fifo.xpm_fifo_axis_inst/gaxis_pkt_fifo_ic.wpkt_cnt_cdc_inst/dest_graysync_ff_reg[0][9]}]]
                                                                              Slow             10.000       0.969      9.031
5   28        [get_cells [list {audio_AXI_DMA_i/axis_data_fifo_1/inst/gen_fifo.xpm_fifo_axis_inst/xpm_fifo_base_inst/gen_cdc_pntr.rd_pntr_cdc_inst/src_gray_ff_reg[0]} {audio_AXI_DMA_i/axis_data_fifo_1/inst/gen_fifo.xpm_fifo_axis_inst/xpm_fifo_base_inst/gen_cdc_pntr.rd_pntr_cdc_inst/src_gray_ff_reg[1]} {audio_AXI_DMA_i/axis_data_fifo_1/inst/gen_fifo.xpm_fifo_axis_inst/xpm_fifo_base_inst/gen_cdc_pntr.rd_pntr_cdc_inst/src_gray_ff_reg[2]} {audio_AXI_DMA_i/axis_data_fifo_1/inst/gen_fifo.xpm_fifo_axis_inst/xpm_fifo_base_inst/gen_cdc_pntr.rd_pntr_cdc_inst/src_gray_ff_reg[3]} {audio_AXI_DMA_i/axis_data_fifo_1/inst/gen_fifo.xpm_fifo_axis_inst/xpm_fifo_base_inst/gen_cdc_pntr.rd_pntr_cdc_inst/src_gray_ff_reg[4]} {audio_AXI_DMA_i/axis_data_fifo_1/inst/gen_fifo.xpm_fifo_axis_inst/xpm_fifo_base_inst/gen_cdc_pntr.rd_pntr_cdc_inst/src_gray_ff_reg[5]} {audio_AXI_DMA_i/axis_data_fifo_1/inst/gen_fifo.xpm_fifo_axis_inst/xpm_fifo_base_inst/gen_cdc_pntr.rd_pntr_cdc_inst/src_gray_ff_reg[6]} {audio_AXI_DMA_i/axis_data_fifo_1/inst/gen_fifo.xpm_fifo_axis_inst/xpm_fifo_base_inst/gen_cdc_pntr.rd_pntr_cdc_inst/src_gray_ff_reg[7]} {audio_AXI_DMA_i/axis_data_fifo_1/inst/gen_fifo.xpm_fifo_axis_inst/xpm_fifo_base_inst/gen_cdc_pntr.rd_pntr_cdc_inst/src_gray_ff_reg[8]} {audio_AXI_DMA_i/axis_data_fifo_1/inst/gen_fifo.xpm_fifo_axis_inst/xpm_fifo_base_inst/gen_cdc_pntr.rd_pntr_cdc_inst/src_gray_ff_reg[9]}]]
                                              [get_cells [list {audio_AXI_DMA_i/axis_data_fifo_1/inst/gen_fifo.xpm_fifo_axis_inst/xpm_fifo_base_inst/gen_cdc_pntr.rd_pntr_cdc_inst/dest_graysync_ff_reg[0][0]} {audio_AXI_DMA_i/axis_data_fifo_1/inst/gen_fifo.xpm_fifo_axis_inst/xpm_fifo_base_inst/gen_cdc_pntr.rd_pntr_cdc_inst/dest_graysync_ff_reg[0][1]} {audio_AXI_DMA_i/axis_data_fifo_1/inst/gen_fifo.xpm_fifo_axis_inst/xpm_fifo_base_inst/gen_cdc_pntr.rd_pntr_cdc_inst/dest_graysync_ff_reg[0][2]} {audio_AXI_DMA_i/axis_data_fifo_1/inst/gen_fifo.xpm_fifo_axis_inst/xpm_fifo_base_inst/gen_cdc_pntr.rd_pntr_cdc_inst/dest_graysync_ff_reg[0][3]} {audio_AXI_DMA_i/axis_data_fifo_1/inst/gen_fifo.xpm_fifo_axis_inst/xpm_fifo_base_inst/gen_cdc_pntr.rd_pntr_cdc_inst/dest_graysync_ff_reg[0][4]} {audio_AXI_DMA_i/axis_data_fifo_1/inst/gen_fifo.xpm_fifo_axis_inst/xpm_fifo_base_inst/gen_cdc_pntr.rd_pntr_cdc_inst/dest_graysync_ff_reg[0][5]} {audio_AXI_DMA_i/axis_data_fifo_1/inst/gen_fifo.xpm_fifo_axis_inst/xpm_fifo_base_inst/gen_cdc_pntr.rd_pntr_cdc_inst/dest_graysync_ff_reg[0][6]} {audio_AXI_DMA_i/axis_data_fifo_1/inst/gen_fifo.xpm_fifo_axis_inst/xpm_fifo_base_inst/gen_cdc_pntr.rd_pntr_cdc_inst/dest_graysync_ff_reg[0][7]} {audio_AXI_DMA_i/axis_data_fifo_1/inst/gen_fifo.xpm_fifo_axis_inst/xpm_fifo_base_inst/gen_cdc_pntr.rd_pntr_cdc_inst/dest_graysync_ff_reg[0][8]} {audio_AXI_DMA_i/axis_data_fifo_1/inst/gen_fifo.xpm_fifo_axis_inst/xpm_fifo_base_inst/gen_cdc_pntr.rd_pntr_cdc_inst/dest_graysync_ff_reg[0][9]}]]
                                                                              Slow             10.000       1.072      8.928
6   30        [get_cells [list {audio_AXI_DMA_i/axis_data_fifo_1/inst/gen_fifo.xpm_fifo_axis_inst/xpm_fifo_base_inst/gen_cdc_pntr.wr_pntr_cdc_inst/src_gray_ff_reg[0]} {audio_AXI_DMA_i/axis_data_fifo_1/inst/gen_fifo.xpm_fifo_axis_inst/xpm_fifo_base_inst/gen_cdc_pntr.wr_pntr_cdc_inst/src_gray_ff_reg[1]} {audio_AXI_DMA_i/axis_data_fifo_1/inst/gen_fifo.xpm_fifo_axis_inst/xpm_fifo_base_inst/gen_cdc_pntr.wr_pntr_cdc_inst/src_gray_ff_reg[2]} {audio_AXI_DMA_i/axis_data_fifo_1/inst/gen_fifo.xpm_fifo_axis_inst/xpm_fifo_base_inst/gen_cdc_pntr.wr_pntr_cdc_inst/src_gray_ff_reg[3]} {audio_AXI_DMA_i/axis_data_fifo_1/inst/gen_fifo.xpm_fifo_axis_inst/xpm_fifo_base_inst/gen_cdc_pntr.wr_pntr_cdc_inst/src_gray_ff_reg[4]} {audio_AXI_DMA_i/axis_data_fifo_1/inst/gen_fifo.xpm_fifo_axis_inst/xpm_fifo_base_inst/gen_cdc_pntr.wr_pntr_cdc_inst/src_gray_ff_reg[5]} {audio_AXI_DMA_i/axis_data_fifo_1/inst/gen_fifo.xpm_fifo_axis_inst/xpm_fifo_base_inst/gen_cdc_pntr.wr_pntr_cdc_inst/src_gray_ff_reg[6]} {audio_AXI_DMA_i/axis_data_fifo_1/inst/gen_fifo.xpm_fifo_axis_inst/xpm_fifo_base_inst/gen_cdc_pntr.wr_pntr_cdc_inst/src_gray_ff_reg[7]} {audio_AXI_DMA_i/axis_data_fifo_1/inst/gen_fifo.xpm_fifo_axis_inst/xpm_fifo_base_inst/gen_cdc_pntr.wr_pntr_cdc_inst/src_gray_ff_reg[8]} {audio_AXI_DMA_i/axis_data_fifo_1/inst/gen_fifo.xpm_fifo_axis_inst/xpm_fifo_base_inst/gen_cdc_pntr.wr_pntr_cdc_inst/src_gray_ff_reg[9]}]]
                                              [get_cells [list {audio_AXI_DMA_i/axis_data_fifo_1/inst/gen_fifo.xpm_fifo_axis_inst/xpm_fifo_base_inst/gen_cdc_pntr.wr_pntr_cdc_inst/dest_graysync_ff_reg[0][0]} {audio_AXI_DMA_i/axis_data_fifo_1/inst/gen_fifo.xpm_fifo_axis_inst/xpm_fifo_base_inst/gen_cdc_pntr.wr_pntr_cdc_inst/dest_graysync_ff_reg[0][1]} {audio_AXI_DMA_i/axis_data_fifo_1/inst/gen_fifo.xpm_fifo_axis_inst/xpm_fifo_base_inst/gen_cdc_pntr.wr_pntr_cdc_inst/dest_graysync_ff_reg[0][2]} {audio_AXI_DMA_i/axis_data_fifo_1/inst/gen_fifo.xpm_fifo_axis_inst/xpm_fifo_base_inst/gen_cdc_pntr.wr_pntr_cdc_inst/dest_graysync_ff_reg[0][3]} {audio_AXI_DMA_i/axis_data_fifo_1/inst/gen_fifo.xpm_fifo_axis_inst/xpm_fifo_base_inst/gen_cdc_pntr.wr_pntr_cdc_inst/dest_graysync_ff_reg[0][4]} {audio_AXI_DMA_i/axis_data_fifo_1/inst/gen_fifo.xpm_fifo_axis_inst/xpm_fifo_base_inst/gen_cdc_pntr.wr_pntr_cdc_inst/dest_graysync_ff_reg[0][5]} {audio_AXI_DMA_i/axis_data_fifo_1/inst/gen_fifo.xpm_fifo_axis_inst/xpm_fifo_base_inst/gen_cdc_pntr.wr_pntr_cdc_inst/dest_graysync_ff_reg[0][6]} {audio_AXI_DMA_i/axis_data_fifo_1/inst/gen_fifo.xpm_fifo_axis_inst/xpm_fifo_base_inst/gen_cdc_pntr.wr_pntr_cdc_inst/dest_graysync_ff_reg[0][7]} {audio_AXI_DMA_i/axis_data_fifo_1/inst/gen_fifo.xpm_fifo_axis_inst/xpm_fifo_base_inst/gen_cdc_pntr.wr_pntr_cdc_inst/dest_graysync_ff_reg[0][8]} {audio_AXI_DMA_i/axis_data_fifo_1/inst/gen_fifo.xpm_fifo_axis_inst/xpm_fifo_base_inst/gen_cdc_pntr.wr_pntr_cdc_inst/dest_graysync_ff_reg[0][9]}]]
                                                                              Slow             10.000       0.871      9.129
7   36        [get_cells [list {audio_AXI_DMA_i/ps7_0_axi_periph/m00_couplers/auto_cc/inst/gen_clock_conv.gen_async_lite_conv.clock_conv_lite_fwd_ar/handshake/src_hsdata_ff_reg[5]} {audio_AXI_DMA_i/ps7_0_axi_periph/m00_couplers/auto_cc/inst/gen_clock_conv.gen_async_lite_conv.clock_conv_lite_fwd_ar/handshake/src_hsdata_ff_reg[6]} {audio_AXI_DMA_i/ps7_0_axi_periph/m00_couplers/auto_cc/inst/gen_clock_conv.gen_async_lite_conv.clock_conv_lite_fwd_ar/handshake/src_hsdata_ff_reg[7]} {audio_AXI_DMA_i/ps7_0_axi_periph/m00_couplers/auto_cc/inst/gen_clock_conv.gen_async_lite_conv.clock_conv_lite_fwd_ar/handshake/src_hsdata_ff_reg[2]} {audio_AXI_DMA_i/ps7_0_axi_periph/m00_couplers/auto_cc/inst/gen_clock_conv.gen_async_lite_conv.clock_conv_lite_fwd_ar/handshake/src_hsdata_ff_reg[3]} {audio_AXI_DMA_i/ps7_0_axi_periph/m00_couplers/auto_cc/inst/gen_clock_conv.gen_async_lite_conv.clock_conv_lite_fwd_ar/handshake/src_hsdata_ff_reg[4]}]]
                                              [get_cells [list {audio_AXI_DMA_i/ps7_0_axi_periph/m00_couplers/auto_cc/inst/gen_clock_conv.gen_async_lite_conv.clock_conv_lite_fwd_ar/handshake/dest_hsdata_ff_reg[5]} {audio_AXI_DMA_i/ps7_0_axi_periph/m00_couplers/auto_cc/inst/gen_clock_conv.gen_async_lite_conv.clock_conv_lite_fwd_ar/handshake/dest_hsdata_ff_reg[6]} {audio_AXI_DMA_i/ps7_0_axi_periph/m00_couplers/auto_cc/inst/gen_clock_conv.gen_async_lite_conv.clock_conv_lite_fwd_ar/handshake/dest_hsdata_ff_reg[7]} {audio_AXI_DMA_i/ps7_0_axi_periph/m00_couplers/auto_cc/inst/gen_clock_conv.gen_async_lite_conv.clock_conv_lite_fwd_ar/handshake/dest_hsdata_ff_reg[2]} {audio_AXI_DMA_i/ps7_0_axi_periph/m00_couplers/auto_cc/inst/gen_clock_conv.gen_async_lite_conv.clock_conv_lite_fwd_ar/handshake/dest_hsdata_ff_reg[3]} {audio_AXI_DMA_i/ps7_0_axi_periph/m00_couplers/auto_cc/inst/gen_clock_conv.gen_async_lite_conv.clock_conv_lite_fwd_ar/handshake/dest_hsdata_ff_reg[4]}]]
                                                                              Slow            244.125       0.874    243.251
8   38        [get_cells [list {audio_AXI_DMA_i/ps7_0_axi_periph/m00_couplers/auto_cc/inst/gen_clock_conv.gen_async_lite_conv.clock_conv_lite_fwd_w/handshake/src_hsdata_ff_reg[0]} \
          {audio_AXI_DMA_i/ps7_0_axi_periph/m00_couplers/auto_cc/inst/gen_clock_conv.gen_async_lite_conv.clock_conv_lite_fwd_w/handshake/src_hsdata_ff_reg[10]} \
          {audio_AXI_DMA_i/ps7_0_axi_periph/m00_couplers/auto_cc/inst/gen_clock_conv.gen_async_lite_conv.clock_conv_lite_fwd_w/handshake/src_hsdata_ff_reg[11]} \
          {audio_AXI_DMA_i/ps7_0_axi_periph/m00_couplers/auto_cc/inst/gen_clock_conv.gen_async_lite_conv.clock_conv_lite_fwd_w/handshake/src_hsdata_ff_reg[12]} \
          {audio_AXI_DMA_i/ps7_0_axi_periph/m00_couplers/auto_cc/inst/gen_clock_conv.gen_async_lite_conv.clock_conv_lite_fwd_w/handshake/src_hsdata_ff_reg[13]} \
          {audio_AXI_DMA_i/ps7_0_axi_periph/m00_couplers/auto_cc/inst/gen_clock_conv.gen_async_lite_conv.clock_conv_lite_fwd_w/handshake/src_hsdata_ff_reg[14]} \
          {audio_AXI_DMA_i/ps7_0_axi_periph/m00_couplers/auto_cc/inst/gen_clock_conv.gen_async_lite_conv.clock_conv_lite_fwd_w/handshake/src_hsdata_ff_reg[15]} \
          {audio_AXI_DMA_i/ps7_0_axi_periph/m00_couplers/auto_cc/inst/gen_clock_conv.gen_async_lite_conv.clock_conv_lite_fwd_w/handshake/src_hsdata_ff_reg[16]} \
          {audio_AXI_DMA_i/ps7_0_axi_periph/m00_couplers/auto_cc/inst/gen_clock_conv.gen_async_lite_conv.clock_conv_lite_fwd_w/handshake/src_hsdata_ff_reg[17]} \
          {audio_AXI_DMA_i/ps7_0_axi_periph/m00_couplers/auto_cc/inst/gen_clock_conv.gen_async_lite_conv.clock_conv_lite_fwd_w/handshake/src_hsdata_ff_reg[18]} \
          {audio_AXI_DMA_i/ps7_0_axi_periph/m00_couplers/auto_cc/inst/gen_clock_conv.gen_async_lite_conv.clock_conv_lite_fwd_w/handshake/src_hsdata_ff_reg[19]} \
          {audio_AXI_DMA_i/ps7_0_axi_periph/m00_couplers/auto_cc/inst/gen_clock_conv.gen_async_lite_conv.clock_conv_lite_fwd_w/handshake/src_hsdata_ff_reg[1]} \
          {audio_AXI_DMA_i/ps7_0_axi_periph/m00_couplers/auto_cc/inst/gen_clock_conv.gen_async_lite_conv.clock_conv_lite_fwd_w/handshake/src_hsdata_ff_reg[20]} \
          {audio_AXI_DMA_i/ps7_0_axi_periph/m00_couplers/auto_cc/inst/gen_clock_conv.gen_async_lite_conv.clock_conv_lite_fwd_w/handshake/src_hsdata_ff_reg[21]} \
          {audio_AXI_DMA_i/ps7_0_axi_periph/m00_couplers/auto_cc/inst/gen_clock_conv.gen_async_lite_conv.clock_conv_lite_fwd_w/handshake/src_hsdata_ff_reg[22]} \
          {audio_AXI_DMA_i/ps7_0_axi_periph/m00_couplers/auto_cc/inst/gen_clock_conv.gen_async_lite_conv.clock_conv_lite_fwd_w/handshake/src_hsdata_ff_reg[23]} \
          {audio_AXI_DMA_i/ps7_0_axi_periph/m00_couplers/auto_cc/inst/gen_clock_conv.gen_async_lite_conv.clock_conv_lite_fwd_w/handshake/src_hsdata_ff_reg[24]} \
          {audio_AXI_DMA_i/ps7_0_axi_periph/m00_couplers/auto_cc/inst/gen_clock_conv.gen_async_lite_conv.clock_conv_lite_fwd_w/handshake/src_hsdata_ff_reg[25]} \
          {audio_AXI_DMA_i/ps7_0_axi_periph/m00_couplers/auto_cc/inst/gen_clock_conv.gen_async_lite_conv.clock_conv_lite_fwd_w/handshake/src_hsdata_ff_reg[26]} \
          {audio_AXI_DMA_i/ps7_0_axi_periph/m00_couplers/auto_cc/inst/gen_clock_conv.gen_async_lite_conv.clock_conv_lite_fwd_w/handshake/src_hsdata_ff_reg[27]} \
          {audio_AXI_DMA_i/ps7_0_axi_periph/m00_couplers/auto_cc/inst/gen_clock_conv.gen_async_lite_conv.clock_conv_lite_fwd_w/handshake/src_hsdata_ff_reg[28]} \
          {audio_AXI_DMA_i/ps7_0_axi_periph/m00_couplers/auto_cc/inst/gen_clock_conv.gen_async_lite_conv.clock_conv_lite_fwd_w/handshake/src_hsdata_ff_reg[29]} \
          {audio_AXI_DMA_i/ps7_0_axi_periph/m00_couplers/auto_cc/inst/gen_clock_conv.gen_async_lite_conv.clock_conv_lite_fwd_w/handshake/src_hsdata_ff_reg[2]} \
          {audio_AXI_DMA_i/ps7_0_axi_periph/m00_couplers/auto_cc/inst/gen_clock_conv.gen_async_lite_conv.clock_conv_lite_fwd_w/handshake/src_hsdata_ff_reg[30]} \
          {audio_AXI_DMA_i/ps7_0_axi_periph/m00_couplers/auto_cc/inst/gen_clock_conv.gen_async_lite_conv.clock_conv_lite_fwd_w/handshake/src_hsdata_ff_reg[31]} \
          {audio_AXI_DMA_i/ps7_0_axi_periph/m00_couplers/auto_cc/inst/gen_clock_conv.gen_async_lite_conv.clock_conv_lite_fwd_w/handshake/src_hsdata_ff_reg[32]} \
          {audio_AXI_DMA_i/ps7_0_axi_periph/m00_couplers/auto_cc/inst/gen_clock_conv.gen_async_lite_conv.clock_conv_lite_fwd_w/handshake/src_hsdata_ff_reg[33]} \
          {audio_AXI_DMA_i/ps7_0_axi_periph/m00_couplers/auto_cc/inst/gen_clock_conv.gen_async_lite_conv.clock_conv_lite_fwd_w/handshake/src_hsdata_ff_reg[34]} \
          {audio_AXI_DMA_i/ps7_0_axi_periph/m00_couplers/auto_cc/inst/gen_clock_conv.gen_async_lite_conv.clock_conv_lite_fwd_w/handshake/src_hsdata_ff_reg[35]} \
          {audio_AXI_DMA_i/ps7_0_axi_periph/m00_couplers/auto_cc/inst/gen_clock_conv.gen_async_lite_conv.clock_conv_lite_fwd_w/handshake/src_hsdata_ff_reg[3]} \
          {audio_AXI_DMA_i/ps7_0_axi_periph/m00_couplers/auto_cc/inst/gen_clock_conv.gen_async_lite_conv.clock_conv_lite_fwd_w/handshake/src_hsdata_ff_reg[4]} \
          {audio_AXI_DMA_i/ps7_0_axi_periph/m00_couplers/auto_cc/inst/gen_clock_conv.gen_async_lite_conv.clock_conv_lite_fwd_w/handshake/src_hsdata_ff_reg[5]} \
          {audio_AXI_DMA_i/ps7_0_axi_periph/m00_couplers/auto_cc/inst/gen_clock_conv.gen_async_lite_conv.clock_conv_lite_fwd_w/handshake/src_hsdata_ff_reg[6]} \
          {audio_AXI_DMA_i/ps7_0_axi_periph/m00_couplers/auto_cc/inst/gen_clock_conv.gen_async_lite_conv.clock_conv_lite_fwd_w/handshake/src_hsdata_ff_reg[7]} \
          {audio_AXI_DMA_i/ps7_0_axi_periph/m00_couplers/auto_cc/inst/gen_clock_conv.gen_async_lite_conv.clock_conv_lite_fwd_w/handshake/src_hsdata_ff_reg[8]} \
          {audio_AXI_DMA_i/ps7_0_axi_periph/m00_couplers/auto_cc/inst/gen_clock_conv.gen_async_lite_conv.clock_conv_lite_fwd_w/handshake/src_hsdata_ff_reg[9]}]]
                                              [get_cells [list {audio_AXI_DMA_i/ps7_0_axi_periph/m00_couplers/auto_cc/inst/gen_clock_conv.gen_async_lite_conv.clock_conv_lite_fwd_w/handshake/dest_hsdata_ff_reg[0]} \
          {audio_AXI_DMA_i/ps7_0_axi_periph/m00_couplers/auto_cc/inst/gen_clock_conv.gen_async_lite_conv.clock_conv_lite_fwd_w/handshake/dest_hsdata_ff_reg[10]} \
          {audio_AXI_DMA_i/ps7_0_axi_periph/m00_couplers/auto_cc/inst/gen_clock_conv.gen_async_lite_conv.clock_conv_lite_fwd_w/handshake/dest_hsdata_ff_reg[11]} \
          {audio_AXI_DMA_i/ps7_0_axi_periph/m00_couplers/auto_cc/inst/gen_clock_conv.gen_async_lite_conv.clock_conv_lite_fwd_w/handshake/dest_hsdata_ff_reg[12]} \
          {audio_AXI_DMA_i/ps7_0_axi_periph/m00_couplers/auto_cc/inst/gen_clock_conv.gen_async_lite_conv.clock_conv_lite_fwd_w/handshake/dest_hsdata_ff_reg[13]} \
          {audio_AXI_DMA_i/ps7_0_axi_periph/m00_couplers/auto_cc/inst/gen_clock_conv.gen_async_lite_conv.clock_conv_lite_fwd_w/handshake/dest_hsdata_ff_reg[14]} \
          {audio_AXI_DMA_i/ps7_0_axi_periph/m00_couplers/auto_cc/inst/gen_clock_conv.gen_async_lite_conv.clock_conv_lite_fwd_w/handshake/dest_hsdata_ff_reg[15]} \
          {audio_AXI_DMA_i/ps7_0_axi_periph/m00_couplers/auto_cc/inst/gen_clock_conv.gen_async_lite_conv.clock_conv_lite_fwd_w/handshake/dest_hsdata_ff_reg[16]} \
          {audio_AXI_DMA_i/ps7_0_axi_periph/m00_couplers/auto_cc/inst/gen_clock_conv.gen_async_lite_conv.clock_conv_lite_fwd_w/handshake/dest_hsdata_ff_reg[17]} \
          {audio_AXI_DMA_i/ps7_0_axi_periph/m00_couplers/auto_cc/inst/gen_clock_conv.gen_async_lite_conv.clock_conv_lite_fwd_w/handshake/dest_hsdata_ff_reg[18]} \
          {audio_AXI_DMA_i/ps7_0_axi_periph/m00_couplers/auto_cc/inst/gen_clock_conv.gen_async_lite_conv.clock_conv_lite_fwd_w/handshake/dest_hsdata_ff_reg[19]} \
          {audio_AXI_DMA_i/ps7_0_axi_periph/m00_couplers/auto_cc/inst/gen_clock_conv.gen_async_lite_conv.clock_conv_lite_fwd_w/handshake/dest_hsdata_ff_reg[1]} \
          {audio_AXI_DMA_i/ps7_0_axi_periph/m00_couplers/auto_cc/inst/gen_clock_conv.gen_async_lite_conv.clock_conv_lite_fwd_w/handshake/dest_hsdata_ff_reg[20]} \
          {audio_AXI_DMA_i/ps7_0_axi_periph/m00_couplers/auto_cc/inst/gen_clock_conv.gen_async_lite_conv.clock_conv_lite_fwd_w/handshake/dest_hsdata_ff_reg[21]} \
          {audio_AXI_DMA_i/ps7_0_axi_periph/m00_couplers/auto_cc/inst/gen_clock_conv.gen_async_lite_conv.clock_conv_lite_fwd_w/handshake/dest_hsdata_ff_reg[22]} \
          {audio_AXI_DMA_i/ps7_0_axi_periph/m00_couplers/auto_cc/inst/gen_clock_conv.gen_async_lite_conv.clock_conv_lite_fwd_w/handshake/dest_hsdata_ff_reg[23]} \
          {audio_AXI_DMA_i/ps7_0_axi_periph/m00_couplers/auto_cc/inst/gen_clock_conv.gen_async_lite_conv.clock_conv_lite_fwd_w/handshake/dest_hsdata_ff_reg[24]} \
          {audio_AXI_DMA_i/ps7_0_axi_periph/m00_couplers/auto_cc/inst/gen_clock_conv.gen_async_lite_conv.clock_conv_lite_fwd_w/handshake/dest_hsdata_ff_reg[25]} \
          {audio_AXI_DMA_i/ps7_0_axi_periph/m00_couplers/auto_cc/inst/gen_clock_conv.gen_async_lite_conv.clock_conv_lite_fwd_w/handshake/dest_hsdata_ff_reg[26]} \
          {audio_AXI_DMA_i/ps7_0_axi_periph/m00_couplers/auto_cc/inst/gen_clock_conv.gen_async_lite_conv.clock_conv_lite_fwd_w/handshake/dest_hsdata_ff_reg[27]} \
          {audio_AXI_DMA_i/ps7_0_axi_periph/m00_couplers/auto_cc/inst/gen_clock_conv.gen_async_lite_conv.clock_conv_lite_fwd_w/handshake/dest_hsdata_ff_reg[28]} \
          {audio_AXI_DMA_i/ps7_0_axi_periph/m00_couplers/auto_cc/inst/gen_clock_conv.gen_async_lite_conv.clock_conv_lite_fwd_w/handshake/dest_hsdata_ff_reg[29]} \
          {audio_AXI_DMA_i/ps7_0_axi_periph/m00_couplers/auto_cc/inst/gen_clock_conv.gen_async_lite_conv.clock_conv_lite_fwd_w/handshake/dest_hsdata_ff_reg[2]} \
          {audio_AXI_DMA_i/ps7_0_axi_periph/m00_couplers/auto_cc/inst/gen_clock_conv.gen_async_lite_conv.clock_conv_lite_fwd_w/handshake/dest_hsdata_ff_reg[30]} \
          {audio_AXI_DMA_i/ps7_0_axi_periph/m00_couplers/auto_cc/inst/gen_clock_conv.gen_async_lite_conv.clock_conv_lite_fwd_w/handshake/dest_hsdata_ff_reg[31]} \
          {audio_AXI_DMA_i/ps7_0_axi_periph/m00_couplers/auto_cc/inst/gen_clock_conv.gen_async_lite_conv.clock_conv_lite_fwd_w/handshake/dest_hsdata_ff_reg[32]} \
          {audio_AXI_DMA_i/ps7_0_axi_periph/m00_couplers/auto_cc/inst/gen_clock_conv.gen_async_lite_conv.clock_conv_lite_fwd_w/handshake/dest_hsdata_ff_reg[33]} \
          {audio_AXI_DMA_i/ps7_0_axi_periph/m00_couplers/auto_cc/inst/gen_clock_conv.gen_async_lite_conv.clock_conv_lite_fwd_w/handshake/dest_hsdata_ff_reg[34]} \
          {audio_AXI_DMA_i/ps7_0_axi_periph/m00_couplers/auto_cc/inst/gen_clock_conv.gen_async_lite_conv.clock_conv_lite_fwd_w/handshake/dest_hsdata_ff_reg[35]} \
          {audio_AXI_DMA_i/ps7_0_axi_periph/m00_couplers/auto_cc/inst/gen_clock_conv.gen_async_lite_conv.clock_conv_lite_fwd_w/handshake/dest_hsdata_ff_reg[3]} \
          {audio_AXI_DMA_i/ps7_0_axi_periph/m00_couplers/auto_cc/inst/gen_clock_conv.gen_async_lite_conv.clock_conv_lite_fwd_w/handshake/dest_hsdata_ff_reg[4]} \
          {audio_AXI_DMA_i/ps7_0_axi_periph/m00_couplers/auto_cc/inst/gen_clock_conv.gen_async_lite_conv.clock_conv_lite_fwd_w/handshake/dest_hsdata_ff_reg[5]} \
          {audio_AXI_DMA_i/ps7_0_axi_periph/m00_couplers/auto_cc/inst/gen_clock_conv.gen_async_lite_conv.clock_conv_lite_fwd_w/handshake/dest_hsdata_ff_reg[6]} \
          {audio_AXI_DMA_i/ps7_0_axi_periph/m00_couplers/auto_cc/inst/gen_clock_conv.gen_async_lite_conv.clock_conv_lite_fwd_w/handshake/dest_hsdata_ff_reg[7]} \
          {audio_AXI_DMA_i/ps7_0_axi_periph/m00_couplers/auto_cc/inst/gen_clock_conv.gen_async_lite_conv.clock_conv_lite_fwd_w/handshake/dest_hsdata_ff_reg[8]} \
          {audio_AXI_DMA_i/ps7_0_axi_periph/m00_couplers/auto_cc/inst/gen_clock_conv.gen_async_lite_conv.clock_conv_lite_fwd_w/handshake/dest_hsdata_ff_reg[9]}]]
                                                                              Slow            244.125       1.306    242.819
9   40        [get_cells [list {audio_AXI_DMA_i/ps7_0_axi_periph/m00_couplers/auto_cc/inst/gen_clock_conv.gen_async_lite_conv.clock_conv_lite_resp_b/handshake/src_hsdata_ff_reg[0]} {audio_AXI_DMA_i/ps7_0_axi_periph/m00_couplers/auto_cc/inst/gen_clock_conv.gen_async_lite_conv.clock_conv_lite_resp_b/handshake/src_hsdata_ff_reg[1]}]]
                                              [get_cells [list {audio_AXI_DMA_i/ps7_0_axi_periph/m00_couplers/auto_cc/inst/gen_clock_conv.gen_async_lite_conv.clock_conv_lite_resp_b/handshake/dest_hsdata_ff_reg[0]} {audio_AXI_DMA_i/ps7_0_axi_periph/m00_couplers/auto_cc/inst/gen_clock_conv.gen_async_lite_conv.clock_conv_lite_resp_b/handshake/dest_hsdata_ff_reg[1]}]]
                                                                              Slow             30.000       0.596     29.404
10  42        [get_cells [list {audio_AXI_DMA_i/ps7_0_axi_periph/m00_couplers/auto_cc/inst/gen_clock_conv.gen_async_lite_conv.clock_conv_lite_resp_r/handshake/src_hsdata_ff_reg[0]} \
          {audio_AXI_DMA_i/ps7_0_axi_periph/m00_couplers/auto_cc/inst/gen_clock_conv.gen_async_lite_conv.clock_conv_lite_resp_r/handshake/src_hsdata_ff_reg[10]} \
          {audio_AXI_DMA_i/ps7_0_axi_periph/m00_couplers/auto_cc/inst/gen_clock_conv.gen_async_lite_conv.clock_conv_lite_resp_r/handshake/src_hsdata_ff_reg[11]} \
          {audio_AXI_DMA_i/ps7_0_axi_periph/m00_couplers/auto_cc/inst/gen_clock_conv.gen_async_lite_conv.clock_conv_lite_resp_r/handshake/src_hsdata_ff_reg[12]} \
          {audio_AXI_DMA_i/ps7_0_axi_periph/m00_couplers/auto_cc/inst/gen_clock_conv.gen_async_lite_conv.clock_conv_lite_resp_r/handshake/src_hsdata_ff_reg[13]} \
          {audio_AXI_DMA_i/ps7_0_axi_periph/m00_couplers/auto_cc/inst/gen_clock_conv.gen_async_lite_conv.clock_conv_lite_resp_r/handshake/src_hsdata_ff_reg[14]} \
          {audio_AXI_DMA_i/ps7_0_axi_periph/m00_couplers/auto_cc/inst/gen_clock_conv.gen_async_lite_conv.clock_conv_lite_resp_r/handshake/src_hsdata_ff_reg[15]} \
          {audio_AXI_DMA_i/ps7_0_axi_periph/m00_couplers/auto_cc/inst/gen_clock_conv.gen_async_lite_conv.clock_conv_lite_resp_r/handshake/src_hsdata_ff_reg[16]} \
          {audio_AXI_DMA_i/ps7_0_axi_periph/m00_couplers/auto_cc/inst/gen_clock_conv.gen_async_lite_conv.clock_conv_lite_resp_r/handshake/src_hsdata_ff_reg[17]} \
          {audio_AXI_DMA_i/ps7_0_axi_periph/m00_couplers/auto_cc/inst/gen_clock_conv.gen_async_lite_conv.clock_conv_lite_resp_r/handshake/src_hsdata_ff_reg[18]} \
          {audio_AXI_DMA_i/ps7_0_axi_periph/m00_couplers/auto_cc/inst/gen_clock_conv.gen_async_lite_conv.clock_conv_lite_resp_r/handshake/src_hsdata_ff_reg[19]} \
          {audio_AXI_DMA_i/ps7_0_axi_periph/m00_couplers/auto_cc/inst/gen_clock_conv.gen_async_lite_conv.clock_conv_lite_resp_r/handshake/src_hsdata_ff_reg[1]} \
          {audio_AXI_DMA_i/ps7_0_axi_periph/m00_couplers/auto_cc/inst/gen_clock_conv.gen_async_lite_conv.clock_conv_lite_resp_r/handshake/src_hsdata_ff_reg[20]} \
          {audio_AXI_DMA_i/ps7_0_axi_periph/m00_couplers/auto_cc/inst/gen_clock_conv.gen_async_lite_conv.clock_conv_lite_resp_r/handshake/src_hsdata_ff_reg[21]} \
          {audio_AXI_DMA_i/ps7_0_axi_periph/m00_couplers/auto_cc/inst/gen_clock_conv.gen_async_lite_conv.clock_conv_lite_resp_r/handshake/src_hsdata_ff_reg[22]} \
          {audio_AXI_DMA_i/ps7_0_axi_periph/m00_couplers/auto_cc/inst/gen_clock_conv.gen_async_lite_conv.clock_conv_lite_resp_r/handshake/src_hsdata_ff_reg[23]} \
          {audio_AXI_DMA_i/ps7_0_axi_periph/m00_couplers/auto_cc/inst/gen_clock_conv.gen_async_lite_conv.clock_conv_lite_resp_r/handshake/src_hsdata_ff_reg[24]} \
          {audio_AXI_DMA_i/ps7_0_axi_periph/m00_couplers/auto_cc/inst/gen_clock_conv.gen_async_lite_conv.clock_conv_lite_resp_r/handshake/src_hsdata_ff_reg[25]} \
          {audio_AXI_DMA_i/ps7_0_axi_periph/m00_couplers/auto_cc/inst/gen_clock_conv.gen_async_lite_conv.clock_conv_lite_resp_r/handshake/src_hsdata_ff_reg[26]} \
          {audio_AXI_DMA_i/ps7_0_axi_periph/m00_couplers/auto_cc/inst/gen_clock_conv.gen_async_lite_conv.clock_conv_lite_resp_r/handshake/src_hsdata_ff_reg[27]} \
          {audio_AXI_DMA_i/ps7_0_axi_periph/m00_couplers/auto_cc/inst/gen_clock_conv.gen_async_lite_conv.clock_conv_lite_resp_r/handshake/src_hsdata_ff_reg[28]} \
          {audio_AXI_DMA_i/ps7_0_axi_periph/m00_couplers/auto_cc/inst/gen_clock_conv.gen_async_lite_conv.clock_conv_lite_resp_r/handshake/src_hsdata_ff_reg[29]} \
          {audio_AXI_DMA_i/ps7_0_axi_periph/m00_couplers/auto_cc/inst/gen_clock_conv.gen_async_lite_conv.clock_conv_lite_resp_r/handshake/src_hsdata_ff_reg[2]} \
          {audio_AXI_DMA_i/ps7_0_axi_periph/m00_couplers/auto_cc/inst/gen_clock_conv.gen_async_lite_conv.clock_conv_lite_resp_r/handshake/src_hsdata_ff_reg[30]} \
          {audio_AXI_DMA_i/ps7_0_axi_periph/m00_couplers/auto_cc/inst/gen_clock_conv.gen_async_lite_conv.clock_conv_lite_resp_r/handshake/src_hsdata_ff_reg[31]} \
          {audio_AXI_DMA_i/ps7_0_axi_periph/m00_couplers/auto_cc/inst/gen_clock_conv.gen_async_lite_conv.clock_conv_lite_resp_r/handshake/src_hsdata_ff_reg[32]} \
          {audio_AXI_DMA_i/ps7_0_axi_periph/m00_couplers/auto_cc/inst/gen_clock_conv.gen_async_lite_conv.clock_conv_lite_resp_r/handshake/src_hsdata_ff_reg[33]} \
          {audio_AXI_DMA_i/ps7_0_axi_periph/m00_couplers/auto_cc/inst/gen_clock_conv.gen_async_lite_conv.clock_conv_lite_resp_r/handshake/src_hsdata_ff_reg[3]} \
          {audio_AXI_DMA_i/ps7_0_axi_periph/m00_couplers/auto_cc/inst/gen_clock_conv.gen_async_lite_conv.clock_conv_lite_resp_r/handshake/src_hsdata_ff_reg[4]} \
          {audio_AXI_DMA_i/ps7_0_axi_periph/m00_couplers/auto_cc/inst/gen_clock_conv.gen_async_lite_conv.clock_conv_lite_resp_r/handshake/src_hsdata_ff_reg[5]} \
          {audio_AXI_DMA_i/ps7_0_axi_periph/m00_couplers/auto_cc/inst/gen_clock_conv.gen_async_lite_conv.clock_conv_lite_resp_r/handshake/src_hsdata_ff_reg[6]} \
          {audio_AXI_DMA_i/ps7_0_axi_periph/m00_couplers/auto_cc/inst/gen_clock_conv.gen_async_lite_conv.clock_conv_lite_resp_r/handshake/src_hsdata_ff_reg[7]} \
          {audio_AXI_DMA_i/ps7_0_axi_periph/m00_couplers/auto_cc/inst/gen_clock_conv.gen_async_lite_conv.clock_conv_lite_resp_r/handshake/src_hsdata_ff_reg[8]} \
          {audio_AXI_DMA_i/ps7_0_axi_periph/m00_couplers/auto_cc/inst/gen_clock_conv.gen_async_lite_conv.clock_conv_lite_resp_r/handshake/src_hsdata_ff_reg[9]}]]
                                              [get_cells [list {audio_AXI_DMA_i/ps7_0_axi_periph/m00_couplers/auto_cc/inst/gen_clock_conv.gen_async_lite_conv.clock_conv_lite_resp_r/handshake/dest_hsdata_ff_reg[0]} \
          {audio_AXI_DMA_i/ps7_0_axi_periph/m00_couplers/auto_cc/inst/gen_clock_conv.gen_async_lite_conv.clock_conv_lite_resp_r/handshake/dest_hsdata_ff_reg[10]} \
          {audio_AXI_DMA_i/ps7_0_axi_periph/m00_couplers/auto_cc/inst/gen_clock_conv.gen_async_lite_conv.clock_conv_lite_resp_r/handshake/dest_hsdata_ff_reg[11]} \
          {audio_AXI_DMA_i/ps7_0_axi_periph/m00_couplers/auto_cc/inst/gen_clock_conv.gen_async_lite_conv.clock_conv_lite_resp_r/handshake/dest_hsdata_ff_reg[12]} \
          {audio_AXI_DMA_i/ps7_0_axi_periph/m00_couplers/auto_cc/inst/gen_clock_conv.gen_async_lite_conv.clock_conv_lite_resp_r/handshake/dest_hsdata_ff_reg[13]} \
          {audio_AXI_DMA_i/ps7_0_axi_periph/m00_couplers/auto_cc/inst/gen_clock_conv.gen_async_lite_conv.clock_conv_lite_resp_r/handshake/dest_hsdata_ff_reg[14]} \
          {audio_AXI_DMA_i/ps7_0_axi_periph/m00_couplers/auto_cc/inst/gen_clock_conv.gen_async_lite_conv.clock_conv_lite_resp_r/handshake/dest_hsdata_ff_reg[15]} \
          {audio_AXI_DMA_i/ps7_0_axi_periph/m00_couplers/auto_cc/inst/gen_clock_conv.gen_async_lite_conv.clock_conv_lite_resp_r/handshake/dest_hsdata_ff_reg[16]} \
          {audio_AXI_DMA_i/ps7_0_axi_periph/m00_couplers/auto_cc/inst/gen_clock_conv.gen_async_lite_conv.clock_conv_lite_resp_r/handshake/dest_hsdata_ff_reg[17]} \
          {audio_AXI_DMA_i/ps7_0_axi_periph/m00_couplers/auto_cc/inst/gen_clock_conv.gen_async_lite_conv.clock_conv_lite_resp_r/handshake/dest_hsdata_ff_reg[18]} \
          {audio_AXI_DMA_i/ps7_0_axi_periph/m00_couplers/auto_cc/inst/gen_clock_conv.gen_async_lite_conv.clock_conv_lite_resp_r/handshake/dest_hsdata_ff_reg[19]} \
          {audio_AXI_DMA_i/ps7_0_axi_periph/m00_couplers/auto_cc/inst/gen_clock_conv.gen_async_lite_conv.clock_conv_lite_resp_r/handshake/dest_hsdata_ff_reg[1]} \
          {audio_AXI_DMA_i/ps7_0_axi_periph/m00_couplers/auto_cc/inst/gen_clock_conv.gen_async_lite_conv.clock_conv_lite_resp_r/handshake/dest_hsdata_ff_reg[20]} \
          {audio_AXI_DMA_i/ps7_0_axi_periph/m00_couplers/auto_cc/inst/gen_clock_conv.gen_async_lite_conv.clock_conv_lite_resp_r/handshake/dest_hsdata_ff_reg[21]} \
          {audio_AXI_DMA_i/ps7_0_axi_periph/m00_couplers/auto_cc/inst/gen_clock_conv.gen_async_lite_conv.clock_conv_lite_resp_r/handshake/dest_hsdata_ff_reg[22]} \
          {audio_AXI_DMA_i/ps7_0_axi_periph/m00_couplers/auto_cc/inst/gen_clock_conv.gen_async_lite_conv.clock_conv_lite_resp_r/handshake/dest_hsdata_ff_reg[23]} \
          {audio_AXI_DMA_i/ps7_0_axi_periph/m00_couplers/auto_cc/inst/gen_clock_conv.gen_async_lite_conv.clock_conv_lite_resp_r/handshake/dest_hsdata_ff_reg[24]} \
          {audio_AXI_DMA_i/ps7_0_axi_periph/m00_couplers/auto_cc/inst/gen_clock_conv.gen_async_lite_conv.clock_conv_lite_resp_r/handshake/dest_hsdata_ff_reg[25]} \
          {audio_AXI_DMA_i/ps7_0_axi_periph/m00_couplers/auto_cc/inst/gen_clock_conv.gen_async_lite_conv.clock_conv_lite_resp_r/handshake/dest_hsdata_ff_reg[26]} \
          {audio_AXI_DMA_i/ps7_0_axi_periph/m00_couplers/auto_cc/inst/gen_clock_conv.gen_async_lite_conv.clock_conv_lite_resp_r/handshake/dest_hsdata_ff_reg[27]} \
          {audio_AXI_DMA_i/ps7_0_axi_periph/m00_couplers/auto_cc/inst/gen_clock_conv.gen_async_lite_conv.clock_conv_lite_resp_r/handshake/dest_hsdata_ff_reg[28]} \
          {audio_AXI_DMA_i/ps7_0_axi_periph/m00_couplers/auto_cc/inst/gen_clock_conv.gen_async_lite_conv.clock_conv_lite_resp_r/handshake/dest_hsdata_ff_reg[29]} \
          {audio_AXI_DMA_i/ps7_0_axi_periph/m00_couplers/auto_cc/inst/gen_clock_conv.gen_async_lite_conv.clock_conv_lite_resp_r/handshake/dest_hsdata_ff_reg[2]} \
          {audio_AXI_DMA_i/ps7_0_axi_periph/m00_couplers/auto_cc/inst/gen_clock_conv.gen_async_lite_conv.clock_conv_lite_resp_r/handshake/dest_hsdata_ff_reg[30]} \
          {audio_AXI_DMA_i/ps7_0_axi_periph/m00_couplers/auto_cc/inst/gen_clock_conv.gen_async_lite_conv.clock_conv_lite_resp_r/handshake/dest_hsdata_ff_reg[31]} \
          {audio_AXI_DMA_i/ps7_0_axi_periph/m00_couplers/auto_cc/inst/gen_clock_conv.gen_async_lite_conv.clock_conv_lite_resp_r/handshake/dest_hsdata_ff_reg[32]} \
          {audio_AXI_DMA_i/ps7_0_axi_periph/m00_couplers/auto_cc/inst/gen_clock_conv.gen_async_lite_conv.clock_conv_lite_resp_r/handshake/dest_hsdata_ff_reg[33]} \
          {audio_AXI_DMA_i/ps7_0_axi_periph/m00_couplers/auto_cc/inst/gen_clock_conv.gen_async_lite_conv.clock_conv_lite_resp_r/handshake/dest_hsdata_ff_reg[3]} \
          {audio_AXI_DMA_i/ps7_0_axi_periph/m00_couplers/auto_cc/inst/gen_clock_conv.gen_async_lite_conv.clock_conv_lite_resp_r/handshake/dest_hsdata_ff_reg[4]} \
          {audio_AXI_DMA_i/ps7_0_axi_periph/m00_couplers/auto_cc/inst/gen_clock_conv.gen_async_lite_conv.clock_conv_lite_resp_r/handshake/dest_hsdata_ff_reg[5]} \
          {audio_AXI_DMA_i/ps7_0_axi_periph/m00_couplers/auto_cc/inst/gen_clock_conv.gen_async_lite_conv.clock_conv_lite_resp_r/handshake/dest_hsdata_ff_reg[6]} \
          {audio_AXI_DMA_i/ps7_0_axi_periph/m00_couplers/auto_cc/inst/gen_clock_conv.gen_async_lite_conv.clock_conv_lite_resp_r/handshake/dest_hsdata_ff_reg[7]} \
          {audio_AXI_DMA_i/ps7_0_axi_periph/m00_couplers/auto_cc/inst/gen_clock_conv.gen_async_lite_conv.clock_conv_lite_resp_r/handshake/dest_hsdata_ff_reg[8]} \
          {audio_AXI_DMA_i/ps7_0_axi_periph/m00_couplers/auto_cc/inst/gen_clock_conv.gen_async_lite_conv.clock_conv_lite_resp_r/handshake/dest_hsdata_ff_reg[9]}]]
                                                                              Slow             30.000       1.221     28.779
11  44        [get_cells [list {audio_AXI_DMA_i/ps7_0_axi_periph/m00_couplers/auto_cc/inst/gen_clock_conv.gen_async_lite_conv.clock_conv_lite_fwd_aw/handshake/src_hsdata_ff_reg[5]} {audio_AXI_DMA_i/ps7_0_axi_periph/m00_couplers/auto_cc/inst/gen_clock_conv.gen_async_lite_conv.clock_conv_lite_fwd_aw/handshake/src_hsdata_ff_reg[6]} {audio_AXI_DMA_i/ps7_0_axi_periph/m00_couplers/auto_cc/inst/gen_clock_conv.gen_async_lite_conv.clock_conv_lite_fwd_aw/handshake/src_hsdata_ff_reg[7]} {audio_AXI_DMA_i/ps7_0_axi_periph/m00_couplers/auto_cc/inst/gen_clock_conv.gen_async_lite_conv.clock_conv_lite_fwd_aw/handshake/src_hsdata_ff_reg[2]} {audio_AXI_DMA_i/ps7_0_axi_periph/m00_couplers/auto_cc/inst/gen_clock_conv.gen_async_lite_conv.clock_conv_lite_fwd_aw/handshake/src_hsdata_ff_reg[3]} {audio_AXI_DMA_i/ps7_0_axi_periph/m00_couplers/auto_cc/inst/gen_clock_conv.gen_async_lite_conv.clock_conv_lite_fwd_aw/handshake/src_hsdata_ff_reg[4]}]]
                                              [get_cells [list {audio_AXI_DMA_i/ps7_0_axi_periph/m00_couplers/auto_cc/inst/gen_clock_conv.gen_async_lite_conv.clock_conv_lite_fwd_aw/handshake/dest_hsdata_ff_reg[5]} {audio_AXI_DMA_i/ps7_0_axi_periph/m00_couplers/auto_cc/inst/gen_clock_conv.gen_async_lite_conv.clock_conv_lite_fwd_aw/handshake/dest_hsdata_ff_reg[6]} {audio_AXI_DMA_i/ps7_0_axi_periph/m00_couplers/auto_cc/inst/gen_clock_conv.gen_async_lite_conv.clock_conv_lite_fwd_aw/handshake/dest_hsdata_ff_reg[7]} {audio_AXI_DMA_i/ps7_0_axi_periph/m00_couplers/auto_cc/inst/gen_clock_conv.gen_async_lite_conv.clock_conv_lite_fwd_aw/handshake/dest_hsdata_ff_reg[2]} {audio_AXI_DMA_i/ps7_0_axi_periph/m00_couplers/auto_cc/inst/gen_clock_conv.gen_async_lite_conv.clock_conv_lite_fwd_aw/handshake/dest_hsdata_ff_reg[3]} {audio_AXI_DMA_i/ps7_0_axi_periph/m00_couplers/auto_cc/inst/gen_clock_conv.gen_async_lite_conv.clock_conv_lite_fwd_aw/handshake/dest_hsdata_ff_reg[4]}]]
                                                                              Slow            244.125       1.160    242.965


2. Bus Skew Report Per Constraint
---------------------------------

Id: 1
set_bus_skew -from [get_cells [list {audio_AXI_DMA_i/axis_data_fifo_0/inst/gen_fifo.xpm_fifo_axis_inst/gaxis_pkt_fifo_ic.wpkt_cnt_cdc_inst/src_gray_ff_reg[0]} {audio_AXI_DMA_i/axis_data_fifo_0/inst/gen_fifo.xpm_fifo_axis_inst/gaxis_pkt_fifo_ic.wpkt_cnt_cdc_inst/src_gray_ff_reg[1]} {audio_AXI_DMA_i/axis_data_fifo_0/inst/gen_fifo.xpm_fifo_axis_inst/gaxis_pkt_fifo_ic.wpkt_cnt_cdc_inst/src_gray_ff_reg[2]} {audio_AXI_DMA_i/axis_data_fifo_0/inst/gen_fifo.xpm_fifo_axis_inst/gaxis_pkt_fifo_ic.wpkt_cnt_cdc_inst/src_gray_ff_reg[3]} {audio_AXI_DMA_i/axis_data_fifo_0/inst/gen_fifo.xpm_fifo_axis_inst/gaxis_pkt_fifo_ic.wpkt_cnt_cdc_inst/src_gray_ff_reg[4]} {audio_AXI_DMA_i/axis_data_fifo_0/inst/gen_fifo.xpm_fifo_axis_inst/gaxis_pkt_fifo_ic.wpkt_cnt_cdc_inst/src_gray_ff_reg[5]} {audio_AXI_DMA_i/axis_data_fifo_0/inst/gen_fifo.xpm_fifo_axis_inst/gaxis_pkt_fifo_ic.wpkt_cnt_cdc_inst/src_gray_ff_reg[6]} {audio_AXI_DMA_i/axis_data_fifo_0/inst/gen_fifo.xpm_fifo_axis_inst/gaxis_pkt_fifo_ic.wpkt_cnt_cdc_inst/src_gray_ff_reg[7]} {audio_AXI_DMA_i/axis_data_fifo_0/inst/gen_fifo.xpm_fifo_axis_inst/gaxis_pkt_fifo_ic.wpkt_cnt_cdc_inst/src_gray_ff_reg[8]} {audio_AXI_DMA_i/axis_data_fifo_0/inst/gen_fifo.xpm_fifo_axis_inst/gaxis_pkt_fifo_ic.wpkt_cnt_cdc_inst/src_gray_ff_reg[9]}]] -to [get_cells [list {audio_AXI_DMA_i/axis_data_fifo_0/inst/gen_fifo.xpm_fifo_axis_inst/gaxis_pkt_fifo_ic.wpkt_cnt_cdc_inst/dest_graysync_ff_reg[0][0]} {audio_AXI_DMA_i/axis_data_fifo_0/inst/gen_fifo.xpm_fifo_axis_inst/gaxis_pkt_fifo_ic.wpkt_cnt_cdc_inst/dest_graysync_ff_reg[0][1]} {audio_AXI_DMA_i/axis_data_fifo_0/inst/gen_fifo.xpm_fifo_axis_inst/gaxis_pkt_fifo_ic.wpkt_cnt_cdc_inst/dest_graysync_ff_reg[0][2]} {audio_AXI_DMA_i/axis_data_fifo_0/inst/gen_fifo.xpm_fifo_axis_inst/gaxis_pkt_fifo_ic.wpkt_cnt_cdc_inst/dest_graysync_ff_reg[0][3]} {audio_AXI_DMA_i/axis_data_fifo_0/inst/gen_fifo.xpm_fifo_axis_inst/gaxis_pkt_fifo_ic.wpkt_cnt_cdc_inst/dest_graysync_ff_reg[0][4]} {audio_AXI_DMA_i/axis_data_fifo_0/inst/gen_fifo.xpm_fifo_axis_inst/gaxis_pkt_fifo_ic.wpkt_cnt_cdc_inst/dest_graysync_ff_reg[0][5]} {audio_AXI_DMA_i/axis_data_fifo_0/inst/gen_fifo.xpm_fifo_axis_inst/gaxis_pkt_fifo_ic.wpkt_cnt_cdc_inst/dest_graysync_ff_reg[0][6]} {audio_AXI_DMA_i/axis_data_fifo_0/inst/gen_fifo.xpm_fifo_axis_inst/gaxis_pkt_fifo_ic.wpkt_cnt_cdc_inst/dest_graysync_ff_reg[0][7]} {audio_AXI_DMA_i/axis_data_fifo_0/inst/gen_fifo.xpm_fifo_axis_inst/gaxis_pkt_fifo_ic.wpkt_cnt_cdc_inst/dest_graysync_ff_reg[0][8]} {audio_AXI_DMA_i/axis_data_fifo_0/inst/gen_fifo.xpm_fifo_axis_inst/gaxis_pkt_fifo_ic.wpkt_cnt_cdc_inst/dest_graysync_ff_reg[0][9]}]] 10.000
Requirement: 10.000ns
Endpoints: 10

From Clock            To Clock              Endpoint Pin                    Reference Pin                   Corner  Actual(ns)  Slack(ns)
--------------------  --------------------  ------------------------------  ------------------------------  ------  ----------  ---------
clk_out1_audio_AXI_DMA_clk_wiz_0_0
                      clk_fpga_0            audio_AXI_DMA_i/axis_data_fifo_0/inst/gen_fifo.xpm_fifo_axis_inst/gaxis_pkt_fifo_ic.wpkt_cnt_cdc_inst/dest_graysync_ff_reg[0][3]/D
                                                                            audio_AXI_DMA_i/axis_data_fifo_0/inst/gen_fifo.xpm_fifo_axis_inst/gaxis_pkt_fifo_ic.wpkt_cnt_cdc_inst/dest_graysync_ff_reg[0][9]/D
                                                                                                            Slow         0.815      9.185


Slack (MET) :             9.185ns  (requirement - actual skew)
  Endpoint Source:        audio_AXI_DMA_i/axis_data_fifo_0/inst/gen_fifo.xpm_fifo_axis_inst/gaxis_pkt_fifo_ic.wpkt_cnt_cdc_inst/src_gray_ff_reg[3]/C
                            (rising edge-triggered cell FDRE clocked by clk_out1_audio_AXI_DMA_clk_wiz_0_0)
  Endpoint Destination:   audio_AXI_DMA_i/axis_data_fifo_0/inst/gen_fifo.xpm_fifo_axis_inst/gaxis_pkt_fifo_ic.wpkt_cnt_cdc_inst/dest_graysync_ff_reg[0][3]/D
                            (rising edge-triggered cell FDRE clocked by clk_fpga_0)
  Reference Source:       audio_AXI_DMA_i/axis_data_fifo_0/inst/gen_fifo.xpm_fifo_axis_inst/gaxis_pkt_fifo_ic.wpkt_cnt_cdc_inst/src_gray_ff_reg[9]/C
                            (rising edge-triggered cell FDRE clocked by clk_out1_audio_AXI_DMA_clk_wiz_0_0)
  Reference Destination:  audio_AXI_DMA_i/axis_data_fifo_0/inst/gen_fifo.xpm_fifo_axis_inst/gaxis_pkt_fifo_ic.wpkt_cnt_cdc_inst/dest_graysync_ff_reg[0][9]/D
                            (rising edge-triggered cell FDRE clocked by clk_fpga_0)
  Path Type:              Bus Skew (Max at Slow Process Corner)
  Requirement:            10.000ns
  Endpoint Relative Delay:   -1.917ns
  Reference Relative Delay:  -3.627ns
  Relative CRPR:              0.895ns
  Actual Bus Skew:            0.815ns  (Endpoint Relative Delay - Reference Relative Delay - Relative CRPR)

Endpoint path:
    Location             Delay type                Incr(ns)  Path(ns)    Netlist Resource(s)
  -------------------------------------------------------------------    -------------------
                         (clock clk_out1_audio_AXI_DMA_clk_wiz_0_0 rise edge)
                                                      0.000     0.000 r  
    L16                                               0.000     0.000 r  sys_clock (IN)
                         net (fo=0)                   0.000     0.000    audio_AXI_DMA_i/clk_wiz_0/inst/clk_in1
    L16                  IBUF (Prop_ibuf_I_O)         1.491     1.491 r  audio_AXI_DMA_i/clk_wiz_0/inst/clkin1_ibufg/O
                         net (fo=1, routed)           1.285     2.776    audio_AXI_DMA_i/clk_wiz_0/inst/clk_in1_audio_AXI_DMA_clk_wiz_0_0
    MMCME2_ADV_X0Y1      MMCME2_ADV (Prop_mmcme2_adv_CLKIN1_CLKOUT0)
                                                     -6.996    -4.220 r  audio_AXI_DMA_i/clk_wiz_0/inst/mmcm_adv_inst/CLKOUT0
                         net (fo=1, routed)           1.760    -2.460    audio_AXI_DMA_i/clk_wiz_0/inst/clk_out1_audio_AXI_DMA_clk_wiz_0_0
    BUFGCTRL_X0Y16       BUFG (Prop_bufg_I_O)         0.101    -2.359 r  audio_AXI_DMA_i/clk_wiz_0/inst/clkout1_buf/O
                         net (fo=5663, routed)        1.757    -0.602    audio_AXI_DMA_i/axis_data_fifo_0/inst/gen_fifo.xpm_fifo_axis_inst/gaxis_pkt_fifo_ic.wpkt_cnt_cdc_inst/src_clk
    SLICE_X42Y6          FDRE                                         r  audio_AXI_DMA_i/axis_data_fifo_0/inst/gen_fifo.xpm_fifo_axis_inst/gaxis_pkt_fifo_ic.wpkt_cnt_cdc_inst/src_gray_ff_reg[3]/C
  -------------------------------------------------------------------    -------------------
    SLICE_X42Y6          FDRE (Prop_fdre_C_Q)         0.478    -0.124 r  audio_AXI_DMA_i/axis_data_fifo_0/inst/gen_fifo.xpm_fifo_axis_inst/gaxis_pkt_fifo_ic.wpkt_cnt_cdc_inst/src_gray_ff_reg[3]/Q
                         net (fo=1, routed)           0.705     0.581    audio_AXI_DMA_i/axis_data_fifo_0/inst/gen_fifo.xpm_fifo_axis_inst/gaxis_pkt_fifo_ic.wpkt_cnt_cdc_inst/async_path[3]
    SLICE_X43Y6          FDRE                                         r  audio_AXI_DMA_i/axis_data_fifo_0/inst/gen_fifo.xpm_fifo_axis_inst/gaxis_pkt_fifo_ic.wpkt_cnt_cdc_inst/dest_graysync_ff_reg[0][3]/D
  -------------------------------------------------------------------    -------------------

                         (clock clk_fpga_0 rise edge)
                                                      0.000     0.000 r  
    PS7_X0Y0             PS7                          0.000     0.000 r  audio_AXI_DMA_i/processing_system7_0/inst/PS7_i/FCLKCLK[0]
                         net (fo=1, routed)           1.101     1.101    audio_AXI_DMA_i/processing_system7_0/inst/FCLK_CLK_unbuffered[0]
    BUFGCTRL_X0Y0        BUFG (Prop_bufg_I_O)         0.091     1.192 r  audio_AXI_DMA_i/processing_system7_0/inst/buffer_fclk_clk_0.FCLK_CLK_0_BUFG/O
                         net (fo=5252, routed)        1.576     2.768    audio_AXI_DMA_i/axis_data_fifo_0/inst/gen_fifo.xpm_fifo_axis_inst/gaxis_pkt_fifo_ic.wpkt_cnt_cdc_inst/dest_clk
    SLICE_X43Y6          FDRE                                         r  audio_AXI_DMA_i/axis_data_fifo_0/inst/gen_fifo.xpm_fifo_axis_inst/gaxis_pkt_fifo_ic.wpkt_cnt_cdc_inst/dest_graysync_ff_reg[0][3]/C
                         clock pessimism              0.000     2.768    
    SLICE_X43Y6          FDRE (Setup_fdre_C_D)       -0.270     2.498    audio_AXI_DMA_i/axis_data_fifo_0/inst/gen_fifo.xpm_fifo_axis_inst/gaxis_pkt_fifo_ic.wpkt_cnt_cdc_inst/dest_graysync_ff_reg[0][3]
  -------------------------------------------------------------------
                         data arrival                           0.581    
                         clock arrival                          2.498    
  -------------------------------------------------------------------
                         relative delay                        -1.917    

Reference path:
    Location             Delay type                Incr(ns)  Path(ns)    Netlist Resource(s)
  -------------------------------------------------------------------    -------------------
                         (clock clk_out1_audio_AXI_DMA_clk_wiz_0_0 rise edge)
                                                      0.000     0.000 r  
    L16                                               0.000     0.000 r  sys_clock (IN)
                         net (fo=0)                   0.000     0.000    audio_AXI_DMA_i/clk_wiz_0/inst/clk_in1
    L16                  IBUF (Prop_ibuf_I_O)         1.421     1.421 r  audio_AXI_DMA_i/clk_wiz_0/inst/clkin1_ibufg/O
                         net (fo=1, routed)           1.162     2.583    audio_AXI_DMA_i/clk_wiz_0/inst/clk_in1_audio_AXI_DMA_clk_wiz_0_0
    MMCME2_ADV_X0Y1      MMCME2_ADV (Prop_mmcme2_adv_CLKIN1_CLKOUT0)
                                                     -7.105    -4.522 r  audio_AXI_DMA_i/clk_wiz_0/inst/mmcm_adv_inst/CLKOUT0
                         net (fo=1, routed)           1.599    -2.923    audio_AXI_DMA_i/clk_wiz_0/inst/clk_out1_audio_AXI_DMA_clk_wiz_0_0
    BUFGCTRL_X0Y16       BUFG (Prop_bufg_I_O)         0.091    -2.832 r  audio_AXI_DMA_i/clk_wiz_0/inst/clkout1_buf/O
                         net (fo=5663, routed)        1.578    -1.254    audio_AXI_DMA_i/axis_data_fifo_0/inst/gen_fifo.xpm_fifo_axis_inst/gaxis_pkt_fifo_ic.wpkt_cnt_cdc_inst/src_clk
    SLICE_X43Y7          FDRE                                         r  audio_AXI_DMA_i/axis_data_fifo_0/inst/gen_fifo.xpm_fifo_axis_inst/gaxis_pkt_fifo_ic.wpkt_cnt_cdc_inst/src_gray_ff_reg[9]/C
  -------------------------------------------------------------------    -------------------
    SLICE_X43Y7          FDRE (Prop_fdre_C_Q)         0.337    -0.917 r  audio_AXI_DMA_i/axis_data_fifo_0/inst/gen_fifo.xpm_fifo_axis_inst/gaxis_pkt_fifo_ic.wpkt_cnt_cdc_inst/src_gray_ff_reg[9]/Q
                         net (fo=1, routed)           0.379    -0.538    audio_AXI_DMA_i/axis_data_fifo_0/inst/gen_fifo.xpm_fifo_axis_inst/gaxis_pkt_fifo_ic.wpkt_cnt_cdc_inst/async_path[9]
    SLICE_X43Y8          FDRE                                         r  audio_AXI_DMA_i/axis_data_fifo_0/inst/gen_fifo.xpm_fifo_axis_inst/gaxis_pkt_fifo_ic.wpkt_cnt_cdc_inst/dest_graysync_ff_reg[0][9]/D
  -------------------------------------------------------------------    -------------------

                         (clock clk_fpga_0 rise edge)
                                                      0.000     0.000 r  
    PS7_X0Y0             PS7                          0.000     0.000 r  audio_AXI_DMA_i/processing_system7_0/inst/PS7_i/FCLKCLK[0]
                         net (fo=1, routed)           1.207     1.207    audio_AXI_DMA_i/processing_system7_0/inst/FCLK_CLK_unbuffered[0]
    BUFGCTRL_X0Y0        BUFG (Prop_bufg_I_O)         0.101     1.308 r  audio_AXI_DMA_i/processing_system7_0/inst/buffer_fclk_clk_0.FCLK_CLK_0_BUFG/O
                         net (fo=5252, routed)        1.753     3.061    audio_AXI_DMA_i/axis_data_fifo_0/inst/gen_fifo.xpm_fifo_axis_inst/gaxis_pkt_fifo_ic.wpkt_cnt_cdc_inst/dest_clk
    SLICE_X43Y8          FDRE                                         r  audio_AXI_DMA_i/axis_data_fifo_0/inst/gen_fifo.xpm_fifo_axis_inst/gaxis_pkt_fifo_ic.wpkt_cnt_cdc_inst/dest_graysync_ff_reg[0][9]/C
                         clock pessimism              0.000     3.061    
    SLICE_X43Y8          FDRE (Hold_fdre_C_D)         0.028     3.089    audio_AXI_DMA_i/axis_data_fifo_0/inst/gen_fifo.xpm_fifo_axis_inst/gaxis_pkt_fifo_ic.wpkt_cnt_cdc_inst/dest_graysync_ff_reg[0][9]
  -------------------------------------------------------------------
                         data arrival                          -0.538    
                         clock arrival                          3.089    
  -------------------------------------------------------------------
                         relative delay                        -3.627    



Id: 2
set_bus_skew -from [get_cells [list {audio_AXI_DMA_i/axis_data_fifo_0/inst/gen_fifo.xpm_fifo_axis_inst/xpm_fifo_base_inst/gen_cdc_pntr.rd_pntr_cdc_inst/src_gray_ff_reg[0]} {audio_AXI_DMA_i/axis_data_fifo_0/inst/gen_fifo.xpm_fifo_axis_inst/xpm_fifo_base_inst/gen_cdc_pntr.rd_pntr_cdc_inst/src_gray_ff_reg[1]} {audio_AXI_DMA_i/axis_data_fifo_0/inst/gen_fifo.xpm_fifo_axis_inst/xpm_fifo_base_inst/gen_cdc_pntr.rd_pntr_cdc_inst/src_gray_ff_reg[2]} {audio_AXI_DMA_i/axis_data_fifo_0/inst/gen_fifo.xpm_fifo_axis_inst/xpm_fifo_base_inst/gen_cdc_pntr.rd_pntr_cdc_inst/src_gray_ff_reg[3]} {audio_AXI_DMA_i/axis_data_fifo_0/inst/gen_fifo.xpm_fifo_axis_inst/xpm_fifo_base_inst/gen_cdc_pntr.rd_pntr_cdc_inst/src_gray_ff_reg[4]} {audio_AXI_DMA_i/axis_data_fifo_0/inst/gen_fifo.xpm_fifo_axis_inst/xpm_fifo_base_inst/gen_cdc_pntr.rd_pntr_cdc_inst/src_gray_ff_reg[5]} {audio_AXI_DMA_i/axis_data_fifo_0/inst/gen_fifo.xpm_fifo_axis_inst/xpm_fifo_base_inst/gen_cdc_pntr.rd_pntr_cdc_inst/src_gray_ff_reg[6]} {audio_AXI_DMA_i/axis_data_fifo_0/inst/gen_fifo.xpm_fifo_axis_inst/xpm_fifo_base_inst/gen_cdc_pntr.rd_pntr_cdc_inst/src_gray_ff_reg[7]} {audio_AXI_DMA_i/axis_data_fifo_0/inst/gen_fifo.xpm_fifo_axis_inst/xpm_fifo_base_inst/gen_cdc_pntr.rd_pntr_cdc_inst/src_gray_ff_reg[8]} {audio_AXI_DMA_i/axis_data_fifo_0/inst/gen_fifo.xpm_fifo_axis_inst/xpm_fifo_base_inst/gen_cdc_pntr.rd_pntr_cdc_inst/src_gray_ff_reg[9]}]] -to [get_cells [list {audio_AXI_DMA_i/axis_data_fifo_0/inst/gen_fifo.xpm_fifo_axis_inst/xpm_fifo_base_inst/gen_cdc_pntr.rd_pntr_cdc_inst/dest_graysync_ff_reg[0][0]} {audio_AXI_DMA_i/axis_data_fifo_0/inst/gen_fifo.xpm_fifo_axis_inst/xpm_fifo_base_inst/gen_cdc_pntr.rd_pntr_cdc_inst/dest_graysync_ff_reg[0][1]} {audio_AXI_DMA_i/axis_data_fifo_0/inst/gen_fifo.xpm_fifo_axis_inst/xpm_fifo_base_inst/gen_cdc_pntr.rd_pntr_cdc_inst/dest_graysync_ff_reg[0][2]} {audio_AXI_DMA_i/axis_data_fifo_0/inst/gen_fifo.xpm_fifo_axis_inst/xpm_fifo_base_inst/gen_cdc_pntr.rd_pntr_cdc_inst/dest_graysync_ff_reg[0][3]} {audio_AXI_DMA_i/axis_data_fifo_0/inst/gen_fifo.xpm_fifo_axis_inst/xpm_fifo_base_inst/gen_cdc_pntr.rd_pntr_cdc_inst/dest_graysync_ff_reg[0][4]} {audio_AXI_DMA_i/axis_data_fifo_0/inst/gen_fifo.xpm_fifo_axis_inst/xpm_fifo_base_inst/gen_cdc_pntr.rd_pntr_cdc_inst/dest_graysync_ff_reg[0][5]} {audio_AXI_DMA_i/axis_data_fifo_0/inst/gen_fifo.xpm_fifo_axis_inst/xpm_fifo_base_inst/gen_cdc_pntr.rd_pntr_cdc_inst/dest_graysync_ff_reg[0][6]} {audio_AXI_DMA_i/axis_data_fifo_0/inst/gen_fifo.xpm_fifo_axis_inst/xpm_fifo_base_inst/gen_cdc_pntr.rd_pntr_cdc_inst/dest_graysync_ff_reg[0][7]} {audio_AXI_DMA_i/axis_data_fifo_0/inst/gen_fifo.xpm_fifo_axis_inst/xpm_fifo_base_inst/gen_cdc_pntr.rd_pntr_cdc_inst/dest_graysync_ff_reg[0][8]} {audio_AXI_DMA_i/axis_data_fifo_0/inst/gen_fifo.xpm_fifo_axis_inst/xpm_fifo_base_inst/gen_cdc_pntr.rd_pntr_cdc_inst/dest_graysync_ff_reg[0][9]}]] 10.000
Requirement: 10.000ns
Endpoints: 10

From Clock            To Clock              Endpoint Pin                    Reference Pin                   Corner  Actual(ns)  Slack(ns)
--------------------  --------------------  ------------------------------  ------------------------------  ------  ----------  ---------
clk_fpga_0            clk_out1_audio_AXI_DMA_clk_wiz_0_0
                                            audio_AXI_DMA_i/axis_data_fifo_0/inst/gen_fifo.xpm_fifo_axis_inst/xpm_fifo_base_inst/gen_cdc_pntr.rd_pntr_cdc_inst/dest_graysync_ff_reg[0][5]/D
                                                                            audio_AXI_DMA_i/axis_data_fifo_0/inst/gen_fifo.xpm_fifo_axis_inst/xpm_fifo_base_inst/gen_cdc_pntr.rd_pntr_cdc_inst/dest_graysync_ff_reg[0][4]/D
                                                                                                            Slow         0.959      9.041


Slack (MET) :             9.041ns  (requirement - actual skew)
  Endpoint Source:        audio_AXI_DMA_i/axis_data_fifo_0/inst/gen_fifo.xpm_fifo_axis_inst/xpm_fifo_base_inst/gen_cdc_pntr.rd_pntr_cdc_inst/src_gray_ff_reg[5]/C
                            (rising edge-triggered cell FDRE clocked by clk_fpga_0)
  Endpoint Destination:   audio_AXI_DMA_i/axis_data_fifo_0/inst/gen_fifo.xpm_fifo_axis_inst/xpm_fifo_base_inst/gen_cdc_pntr.rd_pntr_cdc_inst/dest_graysync_ff_reg[0][5]/D
                            (rising edge-triggered cell FDRE clocked by clk_out1_audio_AXI_DMA_clk_wiz_0_0)
  Reference Source:       audio_AXI_DMA_i/axis_data_fifo_0/inst/gen_fifo.xpm_fifo_axis_inst/xpm_fifo_base_inst/gen_cdc_pntr.rd_pntr_cdc_inst/src_gray_ff_reg[4]/C
                            (rising edge-triggered cell FDRE clocked by clk_fpga_0)
  Reference Destination:  audio_AXI_DMA_i/axis_data_fifo_0/inst/gen_fifo.xpm_fifo_axis_inst/xpm_fifo_base_inst/gen_cdc_pntr.rd_pntr_cdc_inst/dest_graysync_ff_reg[0][4]/D
                            (rising edge-triggered cell FDRE clocked by clk_out1_audio_AXI_DMA_clk_wiz_0_0)
  Path Type:              Bus Skew (Max at Slow Process Corner)
  Requirement:            10.000ns
  Endpoint Relative Delay:    5.826ns
  Reference Relative Delay:   3.949ns
  Relative CRPR:              0.918ns
  Actual Bus Skew:            0.959ns  (Endpoint Relative Delay - Reference Relative Delay - Relative CRPR)

Endpoint path:
    Location             Delay type                Incr(ns)  Path(ns)    Netlist Resource(s)
  -------------------------------------------------------------------    -------------------
                         (clock clk_fpga_0 rise edge)
                                                      0.000     0.000 r  
    PS7_X0Y0             PS7                          0.000     0.000 r  audio_AXI_DMA_i/processing_system7_0/inst/PS7_i/FCLKCLK[0]
                         net (fo=1, routed)           1.207     1.207    audio_AXI_DMA_i/processing_system7_0/inst/FCLK_CLK_unbuffered[0]
    BUFGCTRL_X0Y0        BUFG (Prop_bufg_I_O)         0.101     1.308 r  audio_AXI_DMA_i/processing_system7_0/inst/buffer_fclk_clk_0.FCLK_CLK_0_BUFG/O
                         net (fo=5252, routed)        1.752     3.060    audio_AXI_DMA_i/axis_data_fifo_0/inst/gen_fifo.xpm_fifo_axis_inst/xpm_fifo_base_inst/gen_cdc_pntr.rd_pntr_cdc_inst/src_clk
    SLICE_X37Y3          FDRE                                         r  audio_AXI_DMA_i/axis_data_fifo_0/inst/gen_fifo.xpm_fifo_axis_inst/xpm_fifo_base_inst/gen_cdc_pntr.rd_pntr_cdc_inst/src_gray_ff_reg[5]/C
  -------------------------------------------------------------------    -------------------
    SLICE_X37Y3          FDRE (Prop_fdre_C_Q)         0.419     3.479 r  audio_AXI_DMA_i/axis_data_fifo_0/inst/gen_fifo.xpm_fifo_axis_inst/xpm_fifo_base_inst/gen_cdc_pntr.rd_pntr_cdc_inst/src_gray_ff_reg[5]/Q
                         net (fo=1, routed)           0.827     4.306    audio_AXI_DMA_i/axis_data_fifo_0/inst/gen_fifo.xpm_fifo_axis_inst/xpm_fifo_base_inst/gen_cdc_pntr.rd_pntr_cdc_inst/async_path[5]
    SLICE_X36Y2          FDRE                                         r  audio_AXI_DMA_i/axis_data_fifo_0/inst/gen_fifo.xpm_fifo_axis_inst/xpm_fifo_base_inst/gen_cdc_pntr.rd_pntr_cdc_inst/dest_graysync_ff_reg[0][5]/D
  -------------------------------------------------------------------    -------------------

                         (clock clk_out1_audio_AXI_DMA_clk_wiz_0_0 rise edge)
                                                      0.000     0.000 r  
    L16                                               0.000     0.000 r  sys_clock (IN)
                         net (fo=0)                   0.000     0.000    audio_AXI_DMA_i/clk_wiz_0/inst/clk_in1
    L16                  IBUF (Prop_ibuf_I_O)         1.421     1.421 r  audio_AXI_DMA_i/clk_wiz_0/inst/clkin1_ibufg/O
                         net (fo=1, routed)           1.162     2.583    audio_AXI_DMA_i/clk_wiz_0/inst/clk_in1_audio_AXI_DMA_clk_wiz_0_0
    MMCME2_ADV_X0Y1      MMCME2_ADV (Prop_mmcme2_adv_CLKIN1_CLKOUT0)
                                                     -7.105    -4.522 r  audio_AXI_DMA_i/clk_wiz_0/inst/mmcm_adv_inst/CLKOUT0
                         net (fo=1, routed)           1.599    -2.923    audio_AXI_DMA_i/clk_wiz_0/inst/clk_out1_audio_AXI_DMA_clk_wiz_0_0
    BUFGCTRL_X0Y16       BUFG (Prop_bufg_I_O)         0.091    -2.832 r  audio_AXI_DMA_i/clk_wiz_0/inst/clkout1_buf/O
                         net (fo=5663, routed)        1.579    -1.253    audio_AXI_DMA_i/axis_data_fifo_0/inst/gen_fifo.xpm_fifo_axis_inst/xpm_fifo_base_inst/gen_cdc_pntr.rd_pntr_cdc_inst/dest_clk
    SLICE_X36Y2          FDRE                                         r  audio_AXI_DMA_i/axis_data_fifo_0/inst/gen_fifo.xpm_fifo_axis_inst/xpm_fifo_base_inst/gen_cdc_pntr.rd_pntr_cdc_inst/dest_graysync_ff_reg[0][5]/C
                         clock pessimism              0.000    -1.253    
    SLICE_X36Y2          FDRE (Setup_fdre_C_D)       -0.267    -1.520    audio_AXI_DMA_i/axis_data_fifo_0/inst/gen_fifo.xpm_fifo_axis_inst/xpm_fifo_base_inst/gen_cdc_pntr.rd_pntr_cdc_inst/dest_graysync_ff_reg[0][5]
  -------------------------------------------------------------------
                         data arrival                           4.306    
                         clock arrival                         -1.520    
  -------------------------------------------------------------------
                         relative delay                         5.826    

Reference path:
    Location             Delay type                Incr(ns)  Path(ns)    Netlist Resource(s)
  -------------------------------------------------------------------    -------------------
                         (clock clk_fpga_0 rise edge)
                                                      0.000     0.000 r  
    PS7_X0Y0             PS7                          0.000     0.000 r  audio_AXI_DMA_i/processing_system7_0/inst/PS7_i/FCLKCLK[0]
                         net (fo=1, routed)           1.101     1.101    audio_AXI_DMA_i/processing_system7_0/inst/FCLK_CLK_unbuffered[0]
    BUFGCTRL_X0Y0        BUFG (Prop_bufg_I_O)         0.091     1.192 r  audio_AXI_DMA_i/processing_system7_0/inst/buffer_fclk_clk_0.FCLK_CLK_0_BUFG/O
                         net (fo=5252, routed)        1.575     2.767    audio_AXI_DMA_i/axis_data_fifo_0/inst/gen_fifo.xpm_fifo_axis_inst/xpm_fifo_base_inst/gen_cdc_pntr.rd_pntr_cdc_inst/src_clk
    SLICE_X37Y3          FDRE                                         r  audio_AXI_DMA_i/axis_data_fifo_0/inst/gen_fifo.xpm_fifo_axis_inst/xpm_fifo_base_inst/gen_cdc_pntr.rd_pntr_cdc_inst/src_gray_ff_reg[4]/C
  -------------------------------------------------------------------    -------------------
    SLICE_X37Y3          FDRE (Prop_fdre_C_Q)         0.367     3.134 r  audio_AXI_DMA_i/axis_data_fifo_0/inst/gen_fifo.xpm_fifo_axis_inst/xpm_fifo_base_inst/gen_cdc_pntr.rd_pntr_cdc_inst/src_gray_ff_reg[4]/Q
                         net (fo=1, routed)           0.380     3.515    audio_AXI_DMA_i/axis_data_fifo_0/inst/gen_fifo.xpm_fifo_axis_inst/xpm_fifo_base_inst/gen_cdc_pntr.rd_pntr_cdc_inst/async_path[4]
    SLICE_X36Y1          FDRE                                         r  audio_AXI_DMA_i/axis_data_fifo_0/inst/gen_fifo.xpm_fifo_axis_inst/xpm_fifo_base_inst/gen_cdc_pntr.rd_pntr_cdc_inst/dest_graysync_ff_reg[0][4]/D
  -------------------------------------------------------------------    -------------------

                         (clock clk_out1_audio_AXI_DMA_clk_wiz_0_0 rise edge)
                                                      0.000     0.000 r  
    L16                                               0.000     0.000 r  sys_clock (IN)
                         net (fo=0)                   0.000     0.000    audio_AXI_DMA_i/clk_wiz_0/inst/clk_in1
    L16                  IBUF (Prop_ibuf_I_O)         1.491     1.491 r  audio_AXI_DMA_i/clk_wiz_0/inst/clkin1_ibufg/O
                         net (fo=1, routed)           1.285     2.776    audio_AXI_DMA_i/clk_wiz_0/inst/clk_in1_audio_AXI_DMA_clk_wiz_0_0
    MMCME2_ADV_X0Y1      MMCME2_ADV (Prop_mmcme2_adv_CLKIN1_CLKOUT0)
                                                     -6.996    -4.220 r  audio_AXI_DMA_i/clk_wiz_0/inst/mmcm_adv_inst/CLKOUT0
                         net (fo=1, routed)           1.760    -2.460    audio_AXI_DMA_i/clk_wiz_0/inst/clk_out1_audio_AXI_DMA_clk_wiz_0_0
    BUFGCTRL_X0Y16       BUFG (Prop_bufg_I_O)         0.101    -2.359 r  audio_AXI_DMA_i/clk_wiz_0/inst/clkout1_buf/O
                         net (fo=5663, routed)        1.756    -0.603    audio_AXI_DMA_i/axis_data_fifo_0/inst/gen_fifo.xpm_fifo_axis_inst/xpm_fifo_base_inst/gen_cdc_pntr.rd_pntr_cdc_inst/dest_clk
    SLICE_X36Y1          FDRE                                         r  audio_AXI_DMA_i/axis_data_fifo_0/inst/gen_fifo.xpm_fifo_axis_inst/xpm_fifo_base_inst/gen_cdc_pntr.rd_pntr_cdc_inst/dest_graysync_ff_reg[0][4]/C
                         clock pessimism              0.000    -0.603    
    SLICE_X36Y1          FDRE (Hold_fdre_C_D)         0.169    -0.434    audio_AXI_DMA_i/axis_data_fifo_0/inst/gen_fifo.xpm_fifo_axis_inst/xpm_fifo_base_inst/gen_cdc_pntr.rd_pntr_cdc_inst/dest_graysync_ff_reg[0][4]
  -------------------------------------------------------------------
                         data arrival                           3.515    
                         clock arrival                         -0.434    
  -------------------------------------------------------------------
                         relative delay                         3.949    



Id: 3
set_bus_skew -from [get_cells [list {audio_AXI_DMA_i/axis_data_fifo_0/inst/gen_fifo.xpm_fifo_axis_inst/xpm_fifo_base_inst/gen_cdc_pntr.wr_pntr_cdc_inst/src_gray_ff_reg[0]} {audio_AXI_DMA_i/axis_data_fifo_0/inst/gen_fifo.xpm_fifo_axis_inst/xpm_fifo_base_inst/gen_cdc_pntr.wr_pntr_cdc_inst/src_gray_ff_reg[1]} {audio_AXI_DMA_i/axis_data_fifo_0/inst/gen_fifo.xpm_fifo_axis_inst/xpm_fifo_base_inst/gen_cdc_pntr.wr_pntr_cdc_inst/src_gray_ff_reg[2]} {audio_AXI_DMA_i/axis_data_fifo_0/inst/gen_fifo.xpm_fifo_axis_inst/xpm_fifo_base_inst/gen_cdc_pntr.wr_pntr_cdc_inst/src_gray_ff_reg[3]} {audio_AXI_DMA_i/axis_data_fifo_0/inst/gen_fifo.xpm_fifo_axis_inst/xpm_fifo_base_inst/gen_cdc_pntr.wr_pntr_cdc_inst/src_gray_ff_reg[4]} {audio_AXI_DMA_i/axis_data_fifo_0/inst/gen_fifo.xpm_fifo_axis_inst/xpm_fifo_base_inst/gen_cdc_pntr.wr_pntr_cdc_inst/src_gray_ff_reg[5]} {audio_AXI_DMA_i/axis_data_fifo_0/inst/gen_fifo.xpm_fifo_axis_inst/xpm_fifo_base_inst/gen_cdc_pntr.wr_pntr_cdc_inst/src_gray_ff_reg[6]} {audio_AXI_DMA_i/axis_data_fifo_0/inst/gen_fifo.xpm_fifo_axis_inst/xpm_fifo_base_inst/gen_cdc_pntr.wr_pntr_cdc_inst/src_gray_ff_reg[7]} {audio_AXI_DMA_i/axis_data_fifo_0/inst/gen_fifo.xpm_fifo_axis_inst/xpm_fifo_base_inst/gen_cdc_pntr.wr_pntr_cdc_inst/src_gray_ff_reg[8]} {audio_AXI_DMA_i/axis_data_fifo_0/inst/gen_fifo.xpm_fifo_axis_inst/xpm_fifo_base_inst/gen_cdc_pntr.wr_pntr_cdc_inst/src_gray_ff_reg[9]}]] -to [get_cells [list {audio_AXI_DMA_i/axis_data_fifo_0/inst/gen_fifo.xpm_fifo_axis_inst/xpm_fifo_base_inst/gen_cdc_pntr.wr_pntr_cdc_inst/dest_graysync_ff_reg[0][0]} {audio_AXI_DMA_i/axis_data_fifo_0/inst/gen_fifo.xpm_fifo_axis_inst/xpm_fifo_base_inst/gen_cdc_pntr.wr_pntr_cdc_inst/dest_graysync_ff_reg[0][1]} {audio_AXI_DMA_i/axis_data_fifo_0/inst/gen_fifo.xpm_fifo_axis_inst/xpm_fifo_base_inst/gen_cdc_pntr.wr_pntr_cdc_inst/dest_graysync_ff_reg[0][2]} {audio_AXI_DMA_i/axis_data_fifo_0/inst/gen_fifo.xpm_fifo_axis_inst/xpm_fifo_base_inst/gen_cdc_pntr.wr_pntr_cdc_inst/dest_graysync_ff_reg[0][3]} {audio_AXI_DMA_i/axis_data_fifo_0/inst/gen_fifo.xpm_fifo_axis_inst/xpm_fifo_base_inst/gen_cdc_pntr.wr_pntr_cdc_inst/dest_graysync_ff_reg[0][4]} {audio_AXI_DMA_i/axis_data_fifo_0/inst/gen_fifo.xpm_fifo_axis_inst/xpm_fifo_base_inst/gen_cdc_pntr.wr_pntr_cdc_inst/dest_graysync_ff_reg[0][5]} {audio_AXI_DMA_i/axis_data_fifo_0/inst/gen_fifo.xpm_fifo_axis_inst/xpm_fifo_base_inst/gen_cdc_pntr.wr_pntr_cdc_inst/dest_graysync_ff_reg[0][6]} {audio_AXI_DMA_i/axis_data_fifo_0/inst/gen_fifo.xpm_fifo_axis_inst/xpm_fifo_base_inst/gen_cdc_pntr.wr_pntr_cdc_inst/dest_graysync_ff_reg[0][7]} {audio_AXI_DMA_i/axis_data_fifo_0/inst/gen_fifo.xpm_fifo_axis_inst/xpm_fifo_base_inst/gen_cdc_pntr.wr_pntr_cdc_inst/dest_graysync_ff_reg[0][8]} {audio_AXI_DMA_i/axis_data_fifo_0/inst/gen_fifo.xpm_fifo_axis_inst/xpm_fifo_base_inst/gen_cdc_pntr.wr_pntr_cdc_inst/dest_graysync_ff_reg[0][9]}]] 10.000
Requirement: 10.000ns
Endpoints: 10

From Clock            To Clock              Endpoint Pin                    Reference Pin                   Corner  Actual(ns)  Slack(ns)
--------------------  --------------------  ------------------------------  ------------------------------  ------  ----------  ---------
clk_out1_audio_AXI_DMA_clk_wiz_0_0
                      clk_fpga_0            audio_AXI_DMA_i/axis_data_fifo_0/inst/gen_fifo.xpm_fifo_axis_inst/xpm_fifo_base_inst/gen_cdc_pntr.wr_pntr_cdc_inst/dest_graysync_ff_reg[0][6]/D
                                                                            audio_AXI_DMA_i/axis_data_fifo_0/inst/gen_fifo.xpm_fifo_axis_inst/xpm_fifo_base_inst/gen_cdc_pntr.wr_pntr_cdc_inst/dest_graysync_ff_reg[0][2]/D
                                                                                                            Slow         0.980      9.020


Slack (MET) :             9.020ns  (requirement - actual skew)
  Endpoint Source:        audio_AXI_DMA_i/axis_data_fifo_0/inst/gen_fifo.xpm_fifo_axis_inst/xpm_fifo_base_inst/gen_cdc_pntr.wr_pntr_cdc_inst/src_gray_ff_reg[6]/C
                            (rising edge-triggered cell FDRE clocked by clk_out1_audio_AXI_DMA_clk_wiz_0_0)
  Endpoint Destination:   audio_AXI_DMA_i/axis_data_fifo_0/inst/gen_fifo.xpm_fifo_axis_inst/xpm_fifo_base_inst/gen_cdc_pntr.wr_pntr_cdc_inst/dest_graysync_ff_reg[0][6]/D
                            (rising edge-triggered cell FDRE clocked by clk_fpga_0)
  Reference Source:       audio_AXI_DMA_i/axis_data_fifo_0/inst/gen_fifo.xpm_fifo_axis_inst/xpm_fifo_base_inst/gen_cdc_pntr.wr_pntr_cdc_inst/src_gray_ff_reg[2]/C
                            (rising edge-triggered cell FDRE clocked by clk_out1_audio_AXI_DMA_clk_wiz_0_0)
  Reference Destination:  audio_AXI_DMA_i/axis_data_fifo_0/inst/gen_fifo.xpm_fifo_axis_inst/xpm_fifo_base_inst/gen_cdc_pntr.wr_pntr_cdc_inst/dest_graysync_ff_reg[0][2]/D
                            (rising edge-triggered cell FDRE clocked by clk_fpga_0)
  Path Type:              Bus Skew (Max at Slow Process Corner)
  Requirement:            10.000ns
  Endpoint Relative Delay:   -1.969ns
  Reference Relative Delay:  -3.801ns
  Relative CRPR:              0.853ns
  Actual Bus Skew:            0.980ns  (Endpoint Relative Delay - Reference Relative Delay - Relative CRPR)

Endpoint path:
    Location             Delay type                Incr(ns)  Path(ns)    Netlist Resource(s)
  -------------------------------------------------------------------    -------------------
                         (clock clk_out1_audio_AXI_DMA_clk_wiz_0_0 rise edge)
                                                      0.000     0.000 r  
    L16                                               0.000     0.000 r  sys_clock (IN)
                         net (fo=0)                   0.000     0.000    audio_AXI_DMA_i/clk_wiz_0/inst/clk_in1
    L16                  IBUF (Prop_ibuf_I_O)         1.491     1.491 r  audio_AXI_DMA_i/clk_wiz_0/inst/clkin1_ibufg/O
                         net (fo=1, routed)           1.285     2.776    audio_AXI_DMA_i/clk_wiz_0/inst/clk_in1_audio_AXI_DMA_clk_wiz_0_0
    MMCME2_ADV_X0Y1      MMCME2_ADV (Prop_mmcme2_adv_CLKIN1_CLKOUT0)
                                                     -6.996    -4.220 r  audio_AXI_DMA_i/clk_wiz_0/inst/mmcm_adv_inst/CLKOUT0
                         net (fo=1, routed)           1.760    -2.460    audio_AXI_DMA_i/clk_wiz_0/inst/clk_out1_audio_AXI_DMA_clk_wiz_0_0
    BUFGCTRL_X0Y16       BUFG (Prop_bufg_I_O)         0.101    -2.359 r  audio_AXI_DMA_i/clk_wiz_0/inst/clkout1_buf/O
                         net (fo=5663, routed)        1.677    -0.682    audio_AXI_DMA_i/axis_data_fifo_0/inst/gen_fifo.xpm_fifo_axis_inst/xpm_fifo_base_inst/gen_cdc_pntr.wr_pntr_cdc_inst/src_clk
    SLICE_X35Y5          FDRE                                         r  audio_AXI_DMA_i/axis_data_fifo_0/inst/gen_fifo.xpm_fifo_axis_inst/xpm_fifo_base_inst/gen_cdc_pntr.wr_pntr_cdc_inst/src_gray_ff_reg[6]/C
  -------------------------------------------------------------------    -------------------
    SLICE_X35Y5          FDRE (Prop_fdre_C_Q)         0.456    -0.226 r  audio_AXI_DMA_i/axis_data_fifo_0/inst/gen_fifo.xpm_fifo_axis_inst/xpm_fifo_base_inst/gen_cdc_pntr.wr_pntr_cdc_inst/src_gray_ff_reg[6]/Q
                         net (fo=1, routed)           0.856     0.630    audio_AXI_DMA_i/axis_data_fifo_0/inst/gen_fifo.xpm_fifo_axis_inst/xpm_fifo_base_inst/gen_cdc_pntr.wr_pntr_cdc_inst/async_path[6]
    SLICE_X35Y6          FDRE                                         r  audio_AXI_DMA_i/axis_data_fifo_0/inst/gen_fifo.xpm_fifo_axis_inst/xpm_fifo_base_inst/gen_cdc_pntr.wr_pntr_cdc_inst/dest_graysync_ff_reg[0][6]/D
  -------------------------------------------------------------------    -------------------

                         (clock clk_fpga_0 rise edge)
                                                      0.000     0.000 r  
    PS7_X0Y0             PS7                          0.000     0.000 r  audio_AXI_DMA_i/processing_system7_0/inst/PS7_i/FCLKCLK[0]
                         net (fo=1, routed)           1.101     1.101    audio_AXI_DMA_i/processing_system7_0/inst/FCLK_CLK_unbuffered[0]
    BUFGCTRL_X0Y0        BUFG (Prop_bufg_I_O)         0.091     1.192 r  audio_AXI_DMA_i/processing_system7_0/inst/buffer_fclk_clk_0.FCLK_CLK_0_BUFG/O
                         net (fo=5252, routed)        1.500     2.692    audio_AXI_DMA_i/axis_data_fifo_0/inst/gen_fifo.xpm_fifo_axis_inst/xpm_fifo_base_inst/gen_cdc_pntr.wr_pntr_cdc_inst/dest_clk
    SLICE_X35Y6          FDRE                                         r  audio_AXI_DMA_i/axis_data_fifo_0/inst/gen_fifo.xpm_fifo_axis_inst/xpm_fifo_base_inst/gen_cdc_pntr.wr_pntr_cdc_inst/dest_graysync_ff_reg[0][6]/C
                         clock pessimism              0.000     2.692    
    SLICE_X35Y6          FDRE (Setup_fdre_C_D)       -0.093     2.599    audio_AXI_DMA_i/axis_data_fifo_0/inst/gen_fifo.xpm_fifo_axis_inst/xpm_fifo_base_inst/gen_cdc_pntr.wr_pntr_cdc_inst/dest_graysync_ff_reg[0][6]
  -------------------------------------------------------------------
                         data arrival                           0.630    
                         clock arrival                          2.599    
  -------------------------------------------------------------------
                         relative delay                        -1.969    

Reference path:
    Location             Delay type                Incr(ns)  Path(ns)    Netlist Resource(s)
  -------------------------------------------------------------------    -------------------
                         (clock clk_out1_audio_AXI_DMA_clk_wiz_0_0 rise edge)
                                                      0.000     0.000 r  
    L16                                               0.000     0.000 r  sys_clock (IN)
                         net (fo=0)                   0.000     0.000    audio_AXI_DMA_i/clk_wiz_0/inst/clk_in1
    L16                  IBUF (Prop_ibuf_I_O)         1.421     1.421 r  audio_AXI_DMA_i/clk_wiz_0/inst/clkin1_ibufg/O
                         net (fo=1, routed)           1.162     2.583    audio_AXI_DMA_i/clk_wiz_0/inst/clk_in1_audio_AXI_DMA_clk_wiz_0_0
    MMCME2_ADV_X0Y1      MMCME2_ADV (Prop_mmcme2_adv_CLKIN1_CLKOUT0)
                                                     -7.105    -4.522 r  audio_AXI_DMA_i/clk_wiz_0/inst/mmcm_adv_inst/CLKOUT0
                         net (fo=1, routed)           1.599    -2.923    audio_AXI_DMA_i/clk_wiz_0/inst/clk_out1_audio_AXI_DMA_clk_wiz_0_0
    BUFGCTRL_X0Y16       BUFG (Prop_bufg_I_O)         0.091    -2.832 r  audio_AXI_DMA_i/clk_wiz_0/inst/clkout1_buf/O
                         net (fo=5663, routed)        1.503    -1.329    audio_AXI_DMA_i/axis_data_fifo_0/inst/gen_fifo.xpm_fifo_axis_inst/xpm_fifo_base_inst/gen_cdc_pntr.wr_pntr_cdc_inst/src_clk
    SLICE_X35Y3          FDRE                                         r  audio_AXI_DMA_i/axis_data_fifo_0/inst/gen_fifo.xpm_fifo_axis_inst/xpm_fifo_base_inst/gen_cdc_pntr.wr_pntr_cdc_inst/src_gray_ff_reg[2]/C
  -------------------------------------------------------------------    -------------------
    SLICE_X35Y3          FDRE (Prop_fdre_C_Q)         0.367    -0.962 r  audio_AXI_DMA_i/axis_data_fifo_0/inst/gen_fifo.xpm_fifo_axis_inst/xpm_fifo_base_inst/gen_cdc_pntr.wr_pntr_cdc_inst/src_gray_ff_reg[2]/Q
                         net (fo=1, routed)           0.451    -0.510    audio_AXI_DMA_i/axis_data_fifo_0/inst/gen_fifo.xpm_fifo_axis_inst/xpm_fifo_base_inst/gen_cdc_pntr.wr_pntr_cdc_inst/async_path[2]
    SLICE_X38Y3          FDRE                                         r  audio_AXI_DMA_i/axis_data_fifo_0/inst/gen_fifo.xpm_fifo_axis_inst/xpm_fifo_base_inst/gen_cdc_pntr.wr_pntr_cdc_inst/dest_graysync_ff_reg[0][2]/D
  -------------------------------------------------------------------    -------------------

                         (clock clk_fpga_0 rise edge)
                                                      0.000     0.000 r  
    PS7_X0Y0             PS7                          0.000     0.000 r  audio_AXI_DMA_i/processing_system7_0/inst/PS7_i/FCLKCLK[0]
                         net (fo=1, routed)           1.207     1.207    audio_AXI_DMA_i/processing_system7_0/inst/FCLK_CLK_unbuffered[0]
    BUFGCTRL_X0Y0        BUFG (Prop_bufg_I_O)         0.101     1.308 r  audio_AXI_DMA_i/processing_system7_0/inst/buffer_fclk_clk_0.FCLK_CLK_0_BUFG/O
                         net (fo=5252, routed)        1.752     3.060    audio_AXI_DMA_i/axis_data_fifo_0/inst/gen_fifo.xpm_fifo_axis_inst/xpm_fifo_base_inst/gen_cdc_pntr.wr_pntr_cdc_inst/dest_clk
    SLICE_X38Y3          FDRE                                         r  audio_AXI_DMA_i/axis_data_fifo_0/inst/gen_fifo.xpm_fifo_axis_inst/xpm_fifo_base_inst/gen_cdc_pntr.wr_pntr_cdc_inst/dest_graysync_ff_reg[0][2]/C
                         clock pessimism              0.000     3.060    
    SLICE_X38Y3          FDRE (Hold_fdre_C_D)         0.231     3.291    audio_AXI_DMA_i/axis_data_fifo_0/inst/gen_fifo.xpm_fifo_axis_inst/xpm_fifo_base_inst/gen_cdc_pntr.wr_pntr_cdc_inst/dest_graysync_ff_reg[0][2]
  -------------------------------------------------------------------
                         data arrival                          -0.510    
                         clock arrival                          3.291    
  -------------------------------------------------------------------
                         relative delay                        -3.801    



Id: 4
set_bus_skew -from [get_cells [list {audio_AXI_DMA_i/axis_data_fifo_1/inst/gen_fifo.xpm_fifo_axis_inst/gaxis_pkt_fifo_ic.wpkt_cnt_cdc_inst/src_gray_ff_reg[0]} {audio_AXI_DMA_i/axis_data_fifo_1/inst/gen_fifo.xpm_fifo_axis_inst/gaxis_pkt_fifo_ic.wpkt_cnt_cdc_inst/src_gray_ff_reg[1]} {audio_AXI_DMA_i/axis_data_fifo_1/inst/gen_fifo.xpm_fifo_axis_inst/gaxis_pkt_fifo_ic.wpkt_cnt_cdc_inst/src_gray_ff_reg[2]} {audio_AXI_DMA_i/axis_data_fifo_1/inst/gen_fifo.xpm_fifo_axis_inst/gaxis_pkt_fifo_ic.wpkt_cnt_cdc_inst/src_gray_ff_reg[3]} {audio_AXI_DMA_i/axis_data_fifo_1/inst/gen_fifo.xpm_fifo_axis_inst/gaxis_pkt_fifo_ic.wpkt_cnt_cdc_inst/src_gray_ff_reg[4]} {audio_AXI_DMA_i/axis_data_fifo_1/inst/gen_fifo.xpm_fifo_axis_inst/gaxis_pkt_fifo_ic.wpkt_cnt_cdc_inst/src_gray_ff_reg[5]} {audio_AXI_DMA_i/axis_data_fifo_1/inst/gen_fifo.xpm_fifo_axis_inst/gaxis_pkt_fifo_ic.wpkt_cnt_cdc_inst/src_gray_ff_reg[6]} {audio_AXI_DMA_i/axis_data_fifo_1/inst/gen_fifo.xpm_fifo_axis_inst/gaxis_pkt_fifo_ic.wpkt_cnt_cdc_inst/src_gray_ff_reg[7]} {audio_AXI_DMA_i/axis_data_fifo_1/inst/gen_fifo.xpm_fifo_axis_inst/gaxis_pkt_fifo_ic.wpkt_cnt_cdc_inst/src_gray_ff_reg[8]} {audio_AXI_DMA_i/axis_data_fifo_1/inst/gen_fifo.xpm_fifo_axis_inst/gaxis_pkt_fifo_ic.wpkt_cnt_cdc_inst/src_gray_ff_reg[9]}]] -to [get_cells [list {audio_AXI_DMA_i/axis_data_fifo_1/inst/gen_fifo.xpm_fifo_axis_inst/gaxis_pkt_fifo_ic.wpkt_cnt_cdc_inst/dest_graysync_ff_reg[0][0]} {audio_AXI_DMA_i/axis_data_fifo_1/inst/gen_fifo.xpm_fifo_axis_inst/gaxis_pkt_fifo_ic.wpkt_cnt_cdc_inst/dest_graysync_ff_reg[0][1]} {audio_AXI_DMA_i/axis_data_fifo_1/inst/gen_fifo.xpm_fifo_axis_inst/gaxis_pkt_fifo_ic.wpkt_cnt_cdc_inst/dest_graysync_ff_reg[0][2]} {audio_AXI_DMA_i/axis_data_fifo_1/inst/gen_fifo.xpm_fifo_axis_inst/gaxis_pkt_fifo_ic.wpkt_cnt_cdc_inst/dest_graysync_ff_reg[0][3]} {audio_AXI_DMA_i/axis_data_fifo_1/inst/gen_fifo.xpm_fifo_axis_inst/gaxis_pkt_fifo_ic.wpkt_cnt_cdc_inst/dest_graysync_ff_reg[0][4]} {audio_AXI_DMA_i/axis_data_fifo_1/inst/gen_fifo.xpm_fifo_axis_inst/gaxis_pkt_fifo_ic.wpkt_cnt_cdc_inst/dest_graysync_ff_reg[0][5]} {audio_AXI_DMA_i/axis_data_fifo_1/inst/gen_fifo.xpm_fifo_axis_inst/gaxis_pkt_fifo_ic.wpkt_cnt_cdc_inst/dest_graysync_ff_reg[0][6]} {audio_AXI_DMA_i/axis_data_fifo_1/inst/gen_fifo.xpm_fifo_axis_inst/gaxis_pkt_fifo_ic.wpkt_cnt_cdc_inst/dest_graysync_ff_reg[0][7]} {audio_AXI_DMA_i/axis_data_fifo_1/inst/gen_fifo.xpm_fifo_axis_inst/gaxis_pkt_fifo_ic.wpkt_cnt_cdc_inst/dest_graysync_ff_reg[0][8]} {audio_AXI_DMA_i/axis_data_fifo_1/inst/gen_fifo.xpm_fifo_axis_inst/gaxis_pkt_fifo_ic.wpkt_cnt_cdc_inst/dest_graysync_ff_reg[0][9]}]] 10.000
Requirement: 10.000ns
Endpoints: 10

From Clock            To Clock              Endpoint Pin                    Reference Pin                   Corner  Actual(ns)  Slack(ns)
--------------------  --------------------  ------------------------------  ------------------------------  ------  ----------  ---------
clk_out1_audio_AXI_DMA_clk_wiz_0_0
                      clk_fpga_0            audio_AXI_DMA_i/axis_data_fifo_1/inst/gen_fifo.xpm_fifo_axis_inst/gaxis_pkt_fifo_ic.wpkt_cnt_cdc_inst/dest_graysync_ff_reg[0][7]/D
                                                                            audio_AXI_DMA_i/axis_data_fifo_1/inst/gen_fifo.xpm_fifo_axis_inst/gaxis_pkt_fifo_ic.wpkt_cnt_cdc_inst/dest_graysync_ff_reg[0][6]/D
                                                                                                            Slow         0.969      9.031


Slack (MET) :             9.031ns  (requirement - actual skew)
  Endpoint Source:        audio_AXI_DMA_i/axis_data_fifo_1/inst/gen_fifo.xpm_fifo_axis_inst/gaxis_pkt_fifo_ic.wpkt_cnt_cdc_inst/src_gray_ff_reg[7]/C
                            (rising edge-triggered cell FDRE clocked by clk_out1_audio_AXI_DMA_clk_wiz_0_0)
  Endpoint Destination:   audio_AXI_DMA_i/axis_data_fifo_1/inst/gen_fifo.xpm_fifo_axis_inst/gaxis_pkt_fifo_ic.wpkt_cnt_cdc_inst/dest_graysync_ff_reg[0][7]/D
                            (rising edge-triggered cell FDRE clocked by clk_fpga_0)
  Reference Source:       audio_AXI_DMA_i/axis_data_fifo_1/inst/gen_fifo.xpm_fifo_axis_inst/gaxis_pkt_fifo_ic.wpkt_cnt_cdc_inst/src_gray_ff_reg[6]/C
                            (rising edge-triggered cell FDRE clocked by clk_out1_audio_AXI_DMA_clk_wiz_0_0)
  Reference Destination:  audio_AXI_DMA_i/axis_data_fifo_1/inst/gen_fifo.xpm_fifo_axis_inst/gaxis_pkt_fifo_ic.wpkt_cnt_cdc_inst/dest_graysync_ff_reg[0][6]/D
                            (rising edge-triggered cell FDRE clocked by clk_fpga_0)
  Path Type:              Bus Skew (Max at Slow Process Corner)
  Requirement:            10.000ns
  Endpoint Relative Delay:   -1.818ns
  Reference Relative Delay:  -3.727ns
  Relative CRPR:              0.940ns
  Actual Bus Skew:            0.969ns  (Endpoint Relative Delay - Reference Relative Delay - Relative CRPR)

Endpoint path:
    Location             Delay type                Incr(ns)  Path(ns)    Netlist Resource(s)
  -------------------------------------------------------------------    -------------------
                         (clock clk_out1_audio_AXI_DMA_clk_wiz_0_0 rise edge)
                                                      0.000     0.000 r  
    L16                                               0.000     0.000 r  sys_clock (IN)
                         net (fo=0)                   0.000     0.000    audio_AXI_DMA_i/clk_wiz_0/inst/clk_in1
    L16                  IBUF (Prop_ibuf_I_O)         1.491     1.491 r  audio_AXI_DMA_i/clk_wiz_0/inst/clkin1_ibufg/O
                         net (fo=1, routed)           1.285     2.776    audio_AXI_DMA_i/clk_wiz_0/inst/clk_in1_audio_AXI_DMA_clk_wiz_0_0
    MMCME2_ADV_X0Y1      MMCME2_ADV (Prop_mmcme2_adv_CLKIN1_CLKOUT0)
                                                     -6.996    -4.220 r  audio_AXI_DMA_i/clk_wiz_0/inst/mmcm_adv_inst/CLKOUT0
                         net (fo=1, routed)           1.760    -2.460    audio_AXI_DMA_i/clk_wiz_0/inst/clk_out1_audio_AXI_DMA_clk_wiz_0_0
    BUFGCTRL_X0Y16       BUFG (Prop_bufg_I_O)         0.101    -2.359 r  audio_AXI_DMA_i/clk_wiz_0/inst/clkout1_buf/O
                         net (fo=5663, routed)        1.740    -0.619    audio_AXI_DMA_i/axis_data_fifo_1/inst/gen_fifo.xpm_fifo_axis_inst/gaxis_pkt_fifo_ic.wpkt_cnt_cdc_inst/src_clk
    SLICE_X41Y22         FDRE                                         r  audio_AXI_DMA_i/axis_data_fifo_1/inst/gen_fifo.xpm_fifo_axis_inst/gaxis_pkt_fifo_ic.wpkt_cnt_cdc_inst/src_gray_ff_reg[7]/C
  -------------------------------------------------------------------    -------------------
    SLICE_X41Y22         FDRE (Prop_fdre_C_Q)         0.419    -0.200 r  audio_AXI_DMA_i/axis_data_fifo_1/inst/gen_fifo.xpm_fifo_axis_inst/gaxis_pkt_fifo_ic.wpkt_cnt_cdc_inst/src_gray_ff_reg[7]/Q
                         net (fo=1, routed)           0.873     0.673    audio_AXI_DMA_i/axis_data_fifo_1/inst/gen_fifo.xpm_fifo_axis_inst/gaxis_pkt_fifo_ic.wpkt_cnt_cdc_inst/async_path[7]
    SLICE_X41Y21         FDRE                                         r  audio_AXI_DMA_i/axis_data_fifo_1/inst/gen_fifo.xpm_fifo_axis_inst/gaxis_pkt_fifo_ic.wpkt_cnt_cdc_inst/dest_graysync_ff_reg[0][7]/D
  -------------------------------------------------------------------    -------------------

                         (clock clk_fpga_0 rise edge)
                                                      0.000     0.000 r  
    PS7_X0Y0             PS7                          0.000     0.000 r  audio_AXI_DMA_i/processing_system7_0/inst/PS7_i/FCLKCLK[0]
                         net (fo=1, routed)           1.101     1.101    audio_AXI_DMA_i/processing_system7_0/inst/FCLK_CLK_unbuffered[0]
    BUFGCTRL_X0Y0        BUFG (Prop_bufg_I_O)         0.091     1.192 r  audio_AXI_DMA_i/processing_system7_0/inst/buffer_fclk_clk_0.FCLK_CLK_0_BUFG/O
                         net (fo=5252, routed)        1.564     2.756    audio_AXI_DMA_i/axis_data_fifo_1/inst/gen_fifo.xpm_fifo_axis_inst/gaxis_pkt_fifo_ic.wpkt_cnt_cdc_inst/dest_clk
    SLICE_X41Y21         FDRE                                         r  audio_AXI_DMA_i/axis_data_fifo_1/inst/gen_fifo.xpm_fifo_axis_inst/gaxis_pkt_fifo_ic.wpkt_cnt_cdc_inst/dest_graysync_ff_reg[0][7]/C
                         clock pessimism              0.000     2.756    
    SLICE_X41Y21         FDRE (Setup_fdre_C_D)       -0.265     2.491    audio_AXI_DMA_i/axis_data_fifo_1/inst/gen_fifo.xpm_fifo_axis_inst/gaxis_pkt_fifo_ic.wpkt_cnt_cdc_inst/dest_graysync_ff_reg[0][7]
  -------------------------------------------------------------------
                         data arrival                           0.673    
                         clock arrival                          2.491    
  -------------------------------------------------------------------
                         relative delay                        -1.818    

Reference path:
    Location             Delay type                Incr(ns)  Path(ns)    Netlist Resource(s)
  -------------------------------------------------------------------    -------------------
                         (clock clk_out1_audio_AXI_DMA_clk_wiz_0_0 rise edge)
                                                      0.000     0.000 r  
    L16                                               0.000     0.000 r  sys_clock (IN)
                         net (fo=0)                   0.000     0.000    audio_AXI_DMA_i/clk_wiz_0/inst/clk_in1
    L16                  IBUF (Prop_ibuf_I_O)         1.421     1.421 r  audio_AXI_DMA_i/clk_wiz_0/inst/clkin1_ibufg/O
                         net (fo=1, routed)           1.162     2.583    audio_AXI_DMA_i/clk_wiz_0/inst/clk_in1_audio_AXI_DMA_clk_wiz_0_0
    MMCME2_ADV_X0Y1      MMCME2_ADV (Prop_mmcme2_adv_CLKIN1_CLKOUT0)
                                                     -7.105    -4.522 r  audio_AXI_DMA_i/clk_wiz_0/inst/mmcm_adv_inst/CLKOUT0
                         net (fo=1, routed)           1.599    -2.923    audio_AXI_DMA_i/clk_wiz_0/inst/clk_out1_audio_AXI_DMA_clk_wiz_0_0
    BUFGCTRL_X0Y16       BUFG (Prop_bufg_I_O)         0.091    -2.832 r  audio_AXI_DMA_i/clk_wiz_0/inst/clkout1_buf/O
                         net (fo=5663, routed)        1.565    -1.267    audio_AXI_DMA_i/axis_data_fifo_1/inst/gen_fifo.xpm_fifo_axis_inst/gaxis_pkt_fifo_ic.wpkt_cnt_cdc_inst/src_clk
    SLICE_X41Y22         FDRE                                         r  audio_AXI_DMA_i/axis_data_fifo_1/inst/gen_fifo.xpm_fifo_axis_inst/gaxis_pkt_fifo_ic.wpkt_cnt_cdc_inst/src_gray_ff_reg[6]/C
  -------------------------------------------------------------------    -------------------
    SLICE_X41Y22         FDRE (Prop_fdre_C_Q)         0.367    -0.900 r  audio_AXI_DMA_i/axis_data_fifo_1/inst/gen_fifo.xpm_fifo_axis_inst/gaxis_pkt_fifo_ic.wpkt_cnt_cdc_inst/src_gray_ff_reg[6]/Q
                         net (fo=1, routed)           0.390    -0.510    audio_AXI_DMA_i/axis_data_fifo_1/inst/gen_fifo.xpm_fifo_axis_inst/gaxis_pkt_fifo_ic.wpkt_cnt_cdc_inst/async_path[6]
    SLICE_X41Y21         FDRE                                         r  audio_AXI_DMA_i/axis_data_fifo_1/inst/gen_fifo.xpm_fifo_axis_inst/gaxis_pkt_fifo_ic.wpkt_cnt_cdc_inst/dest_graysync_ff_reg[0][6]/D
  -------------------------------------------------------------------    -------------------

                         (clock clk_fpga_0 rise edge)
                                                      0.000     0.000 r  
    PS7_X0Y0             PS7                          0.000     0.000 r  audio_AXI_DMA_i/processing_system7_0/inst/PS7_i/FCLKCLK[0]
                         net (fo=1, routed)           1.207     1.207    audio_AXI_DMA_i/processing_system7_0/inst/FCLK_CLK_unbuffered[0]
    BUFGCTRL_X0Y0        BUFG (Prop_bufg_I_O)         0.101     1.308 r  audio_AXI_DMA_i/processing_system7_0/inst/buffer_fclk_clk_0.FCLK_CLK_0_BUFG/O
                         net (fo=5252, routed)        1.740     3.048    audio_AXI_DMA_i/axis_data_fifo_1/inst/gen_fifo.xpm_fifo_axis_inst/gaxis_pkt_fifo_ic.wpkt_cnt_cdc_inst/dest_clk
    SLICE_X41Y21         FDRE                                         r  audio_AXI_DMA_i/axis_data_fifo_1/inst/gen_fifo.xpm_fifo_axis_inst/gaxis_pkt_fifo_ic.wpkt_cnt_cdc_inst/dest_graysync_ff_reg[0][6]/C
                         clock pessimism              0.000     3.048    
    SLICE_X41Y21         FDRE (Hold_fdre_C_D)         0.169     3.217    audio_AXI_DMA_i/axis_data_fifo_1/inst/gen_fifo.xpm_fifo_axis_inst/gaxis_pkt_fifo_ic.wpkt_cnt_cdc_inst/dest_graysync_ff_reg[0][6]
  -------------------------------------------------------------------
                         data arrival                          -0.510    
                         clock arrival                          3.217    
  -------------------------------------------------------------------
                         relative delay                        -3.727    



Id: 5
set_bus_skew -from [get_cells [list {audio_AXI_DMA_i/axis_data_fifo_1/inst/gen_fifo.xpm_fifo_axis_inst/xpm_fifo_base_inst/gen_cdc_pntr.rd_pntr_cdc_inst/src_gray_ff_reg[0]} {audio_AXI_DMA_i/axis_data_fifo_1/inst/gen_fifo.xpm_fifo_axis_inst/xpm_fifo_base_inst/gen_cdc_pntr.rd_pntr_cdc_inst/src_gray_ff_reg[1]} {audio_AXI_DMA_i/axis_data_fifo_1/inst/gen_fifo.xpm_fifo_axis_inst/xpm_fifo_base_inst/gen_cdc_pntr.rd_pntr_cdc_inst/src_gray_ff_reg[2]} {audio_AXI_DMA_i/axis_data_fifo_1/inst/gen_fifo.xpm_fifo_axis_inst/xpm_fifo_base_inst/gen_cdc_pntr.rd_pntr_cdc_inst/src_gray_ff_reg[3]} {audio_AXI_DMA_i/axis_data_fifo_1/inst/gen_fifo.xpm_fifo_axis_inst/xpm_fifo_base_inst/gen_cdc_pntr.rd_pntr_cdc_inst/src_gray_ff_reg[4]} {audio_AXI_DMA_i/axis_data_fifo_1/inst/gen_fifo.xpm_fifo_axis_inst/xpm_fifo_base_inst/gen_cdc_pntr.rd_pntr_cdc_inst/src_gray_ff_reg[5]} {audio_AXI_DMA_i/axis_data_fifo_1/inst/gen_fifo.xpm_fifo_axis_inst/xpm_fifo_base_inst/gen_cdc_pntr.rd_pntr_cdc_inst/src_gray_ff_reg[6]} {audio_AXI_DMA_i/axis_data_fifo_1/inst/gen_fifo.xpm_fifo_axis_inst/xpm_fifo_base_inst/gen_cdc_pntr.rd_pntr_cdc_inst/src_gray_ff_reg[7]} {audio_AXI_DMA_i/axis_data_fifo_1/inst/gen_fifo.xpm_fifo_axis_inst/xpm_fifo_base_inst/gen_cdc_pntr.rd_pntr_cdc_inst/src_gray_ff_reg[8]} {audio_AXI_DMA_i/axis_data_fifo_1/inst/gen_fifo.xpm_fifo_axis_inst/xpm_fifo_base_inst/gen_cdc_pntr.rd_pntr_cdc_inst/src_gray_ff_reg[9]}]] -to [get_cells [list {audio_AXI_DMA_i/axis_data_fifo_1/inst/gen_fifo.xpm_fifo_axis_inst/xpm_fifo_base_inst/gen_cdc_pntr.rd_pntr_cdc_inst/dest_graysync_ff_reg[0][0]} {audio_AXI_DMA_i/axis_data_fifo_1/inst/gen_fifo.xpm_fifo_axis_inst/xpm_fifo_base_inst/gen_cdc_pntr.rd_pntr_cdc_inst/dest_graysync_ff_reg[0][1]} {audio_AXI_DMA_i/axis_data_fifo_1/inst/gen_fifo.xpm_fifo_axis_inst/xpm_fifo_base_inst/gen_cdc_pntr.rd_pntr_cdc_inst/dest_graysync_ff_reg[0][2]} {audio_AXI_DMA_i/axis_data_fifo_1/inst/gen_fifo.xpm_fifo_axis_inst/xpm_fifo_base_inst/gen_cdc_pntr.rd_pntr_cdc_inst/dest_graysync_ff_reg[0][3]} {audio_AXI_DMA_i/axis_data_fifo_1/inst/gen_fifo.xpm_fifo_axis_inst/xpm_fifo_base_inst/gen_cdc_pntr.rd_pntr_cdc_inst/dest_graysync_ff_reg[0][4]} {audio_AXI_DMA_i/axis_data_fifo_1/inst/gen_fifo.xpm_fifo_axis_inst/xpm_fifo_base_inst/gen_cdc_pntr.rd_pntr_cdc_inst/dest_graysync_ff_reg[0][5]} {audio_AXI_DMA_i/axis_data_fifo_1/inst/gen_fifo.xpm_fifo_axis_inst/xpm_fifo_base_inst/gen_cdc_pntr.rd_pntr_cdc_inst/dest_graysync_ff_reg[0][6]} {audio_AXI_DMA_i/axis_data_fifo_1/inst/gen_fifo.xpm_fifo_axis_inst/xpm_fifo_base_inst/gen_cdc_pntr.rd_pntr_cdc_inst/dest_graysync_ff_reg[0][7]} {audio_AXI_DMA_i/axis_data_fifo_1/inst/gen_fifo.xpm_fifo_axis_inst/xpm_fifo_base_inst/gen_cdc_pntr.rd_pntr_cdc_inst/dest_graysync_ff_reg[0][8]} {audio_AXI_DMA_i/axis_data_fifo_1/inst/gen_fifo.xpm_fifo_axis_inst/xpm_fifo_base_inst/gen_cdc_pntr.rd_pntr_cdc_inst/dest_graysync_ff_reg[0][9]}]] 10.000
Requirement: 10.000ns
Endpoints: 10

From Clock            To Clock              Endpoint Pin                    Reference Pin                   Corner  Actual(ns)  Slack(ns)
--------------------  --------------------  ------------------------------  ------------------------------  ------  ----------  ---------
clk_fpga_0            clk_out1_audio_AXI_DMA_clk_wiz_0_0
                                            audio_AXI_DMA_i/axis_data_fifo_1/inst/gen_fifo.xpm_fifo_axis_inst/xpm_fifo_base_inst/gen_cdc_pntr.rd_pntr_cdc_inst/dest_graysync_ff_reg[0][7]/D
                                                                            audio_AXI_DMA_i/axis_data_fifo_1/inst/gen_fifo.xpm_fifo_axis_inst/xpm_fifo_base_inst/gen_cdc_pntr.rd_pntr_cdc_inst/dest_graysync_ff_reg[0][2]/D
                                                                                                            Slow         1.072      8.928


Slack (MET) :             8.928ns  (requirement - actual skew)
  Endpoint Source:        audio_AXI_DMA_i/axis_data_fifo_1/inst/gen_fifo.xpm_fifo_axis_inst/xpm_fifo_base_inst/gen_cdc_pntr.rd_pntr_cdc_inst/src_gray_ff_reg[7]/C
                            (rising edge-triggered cell FDRE clocked by clk_fpga_0)
  Endpoint Destination:   audio_AXI_DMA_i/axis_data_fifo_1/inst/gen_fifo.xpm_fifo_axis_inst/xpm_fifo_base_inst/gen_cdc_pntr.rd_pntr_cdc_inst/dest_graysync_ff_reg[0][7]/D
                            (rising edge-triggered cell FDRE clocked by clk_out1_audio_AXI_DMA_clk_wiz_0_0)
  Reference Source:       audio_AXI_DMA_i/axis_data_fifo_1/inst/gen_fifo.xpm_fifo_axis_inst/xpm_fifo_base_inst/gen_cdc_pntr.rd_pntr_cdc_inst/src_gray_ff_reg[2]/C
                            (rising edge-triggered cell FDRE clocked by clk_fpga_0)
  Reference Destination:  audio_AXI_DMA_i/axis_data_fifo_1/inst/gen_fifo.xpm_fifo_axis_inst/xpm_fifo_base_inst/gen_cdc_pntr.rd_pntr_cdc_inst/dest_graysync_ff_reg[0][2]/D
                            (rising edge-triggered cell FDRE clocked by clk_out1_audio_AXI_DMA_clk_wiz_0_0)
  Path Type:              Bus Skew (Max at Slow Process Corner)
  Requirement:            10.000ns
  Endpoint Relative Delay:    5.894ns
  Reference Relative Delay:   3.945ns
  Relative CRPR:              0.877ns
  Actual Bus Skew:            1.072ns  (Endpoint Relative Delay - Reference Relative Delay - Relative CRPR)

Endpoint path:
    Location             Delay type                Incr(ns)  Path(ns)    Netlist Resource(s)
  -------------------------------------------------------------------    -------------------
                         (clock clk_fpga_0 rise edge)
                                                      0.000     0.000 r  
    PS7_X0Y0             PS7                          0.000     0.000 r  audio_AXI_DMA_i/processing_system7_0/inst/PS7_i/FCLKCLK[0]
                         net (fo=1, routed)           1.207     1.207    audio_AXI_DMA_i/processing_system7_0/inst/FCLK_CLK_unbuffered[0]
    BUFGCTRL_X0Y0        BUFG (Prop_bufg_I_O)         0.101     1.308 r  audio_AXI_DMA_i/processing_system7_0/inst/buffer_fclk_clk_0.FCLK_CLK_0_BUFG/O
                         net (fo=5252, routed)        1.667     2.975    audio_AXI_DMA_i/axis_data_fifo_1/inst/gen_fifo.xpm_fifo_axis_inst/xpm_fifo_base_inst/gen_cdc_pntr.rd_pntr_cdc_inst/src_clk
    SLICE_X33Y15         FDRE                                         r  audio_AXI_DMA_i/axis_data_fifo_1/inst/gen_fifo.xpm_fifo_axis_inst/xpm_fifo_base_inst/gen_cdc_pntr.rd_pntr_cdc_inst/src_gray_ff_reg[7]/C
  -------------------------------------------------------------------    -------------------
    SLICE_X33Y15         FDRE (Prop_fdre_C_Q)         0.419     3.394 r  audio_AXI_DMA_i/axis_data_fifo_1/inst/gen_fifo.xpm_fifo_axis_inst/xpm_fifo_base_inst/gen_cdc_pntr.rd_pntr_cdc_inst/src_gray_ff_reg[7]/Q
                         net (fo=1, routed)           0.898     4.292    audio_AXI_DMA_i/axis_data_fifo_1/inst/gen_fifo.xpm_fifo_axis_inst/xpm_fifo_base_inst/gen_cdc_pntr.rd_pntr_cdc_inst/async_path[7]
    SLICE_X33Y16         FDRE                                         r  audio_AXI_DMA_i/axis_data_fifo_1/inst/gen_fifo.xpm_fifo_axis_inst/xpm_fifo_base_inst/gen_cdc_pntr.rd_pntr_cdc_inst/dest_graysync_ff_reg[0][7]/D
  -------------------------------------------------------------------    -------------------

                         (clock clk_out1_audio_AXI_DMA_clk_wiz_0_0 rise edge)
                                                      0.000     0.000 r  
    L16                                               0.000     0.000 r  sys_clock (IN)
                         net (fo=0)                   0.000     0.000    audio_AXI_DMA_i/clk_wiz_0/inst/clk_in1
    L16                  IBUF (Prop_ibuf_I_O)         1.421     1.421 r  audio_AXI_DMA_i/clk_wiz_0/inst/clkin1_ibufg/O
                         net (fo=1, routed)           1.162     2.583    audio_AXI_DMA_i/clk_wiz_0/inst/clk_in1_audio_AXI_DMA_clk_wiz_0_0
    MMCME2_ADV_X0Y1      MMCME2_ADV (Prop_mmcme2_adv_CLKIN1_CLKOUT0)
                                                     -7.105    -4.522 r  audio_AXI_DMA_i/clk_wiz_0/inst/mmcm_adv_inst/CLKOUT0
                         net (fo=1, routed)           1.599    -2.923    audio_AXI_DMA_i/clk_wiz_0/inst/clk_out1_audio_AXI_DMA_clk_wiz_0_0
    BUFGCTRL_X0Y16       BUFG (Prop_bufg_I_O)         0.091    -2.832 r  audio_AXI_DMA_i/clk_wiz_0/inst/clkout1_buf/O
                         net (fo=5663, routed)        1.496    -1.336    audio_AXI_DMA_i/axis_data_fifo_1/inst/gen_fifo.xpm_fifo_axis_inst/xpm_fifo_base_inst/gen_cdc_pntr.rd_pntr_cdc_inst/dest_clk
    SLICE_X33Y16         FDRE                                         r  audio_AXI_DMA_i/axis_data_fifo_1/inst/gen_fifo.xpm_fifo_axis_inst/xpm_fifo_base_inst/gen_cdc_pntr.rd_pntr_cdc_inst/dest_graysync_ff_reg[0][7]/C
                         clock pessimism              0.000    -1.336    
    SLICE_X33Y16         FDRE (Setup_fdre_C_D)       -0.266    -1.602    audio_AXI_DMA_i/axis_data_fifo_1/inst/gen_fifo.xpm_fifo_axis_inst/xpm_fifo_base_inst/gen_cdc_pntr.rd_pntr_cdc_inst/dest_graysync_ff_reg[0][7]
  -------------------------------------------------------------------
                         data arrival                           4.292    
                         clock arrival                         -1.602    
  -------------------------------------------------------------------
                         relative delay                         5.894    

Reference path:
    Location             Delay type                Incr(ns)  Path(ns)    Netlist Resource(s)
  -------------------------------------------------------------------    -------------------
                         (clock clk_fpga_0 rise edge)
                                                      0.000     0.000 r  
    PS7_X0Y0             PS7                          0.000     0.000 r  audio_AXI_DMA_i/processing_system7_0/inst/PS7_i/FCLKCLK[0]
                         net (fo=1, routed)           1.101     1.101    audio_AXI_DMA_i/processing_system7_0/inst/FCLK_CLK_unbuffered[0]
    BUFGCTRL_X0Y0        BUFG (Prop_bufg_I_O)         0.091     1.192 r  audio_AXI_DMA_i/processing_system7_0/inst/buffer_fclk_clk_0.FCLK_CLK_0_BUFG/O
                         net (fo=5252, routed)        1.494     2.686    audio_AXI_DMA_i/axis_data_fifo_1/inst/gen_fifo.xpm_fifo_axis_inst/xpm_fifo_base_inst/gen_cdc_pntr.rd_pntr_cdc_inst/src_clk
    SLICE_X33Y15         FDRE                                         r  audio_AXI_DMA_i/axis_data_fifo_1/inst/gen_fifo.xpm_fifo_axis_inst/xpm_fifo_base_inst/gen_cdc_pntr.rd_pntr_cdc_inst/src_gray_ff_reg[2]/C
  -------------------------------------------------------------------    -------------------
    SLICE_X33Y15         FDRE (Prop_fdre_C_Q)         0.367     3.053 r  audio_AXI_DMA_i/axis_data_fifo_1/inst/gen_fifo.xpm_fifo_axis_inst/xpm_fifo_base_inst/gen_cdc_pntr.rd_pntr_cdc_inst/src_gray_ff_reg[2]/Q
                         net (fo=1, routed)           0.374     3.427    audio_AXI_DMA_i/axis_data_fifo_1/inst/gen_fifo.xpm_fifo_axis_inst/xpm_fifo_base_inst/gen_cdc_pntr.rd_pntr_cdc_inst/async_path[2]
    SLICE_X35Y14         FDRE                                         r  audio_AXI_DMA_i/axis_data_fifo_1/inst/gen_fifo.xpm_fifo_axis_inst/xpm_fifo_base_inst/gen_cdc_pntr.rd_pntr_cdc_inst/dest_graysync_ff_reg[0][2]/D
  -------------------------------------------------------------------    -------------------

                         (clock clk_out1_audio_AXI_DMA_clk_wiz_0_0 rise edge)
                                                      0.000     0.000 r  
    L16                                               0.000     0.000 r  sys_clock (IN)
                         net (fo=0)                   0.000     0.000    audio_AXI_DMA_i/clk_wiz_0/inst/clk_in1
    L16                  IBUF (Prop_ibuf_I_O)         1.491     1.491 r  audio_AXI_DMA_i/clk_wiz_0/inst/clkin1_ibufg/O
                         net (fo=1, routed)           1.285     2.776    audio_AXI_DMA_i/clk_wiz_0/inst/clk_in1_audio_AXI_DMA_clk_wiz_0_0
    MMCME2_ADV_X0Y1      MMCME2_ADV (Prop_mmcme2_adv_CLKIN1_CLKOUT0)
                                                     -6.996    -4.220 r  audio_AXI_DMA_i/clk_wiz_0/inst/mmcm_adv_inst/CLKOUT0
                         net (fo=1, routed)           1.760    -2.460    audio_AXI_DMA_i/clk_wiz_0/inst/clk_out1_audio_AXI_DMA_clk_wiz_0_0
    BUFGCTRL_X0Y16       BUFG (Prop_bufg_I_O)         0.101    -2.359 r  audio_AXI_DMA_i/clk_wiz_0/inst/clkout1_buf/O
                         net (fo=5663, routed)        1.672    -0.687    audio_AXI_DMA_i/axis_data_fifo_1/inst/gen_fifo.xpm_fifo_axis_inst/xpm_fifo_base_inst/gen_cdc_pntr.rd_pntr_cdc_inst/dest_clk
    SLICE_X35Y14         FDRE                                         r  audio_AXI_DMA_i/axis_data_fifo_1/inst/gen_fifo.xpm_fifo_axis_inst/xpm_fifo_base_inst/gen_cdc_pntr.rd_pntr_cdc_inst/dest_graysync_ff_reg[0][2]/C
                         clock pessimism              0.000    -0.687    
    SLICE_X35Y14         FDRE (Hold_fdre_C_D)         0.169    -0.518    audio_AXI_DMA_i/axis_data_fifo_1/inst/gen_fifo.xpm_fifo_axis_inst/xpm_fifo_base_inst/gen_cdc_pntr.rd_pntr_cdc_inst/dest_graysync_ff_reg[0][2]
  -------------------------------------------------------------------
                         data arrival                           3.427    
                         clock arrival                         -0.518    
  -------------------------------------------------------------------
                         relative delay                         3.945    



Id: 6
set_bus_skew -from [get_cells [list {audio_AXI_DMA_i/axis_data_fifo_1/inst/gen_fifo.xpm_fifo_axis_inst/xpm_fifo_base_inst/gen_cdc_pntr.wr_pntr_cdc_inst/src_gray_ff_reg[0]} {audio_AXI_DMA_i/axis_data_fifo_1/inst/gen_fifo.xpm_fifo_axis_inst/xpm_fifo_base_inst/gen_cdc_pntr.wr_pntr_cdc_inst/src_gray_ff_reg[1]} {audio_AXI_DMA_i/axis_data_fifo_1/inst/gen_fifo.xpm_fifo_axis_inst/xpm_fifo_base_inst/gen_cdc_pntr.wr_pntr_cdc_inst/src_gray_ff_reg[2]} {audio_AXI_DMA_i/axis_data_fifo_1/inst/gen_fifo.xpm_fifo_axis_inst/xpm_fifo_base_inst/gen_cdc_pntr.wr_pntr_cdc_inst/src_gray_ff_reg[3]} {audio_AXI_DMA_i/axis_data_fifo_1/inst/gen_fifo.xpm_fifo_axis_inst/xpm_fifo_base_inst/gen_cdc_pntr.wr_pntr_cdc_inst/src_gray_ff_reg[4]} {audio_AXI_DMA_i/axis_data_fifo_1/inst/gen_fifo.xpm_fifo_axis_inst/xpm_fifo_base_inst/gen_cdc_pntr.wr_pntr_cdc_inst/src_gray_ff_reg[5]} {audio_AXI_DMA_i/axis_data_fifo_1/inst/gen_fifo.xpm_fifo_axis_inst/xpm_fifo_base_inst/gen_cdc_pntr.wr_pntr_cdc_inst/src_gray_ff_reg[6]} {audio_AXI_DMA_i/axis_data_fifo_1/inst/gen_fifo.xpm_fifo_axis_inst/xpm_fifo_base_inst/gen_cdc_pntr.wr_pntr_cdc_inst/src_gray_ff_reg[7]} {audio_AXI_DMA_i/axis_data_fifo_1/inst/gen_fifo.xpm_fifo_axis_inst/xpm_fifo_base_inst/gen_cdc_pntr.wr_pntr_cdc_inst/src_gray_ff_reg[8]} {audio_AXI_DMA_i/axis_data_fifo_1/inst/gen_fifo.xpm_fifo_axis_inst/xpm_fifo_base_inst/gen_cdc_pntr.wr_pntr_cdc_inst/src_gray_ff_reg[9]}]] -to [get_cells [list {audio_AXI_DMA_i/axis_data_fifo_1/inst/gen_fifo.xpm_fifo_axis_inst/xpm_fifo_base_inst/gen_cdc_pntr.wr_pntr_cdc_inst/dest_graysync_ff_reg[0][0]} {audio_AXI_DMA_i/axis_data_fifo_1/inst/gen_fifo.xpm_fifo_axis_inst/xpm_fifo_base_inst/gen_cdc_pntr.wr_pntr_cdc_inst/dest_graysync_ff_reg[0][1]} {audio_AXI_DMA_i/axis_data_fifo_1/inst/gen_fifo.xpm_fifo_axis_inst/xpm_fifo_base_inst/gen_cdc_pntr.wr_pntr_cdc_inst/dest_graysync_ff_reg[0][2]} {audio_AXI_DMA_i/axis_data_fifo_1/inst/gen_fifo.xpm_fifo_axis_inst/xpm_fifo_base_inst/gen_cdc_pntr.wr_pntr_cdc_inst/dest_graysync_ff_reg[0][3]} {audio_AXI_DMA_i/axis_data_fifo_1/inst/gen_fifo.xpm_fifo_axis_inst/xpm_fifo_base_inst/gen_cdc_pntr.wr_pntr_cdc_inst/dest_graysync_ff_reg[0][4]} {audio_AXI_DMA_i/axis_data_fifo_1/inst/gen_fifo.xpm_fifo_axis_inst/xpm_fifo_base_inst/gen_cdc_pntr.wr_pntr_cdc_inst/dest_graysync_ff_reg[0][5]} {audio_AXI_DMA_i/axis_data_fifo_1/inst/gen_fifo.xpm_fifo_axis_inst/xpm_fifo_base_inst/gen_cdc_pntr.wr_pntr_cdc_inst/dest_graysync_ff_reg[0][6]} {audio_AXI_DMA_i/axis_data_fifo_1/inst/gen_fifo.xpm_fifo_axis_inst/xpm_fifo_base_inst/gen_cdc_pntr.wr_pntr_cdc_inst/dest_graysync_ff_reg[0][7]} {audio_AXI_DMA_i/axis_data_fifo_1/inst/gen_fifo.xpm_fifo_axis_inst/xpm_fifo_base_inst/gen_cdc_pntr.wr_pntr_cdc_inst/dest_graysync_ff_reg[0][8]} {audio_AXI_DMA_i/axis_data_fifo_1/inst/gen_fifo.xpm_fifo_axis_inst/xpm_fifo_base_inst/gen_cdc_pntr.wr_pntr_cdc_inst/dest_graysync_ff_reg[0][9]}]] 10.000
Requirement: 10.000ns
Endpoints: 10

From Clock            To Clock              Endpoint Pin                    Reference Pin                   Corner  Actual(ns)  Slack(ns)
--------------------  --------------------  ------------------------------  ------------------------------  ------  ----------  ---------
clk_out1_audio_AXI_DMA_clk_wiz_0_0
                      clk_fpga_0            audio_AXI_DMA_i/axis_data_fifo_1/inst/gen_fifo.xpm_fifo_axis_inst/xpm_fifo_base_inst/gen_cdc_pntr.wr_pntr_cdc_inst/dest_graysync_ff_reg[0][1]/D
                                                                            audio_AXI_DMA_i/axis_data_fifo_1/inst/gen_fifo.xpm_fifo_axis_inst/xpm_fifo_base_inst/gen_cdc_pntr.wr_pntr_cdc_inst/dest_graysync_ff_reg[0][5]/D
                                                                                                            Slow         0.871      9.129


Slack (MET) :             9.129ns  (requirement - actual skew)
  Endpoint Source:        audio_AXI_DMA_i/axis_data_fifo_1/inst/gen_fifo.xpm_fifo_axis_inst/xpm_fifo_base_inst/gen_cdc_pntr.wr_pntr_cdc_inst/src_gray_ff_reg[1]/C
                            (rising edge-triggered cell FDRE clocked by clk_out1_audio_AXI_DMA_clk_wiz_0_0)
  Endpoint Destination:   audio_AXI_DMA_i/axis_data_fifo_1/inst/gen_fifo.xpm_fifo_axis_inst/xpm_fifo_base_inst/gen_cdc_pntr.wr_pntr_cdc_inst/dest_graysync_ff_reg[0][1]/D
                            (rising edge-triggered cell FDRE clocked by clk_fpga_0)
  Reference Source:       audio_AXI_DMA_i/axis_data_fifo_1/inst/gen_fifo.xpm_fifo_axis_inst/xpm_fifo_base_inst/gen_cdc_pntr.wr_pntr_cdc_inst/src_gray_ff_reg[5]/C
                            (rising edge-triggered cell FDRE clocked by clk_out1_audio_AXI_DMA_clk_wiz_0_0)
  Reference Destination:  audio_AXI_DMA_i/axis_data_fifo_1/inst/gen_fifo.xpm_fifo_axis_inst/xpm_fifo_base_inst/gen_cdc_pntr.wr_pntr_cdc_inst/dest_graysync_ff_reg[0][5]/D
                            (rising edge-triggered cell FDRE clocked by clk_fpga_0)
  Path Type:              Bus Skew (Max at Slow Process Corner)
  Requirement:            10.000ns
  Endpoint Relative Delay:   -1.956ns
  Reference Relative Delay:  -3.680ns
  Relative CRPR:              0.854ns
  Actual Bus Skew:            0.871ns  (Endpoint Relative Delay - Reference Relative Delay - Relative CRPR)

Endpoint path:
    Location             Delay type                Incr(ns)  Path(ns)    Netlist Resource(s)
  -------------------------------------------------------------------    -------------------
                         (clock clk_out1_audio_AXI_DMA_clk_wiz_0_0 rise edge)
                                                      0.000     0.000 r  
    L16                                               0.000     0.000 r  sys_clock (IN)
                         net (fo=0)                   0.000     0.000    audio_AXI_DMA_i/clk_wiz_0/inst/clk_in1
    L16                  IBUF (Prop_ibuf_I_O)         1.491     1.491 r  audio_AXI_DMA_i/clk_wiz_0/inst/clkin1_ibufg/O
                         net (fo=1, routed)           1.285     2.776    audio_AXI_DMA_i/clk_wiz_0/inst/clk_in1_audio_AXI_DMA_clk_wiz_0_0
    MMCME2_ADV_X0Y1      MMCME2_ADV (Prop_mmcme2_adv_CLKIN1_CLKOUT0)
                                                     -6.996    -4.220 r  audio_AXI_DMA_i/clk_wiz_0/inst/mmcm_adv_inst/CLKOUT0
                         net (fo=1, routed)           1.760    -2.460    audio_AXI_DMA_i/clk_wiz_0/inst/clk_out1_audio_AXI_DMA_clk_wiz_0_0
    BUFGCTRL_X0Y16       BUFG (Prop_bufg_I_O)         0.101    -2.359 r  audio_AXI_DMA_i/clk_wiz_0/inst/clkout1_buf/O
                         net (fo=5663, routed)        1.672    -0.687    audio_AXI_DMA_i/axis_data_fifo_1/inst/gen_fifo.xpm_fifo_axis_inst/xpm_fifo_base_inst/gen_cdc_pntr.wr_pntr_cdc_inst/src_clk
    SLICE_X28Y14         FDRE                                         r  audio_AXI_DMA_i/axis_data_fifo_1/inst/gen_fifo.xpm_fifo_axis_inst/xpm_fifo_base_inst/gen_cdc_pntr.wr_pntr_cdc_inst/src_gray_ff_reg[1]/C
  -------------------------------------------------------------------    -------------------
    SLICE_X28Y14         FDRE (Prop_fdre_C_Q)         0.478    -0.209 r  audio_AXI_DMA_i/axis_data_fifo_1/inst/gen_fifo.xpm_fifo_axis_inst/xpm_fifo_base_inst/gen_cdc_pntr.wr_pntr_cdc_inst/src_gray_ff_reg[1]/Q
                         net (fo=1, routed)           0.674     0.466    audio_AXI_DMA_i/axis_data_fifo_1/inst/gen_fifo.xpm_fifo_axis_inst/xpm_fifo_base_inst/gen_cdc_pntr.wr_pntr_cdc_inst/async_path[1]
    SLICE_X29Y14         FDRE                                         r  audio_AXI_DMA_i/axis_data_fifo_1/inst/gen_fifo.xpm_fifo_axis_inst/xpm_fifo_base_inst/gen_cdc_pntr.wr_pntr_cdc_inst/dest_graysync_ff_reg[0][1]/D
  -------------------------------------------------------------------    -------------------

                         (clock clk_fpga_0 rise edge)
                                                      0.000     0.000 r  
    PS7_X0Y0             PS7                          0.000     0.000 r  audio_AXI_DMA_i/processing_system7_0/inst/PS7_i/FCLKCLK[0]
                         net (fo=1, routed)           1.101     1.101    audio_AXI_DMA_i/processing_system7_0/inst/FCLK_CLK_unbuffered[0]
    BUFGCTRL_X0Y0        BUFG (Prop_bufg_I_O)         0.091     1.192 r  audio_AXI_DMA_i/processing_system7_0/inst/buffer_fclk_clk_0.FCLK_CLK_0_BUFG/O
                         net (fo=5252, routed)        1.494     2.686    audio_AXI_DMA_i/axis_data_fifo_1/inst/gen_fifo.xpm_fifo_axis_inst/xpm_fifo_base_inst/gen_cdc_pntr.wr_pntr_cdc_inst/dest_clk
    SLICE_X29Y14         FDRE                                         r  audio_AXI_DMA_i/axis_data_fifo_1/inst/gen_fifo.xpm_fifo_axis_inst/xpm_fifo_base_inst/gen_cdc_pntr.wr_pntr_cdc_inst/dest_graysync_ff_reg[0][1]/C
                         clock pessimism              0.000     2.686    
    SLICE_X29Y14         FDRE (Setup_fdre_C_D)       -0.265     2.421    audio_AXI_DMA_i/axis_data_fifo_1/inst/gen_fifo.xpm_fifo_axis_inst/xpm_fifo_base_inst/gen_cdc_pntr.wr_pntr_cdc_inst/dest_graysync_ff_reg[0][1]
  -------------------------------------------------------------------
                         data arrival                           0.466    
                         clock arrival                          2.421    
  -------------------------------------------------------------------
                         relative delay                        -1.956    

Reference path:
    Location             Delay type                Incr(ns)  Path(ns)    Netlist Resource(s)
  -------------------------------------------------------------------    -------------------
                         (clock clk_out1_audio_AXI_DMA_clk_wiz_0_0 rise edge)
                                                      0.000     0.000 r  
    L16                                               0.000     0.000 r  sys_clock (IN)
                         net (fo=0)                   0.000     0.000    audio_AXI_DMA_i/clk_wiz_0/inst/clk_in1
    L16                  IBUF (Prop_ibuf_I_O)         1.421     1.421 r  audio_AXI_DMA_i/clk_wiz_0/inst/clkin1_ibufg/O
                         net (fo=1, routed)           1.162     2.583    audio_AXI_DMA_i/clk_wiz_0/inst/clk_in1_audio_AXI_DMA_clk_wiz_0_0
    MMCME2_ADV_X0Y1      MMCME2_ADV (Prop_mmcme2_adv_CLKIN1_CLKOUT0)
                                                     -7.105    -4.522 r  audio_AXI_DMA_i/clk_wiz_0/inst/mmcm_adv_inst/CLKOUT0
                         net (fo=1, routed)           1.599    -2.923    audio_AXI_DMA_i/clk_wiz_0/inst/clk_out1_audio_AXI_DMA_clk_wiz_0_0
    BUFGCTRL_X0Y16       BUFG (Prop_bufg_I_O)         0.091    -2.832 r  audio_AXI_DMA_i/clk_wiz_0/inst/clkout1_buf/O
                         net (fo=5663, routed)        1.496    -1.336    audio_AXI_DMA_i/axis_data_fifo_1/inst/gen_fifo.xpm_fifo_axis_inst/xpm_fifo_base_inst/gen_cdc_pntr.wr_pntr_cdc_inst/src_clk
    SLICE_X27Y15         FDRE                                         r  audio_AXI_DMA_i/axis_data_fifo_1/inst/gen_fifo.xpm_fifo_axis_inst/xpm_fifo_base_inst/gen_cdc_pntr.wr_pntr_cdc_inst/src_gray_ff_reg[5]/C
  -------------------------------------------------------------------    -------------------
    SLICE_X27Y15         FDRE (Prop_fdre_C_Q)         0.337    -0.999 r  audio_AXI_DMA_i/axis_data_fifo_1/inst/gen_fifo.xpm_fifo_axis_inst/xpm_fifo_base_inst/gen_cdc_pntr.wr_pntr_cdc_inst/src_gray_ff_reg[5]/Q
                         net (fo=1, routed)           0.384    -0.615    audio_AXI_DMA_i/axis_data_fifo_1/inst/gen_fifo.xpm_fifo_axis_inst/xpm_fifo_base_inst/gen_cdc_pntr.wr_pntr_cdc_inst/async_path[5]
    SLICE_X28Y16         FDRE                                         r  audio_AXI_DMA_i/axis_data_fifo_1/inst/gen_fifo.xpm_fifo_axis_inst/xpm_fifo_base_inst/gen_cdc_pntr.wr_pntr_cdc_inst/dest_graysync_ff_reg[0][5]/D
  -------------------------------------------------------------------    -------------------

                         (clock clk_fpga_0 rise edge)
                                                      0.000     0.000 r  
    PS7_X0Y0             PS7                          0.000     0.000 r  audio_AXI_DMA_i/processing_system7_0/inst/PS7_i/FCLKCLK[0]
                         net (fo=1, routed)           1.207     1.207    audio_AXI_DMA_i/processing_system7_0/inst/FCLK_CLK_unbuffered[0]
    BUFGCTRL_X0Y0        BUFG (Prop_bufg_I_O)         0.101     1.308 r  audio_AXI_DMA_i/processing_system7_0/inst/buffer_fclk_clk_0.FCLK_CLK_0_BUFG/O
                         net (fo=5252, routed)        1.666     2.974    audio_AXI_DMA_i/axis_data_fifo_1/inst/gen_fifo.xpm_fifo_axis_inst/xpm_fifo_base_inst/gen_cdc_pntr.wr_pntr_cdc_inst/dest_clk
    SLICE_X28Y16         FDRE                                         r  audio_AXI_DMA_i/axis_data_fifo_1/inst/gen_fifo.xpm_fifo_axis_inst/xpm_fifo_base_inst/gen_cdc_pntr.wr_pntr_cdc_inst/dest_graysync_ff_reg[0][5]/C
                         clock pessimism              0.000     2.974    
    SLICE_X28Y16         FDRE (Hold_fdre_C_D)         0.091     3.065    audio_AXI_DMA_i/axis_data_fifo_1/inst/gen_fifo.xpm_fifo_axis_inst/xpm_fifo_base_inst/gen_cdc_pntr.wr_pntr_cdc_inst/dest_graysync_ff_reg[0][5]
  -------------------------------------------------------------------
                         data arrival                          -0.615    
                         clock arrival                          3.065    
  -------------------------------------------------------------------
                         relative delay                        -3.680    



Id: 7
set_bus_skew -from [get_cells [list {audio_AXI_DMA_i/ps7_0_axi_periph/m00_couplers/auto_cc/inst/gen_clock_conv.gen_async_lite_conv.clock_conv_lite_fwd_ar/handshake/src_hsdata_ff_reg[5]} {audio_AXI_DMA_i/ps7_0_axi_periph/m00_couplers/auto_cc/inst/gen_clock_conv.gen_async_lite_conv.clock_conv_lite_fwd_ar/handshake/src_hsdata_ff_reg[6]} {audio_AXI_DMA_i/ps7_0_axi_periph/m00_couplers/auto_cc/inst/gen_clock_conv.gen_async_lite_conv.clock_conv_lite_fwd_ar/handshake/src_hsdata_ff_reg[7]} {audio_AXI_DMA_i/ps7_0_axi_periph/m00_couplers/auto_cc/inst/gen_clock_conv.gen_async_lite_conv.clock_conv_lite_fwd_ar/handshake/src_hsdata_ff_reg[2]} {audio_AXI_DMA_i/ps7_0_axi_periph/m00_couplers/auto_cc/inst/gen_clock_conv.gen_async_lite_conv.clock_conv_lite_fwd_ar/handshake/src_hsdata_ff_reg[3]} {audio_AXI_DMA_i/ps7_0_axi_periph/m00_couplers/auto_cc/inst/gen_clock_conv.gen_async_lite_conv.clock_conv_lite_fwd_ar/handshake/src_hsdata_ff_reg[4]}]] -to [get_cells [list {audio_AXI_DMA_i/ps7_0_axi_periph/m00_couplers/auto_cc/inst/gen_clock_conv.gen_async_lite_conv.clock_conv_lite_fwd_ar/handshake/dest_hsdata_ff_reg[5]} {audio_AXI_DMA_i/ps7_0_axi_periph/m00_couplers/auto_cc/inst/gen_clock_conv.gen_async_lite_conv.clock_conv_lite_fwd_ar/handshake/dest_hsdata_ff_reg[6]} {audio_AXI_DMA_i/ps7_0_axi_periph/m00_couplers/auto_cc/inst/gen_clock_conv.gen_async_lite_conv.clock_conv_lite_fwd_ar/handshake/dest_hsdata_ff_reg[7]} {audio_AXI_DMA_i/ps7_0_axi_periph/m00_couplers/auto_cc/inst/gen_clock_conv.gen_async_lite_conv.clock_conv_lite_fwd_ar/handshake/dest_hsdata_ff_reg[2]} {audio_AXI_DMA_i/ps7_0_axi_periph/m00_couplers/auto_cc/inst/gen_clock_conv.gen_async_lite_conv.clock_conv_lite_fwd_ar/handshake/dest_hsdata_ff_reg[3]} {audio_AXI_DMA_i/ps7_0_axi_periph/m00_couplers/auto_cc/inst/gen_clock_conv.gen_async_lite_conv.clock_conv_lite_fwd_ar/handshake/dest_hsdata_ff_reg[4]}]] 244.125
Requirement: 244.125ns
Endpoints: 6

From Clock            To Clock              Endpoint Pin                    Reference Pin                   Corner  Actual(ns)  Slack(ns)
--------------------  --------------------  ------------------------------  ------------------------------  ------  ----------  ---------
clk_fpga_0            clk_out1_audio_AXI_DMA_clk_wiz_0_0
                                            audio_AXI_DMA_i/ps7_0_axi_periph/m00_couplers/auto_cc/inst/gen_clock_conv.gen_async_lite_conv.clock_conv_lite_fwd_ar/handshake/dest_hsdata_ff_reg[7]/D
                                                                            audio_AXI_DMA_i/ps7_0_axi_periph/m00_couplers/auto_cc/inst/gen_clock_conv.gen_async_lite_conv.clock_conv_lite_fwd_ar/handshake/dest_hsdata_ff_reg[3]/D
                                                                                                            Slow         0.874    243.251


Slack (MET) :             243.251ns  (requirement - actual skew)
  Endpoint Source:        audio_AXI_DMA_i/ps7_0_axi_periph/m00_couplers/auto_cc/inst/gen_clock_conv.gen_async_lite_conv.clock_conv_lite_fwd_ar/handshake/src_hsdata_ff_reg[7]/C
                            (rising edge-triggered cell FDRE clocked by clk_fpga_0)
  Endpoint Destination:   audio_AXI_DMA_i/ps7_0_axi_periph/m00_couplers/auto_cc/inst/gen_clock_conv.gen_async_lite_conv.clock_conv_lite_fwd_ar/handshake/dest_hsdata_ff_reg[7]/D
                            (rising edge-triggered cell FDRE clocked by clk_out1_audio_AXI_DMA_clk_wiz_0_0)
  Reference Source:       audio_AXI_DMA_i/ps7_0_axi_periph/m00_couplers/auto_cc/inst/gen_clock_conv.gen_async_lite_conv.clock_conv_lite_fwd_ar/handshake/src_hsdata_ff_reg[3]/C
                            (rising edge-triggered cell FDRE clocked by clk_fpga_0)
  Reference Destination:  audio_AXI_DMA_i/ps7_0_axi_periph/m00_couplers/auto_cc/inst/gen_clock_conv.gen_async_lite_conv.clock_conv_lite_fwd_ar/handshake/dest_hsdata_ff_reg[3]/D
                            (rising edge-triggered cell FDRE clocked by clk_out1_audio_AXI_DMA_clk_wiz_0_0)
  Path Type:              Bus Skew (Max at Slow Process Corner)
  Requirement:            244.125ns
  Endpoint Relative Delay:    5.568ns
  Reference Relative Delay:   3.990ns
  Relative CRPR:              0.704ns
  Actual Bus Skew:            0.874ns  (Endpoint Relative Delay - Reference Relative Delay - Relative CRPR)

Endpoint path:
    Location             Delay type                Incr(ns)  Path(ns)    Netlist Resource(s)
  -------------------------------------------------------------------    -------------------
                         (clock clk_fpga_0 rise edge)
                                                      0.000     0.000 r  
    PS7_X0Y0             PS7                          0.000     0.000 r  audio_AXI_DMA_i/processing_system7_0/inst/PS7_i/FCLKCLK[0]
                         net (fo=1, routed)           1.207     1.207    audio_AXI_DMA_i/processing_system7_0/inst/FCLK_CLK_unbuffered[0]
    BUFGCTRL_X0Y0        BUFG (Prop_bufg_I_O)         0.101     1.308 r  audio_AXI_DMA_i/processing_system7_0/inst/buffer_fclk_clk_0.FCLK_CLK_0_BUFG/O
                         net (fo=5252, routed)        1.681     2.989    audio_AXI_DMA_i/ps7_0_axi_periph/m00_couplers/auto_cc/inst/gen_clock_conv.gen_async_lite_conv.clock_conv_lite_fwd_ar/handshake/src_clk
    SLICE_X12Y46         FDRE                                         r  audio_AXI_DMA_i/ps7_0_axi_periph/m00_couplers/auto_cc/inst/gen_clock_conv.gen_async_lite_conv.clock_conv_lite_fwd_ar/handshake/src_hsdata_ff_reg[7]/C
  -------------------------------------------------------------------    -------------------
    SLICE_X12Y46         FDRE (Prop_fdre_C_Q)         0.518     3.507 r  audio_AXI_DMA_i/ps7_0_axi_periph/m00_couplers/auto_cc/inst/gen_clock_conv.gen_async_lite_conv.clock_conv_lite_fwd_ar/handshake/src_hsdata_ff_reg[7]/Q
                         net (fo=1, routed)           0.700     4.207    audio_AXI_DMA_i/ps7_0_axi_periph/m00_couplers/auto_cc/inst/gen_clock_conv.gen_async_lite_conv.clock_conv_lite_fwd_ar/handshake/src_hsdata_ff[7]
    SLICE_X12Y50         FDRE                                         r  audio_AXI_DMA_i/ps7_0_axi_periph/m00_couplers/auto_cc/inst/gen_clock_conv.gen_async_lite_conv.clock_conv_lite_fwd_ar/handshake/dest_hsdata_ff_reg[7]/D
  -------------------------------------------------------------------    -------------------

                         (clock clk_out1_audio_AXI_DMA_clk_wiz_0_0 rise edge)
                                                      0.000     0.000 r  
    L16                                               0.000     0.000 r  sys_clock (IN)
                         net (fo=0)                   0.000     0.000    audio_AXI_DMA_i/clk_wiz_0/inst/clk_in1
    L16                  IBUF (Prop_ibuf_I_O)         1.421     1.421 r  audio_AXI_DMA_i/clk_wiz_0/inst/clkin1_ibufg/O
                         net (fo=1, routed)           1.162     2.583    audio_AXI_DMA_i/clk_wiz_0/inst/clk_in1_audio_AXI_DMA_clk_wiz_0_0
    MMCME2_ADV_X0Y1      MMCME2_ADV (Prop_mmcme2_adv_CLKIN1_CLKOUT0)
                                                     -7.105    -4.522 r  audio_AXI_DMA_i/clk_wiz_0/inst/mmcm_adv_inst/CLKOUT0
                         net (fo=1, routed)           1.599    -2.923    audio_AXI_DMA_i/clk_wiz_0/inst/clk_out1_audio_AXI_DMA_clk_wiz_0_0
    BUFGCTRL_X0Y16       BUFG (Prop_bufg_I_O)         0.091    -2.832 r  audio_AXI_DMA_i/clk_wiz_0/inst/clkout1_buf/O
                         net (fo=5663, routed)        1.495    -1.337    audio_AXI_DMA_i/ps7_0_axi_periph/m00_couplers/auto_cc/inst/gen_clock_conv.gen_async_lite_conv.clock_conv_lite_fwd_ar/handshake/dest_clk
    SLICE_X12Y50         FDRE                                         r  audio_AXI_DMA_i/ps7_0_axi_periph/m00_couplers/auto_cc/inst/gen_clock_conv.gen_async_lite_conv.clock_conv_lite_fwd_ar/handshake/dest_hsdata_ff_reg[7]/C
                         clock pessimism              0.000    -1.337    
    SLICE_X12Y50         FDRE (Setup_fdre_C_D)       -0.024    -1.361    audio_AXI_DMA_i/ps7_0_axi_periph/m00_couplers/auto_cc/inst/gen_clock_conv.gen_async_lite_conv.clock_conv_lite_fwd_ar/handshake/dest_hsdata_ff_reg[7]
  -------------------------------------------------------------------
                         data arrival                           4.207    
                         clock arrival                         -1.361    
  -------------------------------------------------------------------
                         relative delay                         5.568    

Reference path:
    Location             Delay type                Incr(ns)  Path(ns)    Netlist Resource(s)
  -------------------------------------------------------------------    -------------------
                         (clock clk_fpga_0 rise edge)
                                                      0.000     0.000 r  
    PS7_X0Y0             PS7                          0.000     0.000 r  audio_AXI_DMA_i/processing_system7_0/inst/PS7_i/FCLKCLK[0]
                         net (fo=1, routed)           1.101     1.101    audio_AXI_DMA_i/processing_system7_0/inst/FCLK_CLK_unbuffered[0]
    BUFGCTRL_X0Y0        BUFG (Prop_bufg_I_O)         0.091     1.192 r  audio_AXI_DMA_i/processing_system7_0/inst/buffer_fclk_clk_0.FCLK_CLK_0_BUFG/O
                         net (fo=5252, routed)        1.492     2.684    audio_AXI_DMA_i/ps7_0_axi_periph/m00_couplers/auto_cc/inst/gen_clock_conv.gen_async_lite_conv.clock_conv_lite_fwd_ar/handshake/src_clk
    SLICE_X15Y52         FDRE                                         r  audio_AXI_DMA_i/ps7_0_axi_periph/m00_couplers/auto_cc/inst/gen_clock_conv.gen_async_lite_conv.clock_conv_lite_fwd_ar/handshake/src_hsdata_ff_reg[3]/C
  -------------------------------------------------------------------    -------------------
    SLICE_X15Y52         FDRE (Prop_fdre_C_Q)         0.367     3.051 r  audio_AXI_DMA_i/ps7_0_axi_periph/m00_couplers/auto_cc/inst/gen_clock_conv.gen_async_lite_conv.clock_conv_lite_fwd_ar/handshake/src_hsdata_ff_reg[3]/Q
                         net (fo=1, routed)           0.423     3.473    audio_AXI_DMA_i/ps7_0_axi_periph/m00_couplers/auto_cc/inst/gen_clock_conv.gen_async_lite_conv.clock_conv_lite_fwd_ar/handshake/src_hsdata_ff[3]
    SLICE_X15Y53         FDRE                                         r  audio_AXI_DMA_i/ps7_0_axi_periph/m00_couplers/auto_cc/inst/gen_clock_conv.gen_async_lite_conv.clock_conv_lite_fwd_ar/handshake/dest_hsdata_ff_reg[3]/D
  -------------------------------------------------------------------    -------------------

                         (clock clk_out1_audio_AXI_DMA_clk_wiz_0_0 rise edge)
                                                      0.000     0.000 r  
    L16                                               0.000     0.000 r  sys_clock (IN)
                         net (fo=0)                   0.000     0.000    audio_AXI_DMA_i/clk_wiz_0/inst/clk_in1
    L16                  IBUF (Prop_ibuf_I_O)         1.491     1.491 r  audio_AXI_DMA_i/clk_wiz_0/inst/clkin1_ibufg/O
                         net (fo=1, routed)           1.285     2.776    audio_AXI_DMA_i/clk_wiz_0/inst/clk_in1_audio_AXI_DMA_clk_wiz_0_0
    MMCME2_ADV_X0Y1      MMCME2_ADV (Prop_mmcme2_adv_CLKIN1_CLKOUT0)
                                                     -6.996    -4.220 r  audio_AXI_DMA_i/clk_wiz_0/inst/mmcm_adv_inst/CLKOUT0
                         net (fo=1, routed)           1.760    -2.460    audio_AXI_DMA_i/clk_wiz_0/inst/clk_out1_audio_AXI_DMA_clk_wiz_0_0
    BUFGCTRL_X0Y16       BUFG (Prop_bufg_I_O)         0.101    -2.359 r  audio_AXI_DMA_i/clk_wiz_0/inst/clkout1_buf/O
                         net (fo=5663, routed)        1.662    -0.697    audio_AXI_DMA_i/ps7_0_axi_periph/m00_couplers/auto_cc/inst/gen_clock_conv.gen_async_lite_conv.clock_conv_lite_fwd_ar/handshake/dest_clk
    SLICE_X15Y53         FDRE                                         r  audio_AXI_DMA_i/ps7_0_axi_periph/m00_couplers/auto_cc/inst/gen_clock_conv.gen_async_lite_conv.clock_conv_lite_fwd_ar/handshake/dest_hsdata_ff_reg[3]/C
                         clock pessimism              0.000    -0.697    
    SLICE_X15Y53         FDRE (Hold_fdre_C_D)         0.180    -0.517    audio_AXI_DMA_i/ps7_0_axi_periph/m00_couplers/auto_cc/inst/gen_clock_conv.gen_async_lite_conv.clock_conv_lite_fwd_ar/handshake/dest_hsdata_ff_reg[3]
  -------------------------------------------------------------------
                         data arrival                           3.473    
                         clock arrival                         -0.517    
  -------------------------------------------------------------------
                         relative delay                         3.990    



Id: 8
set_bus_skew -from [get_cells [list {audio_AXI_DMA_i/ps7_0_axi_periph/m00_couplers/auto_cc/inst/gen_clock_conv.gen_async_lite_conv.clock_conv_lite_fwd_w/handshake/src_hsdata_ff_reg[0]} \
          {audio_AXI_DMA_i/ps7_0_axi_periph/m00_couplers/auto_cc/inst/gen_clock_conv.gen_async_lite_conv.clock_conv_lite_fwd_w/handshake/src_hsdata_ff_reg[10]} \
          {audio_AXI_DMA_i/ps7_0_axi_periph/m00_couplers/auto_cc/inst/gen_clock_conv.gen_async_lite_conv.clock_conv_lite_fwd_w/handshake/src_hsdata_ff_reg[11]} \
          {audio_AXI_DMA_i/ps7_0_axi_periph/m00_couplers/auto_cc/inst/gen_clock_conv.gen_async_lite_conv.clock_conv_lite_fwd_w/handshake/src_hsdata_ff_reg[12]} \
          {audio_AXI_DMA_i/ps7_0_axi_periph/m00_couplers/auto_cc/inst/gen_clock_conv.gen_async_lite_conv.clock_conv_lite_fwd_w/handshake/src_hsdata_ff_reg[13]} \
          {audio_AXI_DMA_i/ps7_0_axi_periph/m00_couplers/auto_cc/inst/gen_clock_conv.gen_async_lite_conv.clock_conv_lite_fwd_w/handshake/src_hsdata_ff_reg[14]} \
          {audio_AXI_DMA_i/ps7_0_axi_periph/m00_couplers/auto_cc/inst/gen_clock_conv.gen_async_lite_conv.clock_conv_lite_fwd_w/handshake/src_hsdata_ff_reg[15]} \
          {audio_AXI_DMA_i/ps7_0_axi_periph/m00_couplers/auto_cc/inst/gen_clock_conv.gen_async_lite_conv.clock_conv_lite_fwd_w/handshake/src_hsdata_ff_reg[16]} \
          {audio_AXI_DMA_i/ps7_0_axi_periph/m00_couplers/auto_cc/inst/gen_clock_conv.gen_async_lite_conv.clock_conv_lite_fwd_w/handshake/src_hsdata_ff_reg[17]} \
          {audio_AXI_DMA_i/ps7_0_axi_periph/m00_couplers/auto_cc/inst/gen_clock_conv.gen_async_lite_conv.clock_conv_lite_fwd_w/handshake/src_hsdata_ff_reg[18]} \
          {audio_AXI_DMA_i/ps7_0_axi_periph/m00_couplers/auto_cc/inst/gen_clock_conv.gen_async_lite_conv.clock_conv_lite_fwd_w/handshake/src_hsdata_ff_reg[19]} \
          {audio_AXI_DMA_i/ps7_0_axi_periph/m00_couplers/auto_cc/inst/gen_clock_conv.gen_async_lite_conv.clock_conv_lite_fwd_w/handshake/src_hsdata_ff_reg[1]} \
          {audio_AXI_DMA_i/ps7_0_axi_periph/m00_couplers/auto_cc/inst/gen_clock_conv.gen_async_lite_conv.clock_conv_lite_fwd_w/handshake/src_hsdata_ff_reg[20]} \
          {audio_AXI_DMA_i/ps7_0_axi_periph/m00_couplers/auto_cc/inst/gen_clock_conv.gen_async_lite_conv.clock_conv_lite_fwd_w/handshake/src_hsdata_ff_reg[21]} \
          {audio_AXI_DMA_i/ps7_0_axi_periph/m00_couplers/auto_cc/inst/gen_clock_conv.gen_async_lite_conv.clock_conv_lite_fwd_w/handshake/src_hsdata_ff_reg[22]} \
          {audio_AXI_DMA_i/ps7_0_axi_periph/m00_couplers/auto_cc/inst/gen_clock_conv.gen_async_lite_conv.clock_conv_lite_fwd_w/handshake/src_hsdata_ff_reg[23]} \
          {audio_AXI_DMA_i/ps7_0_axi_periph/m00_couplers/auto_cc/inst/gen_clock_conv.gen_async_lite_conv.clock_conv_lite_fwd_w/handshake/src_hsdata_ff_reg[24]} \
          {audio_AXI_DMA_i/ps7_0_axi_periph/m00_couplers/auto_cc/inst/gen_clock_conv.gen_async_lite_conv.clock_conv_lite_fwd_w/handshake/src_hsdata_ff_reg[25]} \
          {audio_AXI_DMA_i/ps7_0_axi_periph/m00_couplers/auto_cc/inst/gen_clock_conv.gen_async_lite_conv.clock_conv_lite_fwd_w/handshake/src_hsdata_ff_reg[26]} \
          {audio_AXI_DMA_i/ps7_0_axi_periph/m00_couplers/auto_cc/inst/gen_clock_conv.gen_async_lite_conv.clock_conv_lite_fwd_w/handshake/src_hsdata_ff_reg[27]} \
          {audio_AXI_DMA_i/ps7_0_axi_periph/m00_couplers/auto_cc/inst/gen_clock_conv.gen_async_lite_conv.clock_conv_lite_fwd_w/handshake/src_hsdata_ff_reg[28]} \
          {audio_AXI_DMA_i/ps7_0_axi_periph/m00_couplers/auto_cc/inst/gen_clock_conv.gen_async_lite_conv.clock_conv_lite_fwd_w/handshake/src_hsdata_ff_reg[29]} \
          {audio_AXI_DMA_i/ps7_0_axi_periph/m00_couplers/auto_cc/inst/gen_clock_conv.gen_async_lite_conv.clock_conv_lite_fwd_w/handshake/src_hsdata_ff_reg[2]} \
          {audio_AXI_DMA_i/ps7_0_axi_periph/m00_couplers/auto_cc/inst/gen_clock_conv.gen_async_lite_conv.clock_conv_lite_fwd_w/handshake/src_hsdata_ff_reg[30]} \
          {audio_AXI_DMA_i/ps7_0_axi_periph/m00_couplers/auto_cc/inst/gen_clock_conv.gen_async_lite_conv.clock_conv_lite_fwd_w/handshake/src_hsdata_ff_reg[31]} \
          {audio_AXI_DMA_i/ps7_0_axi_periph/m00_couplers/auto_cc/inst/gen_clock_conv.gen_async_lite_conv.clock_conv_lite_fwd_w/handshake/src_hsdata_ff_reg[32]} \
          {audio_AXI_DMA_i/ps7_0_axi_periph/m00_couplers/auto_cc/inst/gen_clock_conv.gen_async_lite_conv.clock_conv_lite_fwd_w/handshake/src_hsdata_ff_reg[33]} \
          {audio_AXI_DMA_i/ps7_0_axi_periph/m00_couplers/auto_cc/inst/gen_clock_conv.gen_async_lite_conv.clock_conv_lite_fwd_w/handshake/src_hsdata_ff_reg[34]} \
          {audio_AXI_DMA_i/ps7_0_axi_periph/m00_couplers/auto_cc/inst/gen_clock_conv.gen_async_lite_conv.clock_conv_lite_fwd_w/handshake/src_hsdata_ff_reg[35]} \
          {audio_AXI_DMA_i/ps7_0_axi_periph/m00_couplers/auto_cc/inst/gen_clock_conv.gen_async_lite_conv.clock_conv_lite_fwd_w/handshake/src_hsdata_ff_reg[3]} \
          {audio_AXI_DMA_i/ps7_0_axi_periph/m00_couplers/auto_cc/inst/gen_clock_conv.gen_async_lite_conv.clock_conv_lite_fwd_w/handshake/src_hsdata_ff_reg[4]} \
          {audio_AXI_DMA_i/ps7_0_axi_periph/m00_couplers/auto_cc/inst/gen_clock_conv.gen_async_lite_conv.clock_conv_lite_fwd_w/handshake/src_hsdata_ff_reg[5]} \
          {audio_AXI_DMA_i/ps7_0_axi_periph/m00_couplers/auto_cc/inst/gen_clock_conv.gen_async_lite_conv.clock_conv_lite_fwd_w/handshake/src_hsdata_ff_reg[6]} \
          {audio_AXI_DMA_i/ps7_0_axi_periph/m00_couplers/auto_cc/inst/gen_clock_conv.gen_async_lite_conv.clock_conv_lite_fwd_w/handshake/src_hsdata_ff_reg[7]} \
          {audio_AXI_DMA_i/ps7_0_axi_periph/m00_couplers/auto_cc/inst/gen_clock_conv.gen_async_lite_conv.clock_conv_lite_fwd_w/handshake/src_hsdata_ff_reg[8]} \
          {audio_AXI_DMA_i/ps7_0_axi_periph/m00_couplers/auto_cc/inst/gen_clock_conv.gen_async_lite_conv.clock_conv_lite_fwd_w/handshake/src_hsdata_ff_reg[9]}]] -to [get_cells [list {audio_AXI_DMA_i/ps7_0_axi_periph/m00_couplers/auto_cc/inst/gen_clock_conv.gen_async_lite_conv.clock_conv_lite_fwd_w/handshake/dest_hsdata_ff_reg[0]} \
          {audio_AXI_DMA_i/ps7_0_axi_periph/m00_couplers/auto_cc/inst/gen_clock_conv.gen_async_lite_conv.clock_conv_lite_fwd_w/handshake/dest_hsdata_ff_reg[10]} \
          {audio_AXI_DMA_i/ps7_0_axi_periph/m00_couplers/auto_cc/inst/gen_clock_conv.gen_async_lite_conv.clock_conv_lite_fwd_w/handshake/dest_hsdata_ff_reg[11]} \
          {audio_AXI_DMA_i/ps7_0_axi_periph/m00_couplers/auto_cc/inst/gen_clock_conv.gen_async_lite_conv.clock_conv_lite_fwd_w/handshake/dest_hsdata_ff_reg[12]} \
          {audio_AXI_DMA_i/ps7_0_axi_periph/m00_couplers/auto_cc/inst/gen_clock_conv.gen_async_lite_conv.clock_conv_lite_fwd_w/handshake/dest_hsdata_ff_reg[13]} \
          {audio_AXI_DMA_i/ps7_0_axi_periph/m00_couplers/auto_cc/inst/gen_clock_conv.gen_async_lite_conv.clock_conv_lite_fwd_w/handshake/dest_hsdata_ff_reg[14]} \
          {audio_AXI_DMA_i/ps7_0_axi_periph/m00_couplers/auto_cc/inst/gen_clock_conv.gen_async_lite_conv.clock_conv_lite_fwd_w/handshake/dest_hsdata_ff_reg[15]} \
          {audio_AXI_DMA_i/ps7_0_axi_periph/m00_couplers/auto_cc/inst/gen_clock_conv.gen_async_lite_conv.clock_conv_lite_fwd_w/handshake/dest_hsdata_ff_reg[16]} \
          {audio_AXI_DMA_i/ps7_0_axi_periph/m00_couplers/auto_cc/inst/gen_clock_conv.gen_async_lite_conv.clock_conv_lite_fwd_w/handshake/dest_hsdata_ff_reg[17]} \
          {audio_AXI_DMA_i/ps7_0_axi_periph/m00_couplers/auto_cc/inst/gen_clock_conv.gen_async_lite_conv.clock_conv_lite_fwd_w/handshake/dest_hsdata_ff_reg[18]} \
          {audio_AXI_DMA_i/ps7_0_axi_periph/m00_couplers/auto_cc/inst/gen_clock_conv.gen_async_lite_conv.clock_conv_lite_fwd_w/handshake/dest_hsdata_ff_reg[19]} \
          {audio_AXI_DMA_i/ps7_0_axi_periph/m00_couplers/auto_cc/inst/gen_clock_conv.gen_async_lite_conv.clock_conv_lite_fwd_w/handshake/dest_hsdata_ff_reg[1]} \
          {audio_AXI_DMA_i/ps7_0_axi_periph/m00_couplers/auto_cc/inst/gen_clock_conv.gen_async_lite_conv.clock_conv_lite_fwd_w/handshake/dest_hsdata_ff_reg[20]} \
          {audio_AXI_DMA_i/ps7_0_axi_periph/m00_couplers/auto_cc/inst/gen_clock_conv.gen_async_lite_conv.clock_conv_lite_fwd_w/handshake/dest_hsdata_ff_reg[21]} \
          {audio_AXI_DMA_i/ps7_0_axi_periph/m00_couplers/auto_cc/inst/gen_clock_conv.gen_async_lite_conv.clock_conv_lite_fwd_w/handshake/dest_hsdata_ff_reg[22]} \
          {audio_AXI_DMA_i/ps7_0_axi_periph/m00_couplers/auto_cc/inst/gen_clock_conv.gen_async_lite_conv.clock_conv_lite_fwd_w/handshake/dest_hsdata_ff_reg[23]} \
          {audio_AXI_DMA_i/ps7_0_axi_periph/m00_couplers/auto_cc/inst/gen_clock_conv.gen_async_lite_conv.clock_conv_lite_fwd_w/handshake/dest_hsdata_ff_reg[24]} \
          {audio_AXI_DMA_i/ps7_0_axi_periph/m00_couplers/auto_cc/inst/gen_clock_conv.gen_async_lite_conv.clock_conv_lite_fwd_w/handshake/dest_hsdata_ff_reg[25]} \
          {audio_AXI_DMA_i/ps7_0_axi_periph/m00_couplers/auto_cc/inst/gen_clock_conv.gen_async_lite_conv.clock_conv_lite_fwd_w/handshake/dest_hsdata_ff_reg[26]} \
          {audio_AXI_DMA_i/ps7_0_axi_periph/m00_couplers/auto_cc/inst/gen_clock_conv.gen_async_lite_conv.clock_conv_lite_fwd_w/handshake/dest_hsdata_ff_reg[27]} \
          {audio_AXI_DMA_i/ps7_0_axi_periph/m00_couplers/auto_cc/inst/gen_clock_conv.gen_async_lite_conv.clock_conv_lite_fwd_w/handshake/dest_hsdata_ff_reg[28]} \
          {audio_AXI_DMA_i/ps7_0_axi_periph/m00_couplers/auto_cc/inst/gen_clock_conv.gen_async_lite_conv.clock_conv_lite_fwd_w/handshake/dest_hsdata_ff_reg[29]} \
          {audio_AXI_DMA_i/ps7_0_axi_periph/m00_couplers/auto_cc/inst/gen_clock_conv.gen_async_lite_conv.clock_conv_lite_fwd_w/handshake/dest_hsdata_ff_reg[2]} \
          {audio_AXI_DMA_i/ps7_0_axi_periph/m00_couplers/auto_cc/inst/gen_clock_conv.gen_async_lite_conv.clock_conv_lite_fwd_w/handshake/dest_hsdata_ff_reg[30]} \
          {audio_AXI_DMA_i/ps7_0_axi_periph/m00_couplers/auto_cc/inst/gen_clock_conv.gen_async_lite_conv.clock_conv_lite_fwd_w/handshake/dest_hsdata_ff_reg[31]} \
          {audio_AXI_DMA_i/ps7_0_axi_periph/m00_couplers/auto_cc/inst/gen_clock_conv.gen_async_lite_conv.clock_conv_lite_fwd_w/handshake/dest_hsdata_ff_reg[32]} \
          {audio_AXI_DMA_i/ps7_0_axi_periph/m00_couplers/auto_cc/inst/gen_clock_conv.gen_async_lite_conv.clock_conv_lite_fwd_w/handshake/dest_hsdata_ff_reg[33]} \
          {audio_AXI_DMA_i/ps7_0_axi_periph/m00_couplers/auto_cc/inst/gen_clock_conv.gen_async_lite_conv.clock_conv_lite_fwd_w/handshake/dest_hsdata_ff_reg[34]} \
          {audio_AXI_DMA_i/ps7_0_axi_periph/m00_couplers/auto_cc/inst/gen_clock_conv.gen_async_lite_conv.clock_conv_lite_fwd_w/handshake/dest_hsdata_ff_reg[35]} \
          {audio_AXI_DMA_i/ps7_0_axi_periph/m00_couplers/auto_cc/inst/gen_clock_conv.gen_async_lite_conv.clock_conv_lite_fwd_w/handshake/dest_hsdata_ff_reg[3]} \
          {audio_AXI_DMA_i/ps7_0_axi_periph/m00_couplers/auto_cc/inst/gen_clock_conv.gen_async_lite_conv.clock_conv_lite_fwd_w/handshake/dest_hsdata_ff_reg[4]} \
          {audio_AXI_DMA_i/ps7_0_axi_periph/m00_couplers/auto_cc/inst/gen_clock_conv.gen_async_lite_conv.clock_conv_lite_fwd_w/handshake/dest_hsdata_ff_reg[5]} \
          {audio_AXI_DMA_i/ps7_0_axi_periph/m00_couplers/auto_cc/inst/gen_clock_conv.gen_async_lite_conv.clock_conv_lite_fwd_w/handshake/dest_hsdata_ff_reg[6]} \
          {audio_AXI_DMA_i/ps7_0_axi_periph/m00_couplers/auto_cc/inst/gen_clock_conv.gen_async_lite_conv.clock_conv_lite_fwd_w/handshake/dest_hsdata_ff_reg[7]} \
          {audio_AXI_DMA_i/ps7_0_axi_periph/m00_couplers/auto_cc/inst/gen_clock_conv.gen_async_lite_conv.clock_conv_lite_fwd_w/handshake/dest_hsdata_ff_reg[8]} \
          {audio_AXI_DMA_i/ps7_0_axi_periph/m00_couplers/auto_cc/inst/gen_clock_conv.gen_async_lite_conv.clock_conv_lite_fwd_w/handshake/dest_hsdata_ff_reg[9]}]] 244.125
Requirement: 244.125ns
Endpoints: 36

From Clock            To Clock              Endpoint Pin                    Reference Pin                   Corner  Actual(ns)  Slack(ns)
--------------------  --------------------  ------------------------------  ------------------------------  ------  ----------  ---------
clk_fpga_0            clk_out1_audio_AXI_DMA_clk_wiz_0_0
                                            audio_AXI_DMA_i/ps7_0_axi_periph/m00_couplers/auto_cc/inst/gen_clock_conv.gen_async_lite_conv.clock_conv_lite_fwd_w/handshake/dest_hsdata_ff_reg[35]/D
                                                                            audio_AXI_DMA_i/ps7_0_axi_periph/m00_couplers/auto_cc/inst/gen_clock_conv.gen_async_lite_conv.clock_conv_lite_fwd_w/handshake/dest_hsdata_ff_reg[0]/D
                                                                                                            Slow         1.306    242.819


Slack (MET) :             242.819ns  (requirement - actual skew)
  Endpoint Source:        audio_AXI_DMA_i/ps7_0_axi_periph/m00_couplers/auto_cc/inst/gen_clock_conv.gen_async_lite_conv.clock_conv_lite_fwd_w/handshake/src_hsdata_ff_reg[35]/C
                            (rising edge-triggered cell FDRE clocked by clk_fpga_0)
  Endpoint Destination:   audio_AXI_DMA_i/ps7_0_axi_periph/m00_couplers/auto_cc/inst/gen_clock_conv.gen_async_lite_conv.clock_conv_lite_fwd_w/handshake/dest_hsdata_ff_reg[35]/D
                            (rising edge-triggered cell FDRE clocked by clk_out1_audio_AXI_DMA_clk_wiz_0_0)
  Reference Source:       audio_AXI_DMA_i/ps7_0_axi_periph/m00_couplers/auto_cc/inst/gen_clock_conv.gen_async_lite_conv.clock_conv_lite_fwd_w/handshake/src_hsdata_ff_reg[0]/C
                            (rising edge-triggered cell FDRE clocked by clk_fpga_0)
  Reference Destination:  audio_AXI_DMA_i/ps7_0_axi_periph/m00_couplers/auto_cc/inst/gen_clock_conv.gen_async_lite_conv.clock_conv_lite_fwd_w/handshake/dest_hsdata_ff_reg[0]/D
                            (rising edge-triggered cell FDRE clocked by clk_out1_audio_AXI_DMA_clk_wiz_0_0)
  Path Type:              Bus Skew (Max at Slow Process Corner)
  Requirement:            244.125ns
  Endpoint Relative Delay:    5.790ns
  Reference Relative Delay:   3.894ns
  Relative CRPR:              0.589ns
  Actual Bus Skew:            1.306ns  (Endpoint Relative Delay - Reference Relative Delay - Relative CRPR)

Endpoint path:
    Location             Delay type                Incr(ns)  Path(ns)    Netlist Resource(s)
  -------------------------------------------------------------------    -------------------
                         (clock clk_fpga_0 rise edge)
                                                      0.000     0.000 r  
    PS7_X0Y0             PS7                          0.000     0.000 r  audio_AXI_DMA_i/processing_system7_0/inst/PS7_i/FCLKCLK[0]
                         net (fo=1, routed)           1.207     1.207    audio_AXI_DMA_i/processing_system7_0/inst/FCLK_CLK_unbuffered[0]
    BUFGCTRL_X0Y0        BUFG (Prop_bufg_I_O)         0.101     1.308 r  audio_AXI_DMA_i/processing_system7_0/inst/buffer_fclk_clk_0.FCLK_CLK_0_BUFG/O
                         net (fo=5252, routed)        1.670     2.978    audio_AXI_DMA_i/ps7_0_axi_periph/m00_couplers/auto_cc/inst/gen_clock_conv.gen_async_lite_conv.clock_conv_lite_fwd_w/handshake/src_clk
    SLICE_X6Y55          FDRE                                         r  audio_AXI_DMA_i/ps7_0_axi_periph/m00_couplers/auto_cc/inst/gen_clock_conv.gen_async_lite_conv.clock_conv_lite_fwd_w/handshake/src_hsdata_ff_reg[35]/C
  -------------------------------------------------------------------    -------------------
    SLICE_X6Y55          FDRE (Prop_fdre_C_Q)         0.478     3.456 r  audio_AXI_DMA_i/ps7_0_axi_periph/m00_couplers/auto_cc/inst/gen_clock_conv.gen_async_lite_conv.clock_conv_lite_fwd_w/handshake/src_hsdata_ff_reg[35]/Q
                         net (fo=1, routed)           0.752     4.208    audio_AXI_DMA_i/ps7_0_axi_periph/m00_couplers/auto_cc/inst/gen_clock_conv.gen_async_lite_conv.clock_conv_lite_fwd_w/handshake/src_hsdata_ff[35]
    SLICE_X6Y57          FDRE                                         r  audio_AXI_DMA_i/ps7_0_axi_periph/m00_couplers/auto_cc/inst/gen_clock_conv.gen_async_lite_conv.clock_conv_lite_fwd_w/handshake/dest_hsdata_ff_reg[35]/D
  -------------------------------------------------------------------    -------------------

                         (clock clk_out1_audio_AXI_DMA_clk_wiz_0_0 rise edge)
                                                      0.000     0.000 r  
    L16                                               0.000     0.000 r  sys_clock (IN)
                         net (fo=0)                   0.000     0.000    audio_AXI_DMA_i/clk_wiz_0/inst/clk_in1
    L16                  IBUF (Prop_ibuf_I_O)         1.421     1.421 r  audio_AXI_DMA_i/clk_wiz_0/inst/clkin1_ibufg/O
                         net (fo=1, routed)           1.162     2.583    audio_AXI_DMA_i/clk_wiz_0/inst/clk_in1_audio_AXI_DMA_clk_wiz_0_0
    MMCME2_ADV_X0Y1      MMCME2_ADV (Prop_mmcme2_adv_CLKIN1_CLKOUT0)
                                                     -7.105    -4.522 r  audio_AXI_DMA_i/clk_wiz_0/inst/mmcm_adv_inst/CLKOUT0
                         net (fo=1, routed)           1.599    -2.923    audio_AXI_DMA_i/clk_wiz_0/inst/clk_out1_audio_AXI_DMA_clk_wiz_0_0
    BUFGCTRL_X0Y16       BUFG (Prop_bufg_I_O)         0.091    -2.832 r  audio_AXI_DMA_i/clk_wiz_0/inst/clkout1_buf/O
                         net (fo=5663, routed)        1.492    -1.340    audio_AXI_DMA_i/ps7_0_axi_periph/m00_couplers/auto_cc/inst/gen_clock_conv.gen_async_lite_conv.clock_conv_lite_fwd_w/handshake/dest_clk
    SLICE_X6Y57          FDRE                                         r  audio_AXI_DMA_i/ps7_0_axi_periph/m00_couplers/auto_cc/inst/gen_clock_conv.gen_async_lite_conv.clock_conv_lite_fwd_w/handshake/dest_hsdata_ff_reg[35]/C
                         clock pessimism              0.000    -1.340    
    SLICE_X6Y57          FDRE (Setup_fdre_C_D)       -0.241    -1.581    audio_AXI_DMA_i/ps7_0_axi_periph/m00_couplers/auto_cc/inst/gen_clock_conv.gen_async_lite_conv.clock_conv_lite_fwd_w/handshake/dest_hsdata_ff_reg[35]
  -------------------------------------------------------------------
                         data arrival                           4.208    
                         clock arrival                         -1.581    
  -------------------------------------------------------------------
                         relative delay                         5.790    

Reference path:
    Location             Delay type                Incr(ns)  Path(ns)    Netlist Resource(s)
  -------------------------------------------------------------------    -------------------
                         (clock clk_fpga_0 rise edge)
                                                      0.000     0.000 r  
    PS7_X0Y0             PS7                          0.000     0.000 r  audio_AXI_DMA_i/processing_system7_0/inst/PS7_i/FCLKCLK[0]
                         net (fo=1, routed)           1.101     1.101    audio_AXI_DMA_i/processing_system7_0/inst/FCLK_CLK_unbuffered[0]
    BUFGCTRL_X0Y0        BUFG (Prop_bufg_I_O)         0.091     1.192 r  audio_AXI_DMA_i/processing_system7_0/inst/buffer_fclk_clk_0.FCLK_CLK_0_BUFG/O
                         net (fo=5252, routed)        1.501     2.693    audio_AXI_DMA_i/ps7_0_axi_periph/m00_couplers/auto_cc/inst/gen_clock_conv.gen_async_lite_conv.clock_conv_lite_fwd_w/handshake/src_clk
    SLICE_X19Y47         FDRE                                         r  audio_AXI_DMA_i/ps7_0_axi_periph/m00_couplers/auto_cc/inst/gen_clock_conv.gen_async_lite_conv.clock_conv_lite_fwd_w/handshake/src_hsdata_ff_reg[0]/C
  -------------------------------------------------------------------    -------------------
    SLICE_X19Y47         FDRE (Prop_fdre_C_Q)         0.367     3.060 r  audio_AXI_DMA_i/ps7_0_axi_periph/m00_couplers/auto_cc/inst/gen_clock_conv.gen_async_lite_conv.clock_conv_lite_fwd_w/handshake/src_hsdata_ff_reg[0]/Q
                         net (fo=1, routed)           0.382     3.443    audio_AXI_DMA_i/ps7_0_axi_periph/m00_couplers/auto_cc/inst/gen_clock_conv.gen_async_lite_conv.clock_conv_lite_fwd_w/handshake/src_hsdata_ff[0]
    SLICE_X20Y47         FDRE                                         r  audio_AXI_DMA_i/ps7_0_axi_periph/m00_couplers/auto_cc/inst/gen_clock_conv.gen_async_lite_conv.clock_conv_lite_fwd_w/handshake/dest_hsdata_ff_reg[0]/D
  -------------------------------------------------------------------    -------------------

                         (clock clk_out1_audio_AXI_DMA_clk_wiz_0_0 rise edge)
                                                      0.000     0.000 r  
    L16                                               0.000     0.000 r  sys_clock (IN)
                         net (fo=0)                   0.000     0.000    audio_AXI_DMA_i/clk_wiz_0/inst/clk_in1
    L16                  IBUF (Prop_ibuf_I_O)         1.491     1.491 r  audio_AXI_DMA_i/clk_wiz_0/inst/clkin1_ibufg/O
                         net (fo=1, routed)           1.285     2.776    audio_AXI_DMA_i/clk_wiz_0/inst/clk_in1_audio_AXI_DMA_clk_wiz_0_0
    MMCME2_ADV_X0Y1      MMCME2_ADV (Prop_mmcme2_adv_CLKIN1_CLKOUT0)
                                                     -6.996    -4.220 r  audio_AXI_DMA_i/clk_wiz_0/inst/mmcm_adv_inst/CLKOUT0
                         net (fo=1, routed)           1.760    -2.460    audio_AXI_DMA_i/clk_wiz_0/inst/clk_out1_audio_AXI_DMA_clk_wiz_0_0
    BUFGCTRL_X0Y16       BUFG (Prop_bufg_I_O)         0.101    -2.359 r  audio_AXI_DMA_i/clk_wiz_0/inst/clkout1_buf/O
                         net (fo=5663, routed)        1.677    -0.682    audio_AXI_DMA_i/ps7_0_axi_periph/m00_couplers/auto_cc/inst/gen_clock_conv.gen_async_lite_conv.clock_conv_lite_fwd_w/handshake/dest_clk
    SLICE_X20Y47         FDRE                                         r  audio_AXI_DMA_i/ps7_0_axi_periph/m00_couplers/auto_cc/inst/gen_clock_conv.gen_async_lite_conv.clock_conv_lite_fwd_w/handshake/dest_hsdata_ff_reg[0]/C
                         clock pessimism              0.000    -0.682    
    SLICE_X20Y47         FDRE (Hold_fdre_C_D)         0.230    -0.452    audio_AXI_DMA_i/ps7_0_axi_periph/m00_couplers/auto_cc/inst/gen_clock_conv.gen_async_lite_conv.clock_conv_lite_fwd_w/handshake/dest_hsdata_ff_reg[0]
  -------------------------------------------------------------------
                         data arrival                           3.443    
                         clock arrival                         -0.452    
  -------------------------------------------------------------------
                         relative delay                         3.894    



Id: 9
set_bus_skew -from [get_cells [list {audio_AXI_DMA_i/ps7_0_axi_periph/m00_couplers/auto_cc/inst/gen_clock_conv.gen_async_lite_conv.clock_conv_lite_resp_b/handshake/src_hsdata_ff_reg[0]} {audio_AXI_DMA_i/ps7_0_axi_periph/m00_couplers/auto_cc/inst/gen_clock_conv.gen_async_lite_conv.clock_conv_lite_resp_b/handshake/src_hsdata_ff_reg[1]}]] -to [get_cells [list {audio_AXI_DMA_i/ps7_0_axi_periph/m00_couplers/auto_cc/inst/gen_clock_conv.gen_async_lite_conv.clock_conv_lite_resp_b/handshake/dest_hsdata_ff_reg[0]} {audio_AXI_DMA_i/ps7_0_axi_periph/m00_couplers/auto_cc/inst/gen_clock_conv.gen_async_lite_conv.clock_conv_lite_resp_b/handshake/dest_hsdata_ff_reg[1]}]] 30.000
Requirement: 30.000ns
Endpoints: 2

From Clock            To Clock              Endpoint Pin                    Reference Pin                   Corner  Actual(ns)  Slack(ns)
--------------------  --------------------  ------------------------------  ------------------------------  ------  ----------  ---------
clk_out1_audio_AXI_DMA_clk_wiz_0_0
                      clk_fpga_0            audio_AXI_DMA_i/ps7_0_axi_periph/m00_couplers/auto_cc/inst/gen_clock_conv.gen_async_lite_conv.clock_conv_lite_resp_b/handshake/dest_hsdata_ff_reg[0]/D
                                                                            audio_AXI_DMA_i/ps7_0_axi_periph/m00_couplers/auto_cc/inst/gen_clock_conv.gen_async_lite_conv.clock_conv_lite_resp_b/handshake/dest_hsdata_ff_reg[1]/D
                                                                                                            Slow         0.596     29.404


Slack (MET) :             29.404ns  (requirement - actual skew)
  Endpoint Source:        audio_AXI_DMA_i/ps7_0_axi_periph/m00_couplers/auto_cc/inst/gen_clock_conv.gen_async_lite_conv.clock_conv_lite_resp_b/handshake/src_hsdata_ff_reg[0]/C
                            (rising edge-triggered cell FDRE clocked by clk_out1_audio_AXI_DMA_clk_wiz_0_0)
  Endpoint Destination:   audio_AXI_DMA_i/ps7_0_axi_periph/m00_couplers/auto_cc/inst/gen_clock_conv.gen_async_lite_conv.clock_conv_lite_resp_b/handshake/dest_hsdata_ff_reg[0]/D
                            (rising edge-triggered cell FDRE clocked by clk_fpga_0)
  Reference Source:       audio_AXI_DMA_i/ps7_0_axi_periph/m00_couplers/auto_cc/inst/gen_clock_conv.gen_async_lite_conv.clock_conv_lite_resp_b/handshake/src_hsdata_ff_reg[1]/C
                            (rising edge-triggered cell FDRE clocked by clk_out1_audio_AXI_DMA_clk_wiz_0_0)
  Reference Destination:  audio_AXI_DMA_i/ps7_0_axi_periph/m00_couplers/auto_cc/inst/gen_clock_conv.gen_async_lite_conv.clock_conv_lite_resp_b/handshake/dest_hsdata_ff_reg[1]/D
                            (rising edge-triggered cell FDRE clocked by clk_fpga_0)
  Path Type:              Bus Skew (Max at Slow Process Corner)
  Requirement:            30.000ns
  Endpoint Relative Delay:   -1.908ns
  Reference Relative Delay:  -3.446ns
  Relative CRPR:              0.942ns
  Actual Bus Skew:            0.596ns  (Endpoint Relative Delay - Reference Relative Delay - Relative CRPR)

Endpoint path:
    Location             Delay type                Incr(ns)  Path(ns)    Netlist Resource(s)
  -------------------------------------------------------------------    -------------------
                         (clock clk_out1_audio_AXI_DMA_clk_wiz_0_0 rise edge)
                                                      0.000     0.000 r  
    L16                                               0.000     0.000 r  sys_clock (IN)
                         net (fo=0)                   0.000     0.000    audio_AXI_DMA_i/clk_wiz_0/inst/clk_in1
    L16                  IBUF (Prop_ibuf_I_O)         1.491     1.491 r  audio_AXI_DMA_i/clk_wiz_0/inst/clkin1_ibufg/O
                         net (fo=1, routed)           1.285     2.776    audio_AXI_DMA_i/clk_wiz_0/inst/clk_in1_audio_AXI_DMA_clk_wiz_0_0
    MMCME2_ADV_X0Y1      MMCME2_ADV (Prop_mmcme2_adv_CLKIN1_CLKOUT0)
                                                     -6.996    -4.220 r  audio_AXI_DMA_i/clk_wiz_0/inst/mmcm_adv_inst/CLKOUT0
                         net (fo=1, routed)           1.760    -2.460    audio_AXI_DMA_i/clk_wiz_0/inst/clk_out1_audio_AXI_DMA_clk_wiz_0_0
    BUFGCTRL_X0Y16       BUFG (Prop_bufg_I_O)         0.101    -2.359 r  audio_AXI_DMA_i/clk_wiz_0/inst/clkout1_buf/O
                         net (fo=5663, routed)        1.714    -0.645    audio_AXI_DMA_i/ps7_0_axi_periph/m00_couplers/auto_cc/inst/gen_clock_conv.gen_async_lite_conv.clock_conv_lite_resp_b/handshake/src_clk
    SLICE_X4Y56          FDRE                                         r  audio_AXI_DMA_i/ps7_0_axi_periph/m00_couplers/auto_cc/inst/gen_clock_conv.gen_async_lite_conv.clock_conv_lite_resp_b/handshake/src_hsdata_ff_reg[0]/C
  -------------------------------------------------------------------    -------------------
    SLICE_X4Y56          FDRE (Prop_fdre_C_Q)         0.518    -0.127 r  audio_AXI_DMA_i/ps7_0_axi_periph/m00_couplers/auto_cc/inst/gen_clock_conv.gen_async_lite_conv.clock_conv_lite_resp_b/handshake/src_hsdata_ff_reg[0]/Q
                         net (fo=2, routed)           0.921     0.794    audio_AXI_DMA_i/ps7_0_axi_periph/m00_couplers/auto_cc/inst/gen_clock_conv.gen_async_lite_conv.clock_conv_lite_resp_b/handshake/src_hsdata_ff[0]
    SLICE_X4Y55          FDRE                                         r  audio_AXI_DMA_i/ps7_0_axi_periph/m00_couplers/auto_cc/inst/gen_clock_conv.gen_async_lite_conv.clock_conv_lite_resp_b/handshake/dest_hsdata_ff_reg[0]/D
  -------------------------------------------------------------------    -------------------

                         (clock clk_fpga_0 rise edge)
                                                      0.000     0.000 r  
    PS7_X0Y0             PS7                          0.000     0.000 r  audio_AXI_DMA_i/processing_system7_0/inst/PS7_i/FCLKCLK[0]
                         net (fo=1, routed)           1.101     1.101    audio_AXI_DMA_i/processing_system7_0/inst/FCLK_CLK_unbuffered[0]
    BUFGCTRL_X0Y0        BUFG (Prop_bufg_I_O)         0.091     1.192 r  audio_AXI_DMA_i/processing_system7_0/inst/buffer_fclk_clk_0.FCLK_CLK_0_BUFG/O
                         net (fo=5252, routed)        1.541     2.733    audio_AXI_DMA_i/ps7_0_axi_periph/m00_couplers/auto_cc/inst/gen_clock_conv.gen_async_lite_conv.clock_conv_lite_resp_b/handshake/dest_clk
    SLICE_X4Y55          FDRE                                         r  audio_AXI_DMA_i/ps7_0_axi_periph/m00_couplers/auto_cc/inst/gen_clock_conv.gen_async_lite_conv.clock_conv_lite_resp_b/handshake/dest_hsdata_ff_reg[0]/C
                         clock pessimism              0.000     2.733    
    SLICE_X4Y55          FDRE (Setup_fdre_C_D)       -0.031     2.702    audio_AXI_DMA_i/ps7_0_axi_periph/m00_couplers/auto_cc/inst/gen_clock_conv.gen_async_lite_conv.clock_conv_lite_resp_b/handshake/dest_hsdata_ff_reg[0]
  -------------------------------------------------------------------
                         data arrival                           0.794    
                         clock arrival                          2.702    
  -------------------------------------------------------------------
                         relative delay                        -1.908    

Reference path:
    Location             Delay type                Incr(ns)  Path(ns)    Netlist Resource(s)
  -------------------------------------------------------------------    -------------------
                         (clock clk_out1_audio_AXI_DMA_clk_wiz_0_0 rise edge)
                                                      0.000     0.000 r  
    L16                                               0.000     0.000 r  sys_clock (IN)
                         net (fo=0)                   0.000     0.000    audio_AXI_DMA_i/clk_wiz_0/inst/clk_in1
    L16                  IBUF (Prop_ibuf_I_O)         1.421     1.421 r  audio_AXI_DMA_i/clk_wiz_0/inst/clkin1_ibufg/O
                         net (fo=1, routed)           1.162     2.583    audio_AXI_DMA_i/clk_wiz_0/inst/clk_in1_audio_AXI_DMA_clk_wiz_0_0
    MMCME2_ADV_X0Y1      MMCME2_ADV (Prop_mmcme2_adv_CLKIN1_CLKOUT0)
                                                     -7.105    -4.522 r  audio_AXI_DMA_i/clk_wiz_0/inst/mmcm_adv_inst/CLKOUT0
                         net (fo=1, routed)           1.599    -2.923    audio_AXI_DMA_i/clk_wiz_0/inst/clk_out1_audio_AXI_DMA_clk_wiz_0_0
    BUFGCTRL_X0Y16       BUFG (Prop_bufg_I_O)         0.091    -2.832 r  audio_AXI_DMA_i/clk_wiz_0/inst/clkout1_buf/O
                         net (fo=5663, routed)        1.538    -1.294    audio_AXI_DMA_i/ps7_0_axi_periph/m00_couplers/auto_cc/inst/gen_clock_conv.gen_async_lite_conv.clock_conv_lite_resp_b/handshake/src_clk
    SLICE_X4Y56          FDRE                                         r  audio_AXI_DMA_i/ps7_0_axi_periph/m00_couplers/auto_cc/inst/gen_clock_conv.gen_async_lite_conv.clock_conv_lite_resp_b/handshake/src_hsdata_ff_reg[1]/C
  -------------------------------------------------------------------    -------------------
    SLICE_X4Y56          FDRE (Prop_fdre_C_Q)         0.385    -0.909 r  audio_AXI_DMA_i/ps7_0_axi_periph/m00_couplers/auto_cc/inst/gen_clock_conv.gen_async_lite_conv.clock_conv_lite_resp_b/handshake/src_hsdata_ff_reg[1]/Q
                         net (fo=2, routed)           0.582    -0.328    audio_AXI_DMA_i/ps7_0_axi_periph/m00_couplers/auto_cc/inst/gen_clock_conv.gen_async_lite_conv.clock_conv_lite_resp_b/handshake/src_hsdata_ff[1]
    SLICE_X4Y55          FDRE                                         r  audio_AXI_DMA_i/ps7_0_axi_periph/m00_couplers/auto_cc/inst/gen_clock_conv.gen_async_lite_conv.clock_conv_lite_resp_b/handshake/dest_hsdata_ff_reg[1]/D
  -------------------------------------------------------------------    -------------------

                         (clock clk_fpga_0 rise edge)
                                                      0.000     0.000 r  
    PS7_X0Y0             PS7                          0.000     0.000 r  audio_AXI_DMA_i/processing_system7_0/inst/PS7_i/FCLKCLK[0]
                         net (fo=1, routed)           1.207     1.207    audio_AXI_DMA_i/processing_system7_0/inst/FCLK_CLK_unbuffered[0]
    BUFGCTRL_X0Y0        BUFG (Prop_bufg_I_O)         0.101     1.308 r  audio_AXI_DMA_i/processing_system7_0/inst/buffer_fclk_clk_0.FCLK_CLK_0_BUFG/O
                         net (fo=5252, routed)        1.717     3.025    audio_AXI_DMA_i/ps7_0_axi_periph/m00_couplers/auto_cc/inst/gen_clock_conv.gen_async_lite_conv.clock_conv_lite_resp_b/handshake/dest_clk
    SLICE_X4Y55          FDRE                                         r  audio_AXI_DMA_i/ps7_0_axi_periph/m00_couplers/auto_cc/inst/gen_clock_conv.gen_async_lite_conv.clock_conv_lite_resp_b/handshake/dest_hsdata_ff_reg[1]/C
                         clock pessimism              0.000     3.025    
    SLICE_X4Y55          FDRE (Hold_fdre_C_D)         0.093     3.118    audio_AXI_DMA_i/ps7_0_axi_periph/m00_couplers/auto_cc/inst/gen_clock_conv.gen_async_lite_conv.clock_conv_lite_resp_b/handshake/dest_hsdata_ff_reg[1]
  -------------------------------------------------------------------
                         data arrival                          -0.328    
                         clock arrival                          3.118    
  -------------------------------------------------------------------
                         relative delay                        -3.446    



Id: 10
set_bus_skew -from [get_cells [list {audio_AXI_DMA_i/ps7_0_axi_periph/m00_couplers/auto_cc/inst/gen_clock_conv.gen_async_lite_conv.clock_conv_lite_resp_r/handshake/src_hsdata_ff_reg[0]} \
          {audio_AXI_DMA_i/ps7_0_axi_periph/m00_couplers/auto_cc/inst/gen_clock_conv.gen_async_lite_conv.clock_conv_lite_resp_r/handshake/src_hsdata_ff_reg[10]} \
          {audio_AXI_DMA_i/ps7_0_axi_periph/m00_couplers/auto_cc/inst/gen_clock_conv.gen_async_lite_conv.clock_conv_lite_resp_r/handshake/src_hsdata_ff_reg[11]} \
          {audio_AXI_DMA_i/ps7_0_axi_periph/m00_couplers/auto_cc/inst/gen_clock_conv.gen_async_lite_conv.clock_conv_lite_resp_r/handshake/src_hsdata_ff_reg[12]} \
          {audio_AXI_DMA_i/ps7_0_axi_periph/m00_couplers/auto_cc/inst/gen_clock_conv.gen_async_lite_conv.clock_conv_lite_resp_r/handshake/src_hsdata_ff_reg[13]} \
          {audio_AXI_DMA_i/ps7_0_axi_periph/m00_couplers/auto_cc/inst/gen_clock_conv.gen_async_lite_conv.clock_conv_lite_resp_r/handshake/src_hsdata_ff_reg[14]} \
          {audio_AXI_DMA_i/ps7_0_axi_periph/m00_couplers/auto_cc/inst/gen_clock_conv.gen_async_lite_conv.clock_conv_lite_resp_r/handshake/src_hsdata_ff_reg[15]} \
          {audio_AXI_DMA_i/ps7_0_axi_periph/m00_couplers/auto_cc/inst/gen_clock_conv.gen_async_lite_conv.clock_conv_lite_resp_r/handshake/src_hsdata_ff_reg[16]} \
          {audio_AXI_DMA_i/ps7_0_axi_periph/m00_couplers/auto_cc/inst/gen_clock_conv.gen_async_lite_conv.clock_conv_lite_resp_r/handshake/src_hsdata_ff_reg[17]} \
          {audio_AXI_DMA_i/ps7_0_axi_periph/m00_couplers/auto_cc/inst/gen_clock_conv.gen_async_lite_conv.clock_conv_lite_resp_r/handshake/src_hsdata_ff_reg[18]} \
          {audio_AXI_DMA_i/ps7_0_axi_periph/m00_couplers/auto_cc/inst/gen_clock_conv.gen_async_lite_conv.clock_conv_lite_resp_r/handshake/src_hsdata_ff_reg[19]} \
          {audio_AXI_DMA_i/ps7_0_axi_periph/m00_couplers/auto_cc/inst/gen_clock_conv.gen_async_lite_conv.clock_conv_lite_resp_r/handshake/src_hsdata_ff_reg[1]} \
          {audio_AXI_DMA_i/ps7_0_axi_periph/m00_couplers/auto_cc/inst/gen_clock_conv.gen_async_lite_conv.clock_conv_lite_resp_r/handshake/src_hsdata_ff_reg[20]} \
          {audio_AXI_DMA_i/ps7_0_axi_periph/m00_couplers/auto_cc/inst/gen_clock_conv.gen_async_lite_conv.clock_conv_lite_resp_r/handshake/src_hsdata_ff_reg[21]} \
          {audio_AXI_DMA_i/ps7_0_axi_periph/m00_couplers/auto_cc/inst/gen_clock_conv.gen_async_lite_conv.clock_conv_lite_resp_r/handshake/src_hsdata_ff_reg[22]} \
          {audio_AXI_DMA_i/ps7_0_axi_periph/m00_couplers/auto_cc/inst/gen_clock_conv.gen_async_lite_conv.clock_conv_lite_resp_r/handshake/src_hsdata_ff_reg[23]} \
          {audio_AXI_DMA_i/ps7_0_axi_periph/m00_couplers/auto_cc/inst/gen_clock_conv.gen_async_lite_conv.clock_conv_lite_resp_r/handshake/src_hsdata_ff_reg[24]} \
          {audio_AXI_DMA_i/ps7_0_axi_periph/m00_couplers/auto_cc/inst/gen_clock_conv.gen_async_lite_conv.clock_conv_lite_resp_r/handshake/src_hsdata_ff_reg[25]} \
          {audio_AXI_DMA_i/ps7_0_axi_periph/m00_couplers/auto_cc/inst/gen_clock_conv.gen_async_lite_conv.clock_conv_lite_resp_r/handshake/src_hsdata_ff_reg[26]} \
          {audio_AXI_DMA_i/ps7_0_axi_periph/m00_couplers/auto_cc/inst/gen_clock_conv.gen_async_lite_conv.clock_conv_lite_resp_r/handshake/src_hsdata_ff_reg[27]} \
          {audio_AXI_DMA_i/ps7_0_axi_periph/m00_couplers/auto_cc/inst/gen_clock_conv.gen_async_lite_conv.clock_conv_lite_resp_r/handshake/src_hsdata_ff_reg[28]} \
          {audio_AXI_DMA_i/ps7_0_axi_periph/m00_couplers/auto_cc/inst/gen_clock_conv.gen_async_lite_conv.clock_conv_lite_resp_r/handshake/src_hsdata_ff_reg[29]} \
          {audio_AXI_DMA_i/ps7_0_axi_periph/m00_couplers/auto_cc/inst/gen_clock_conv.gen_async_lite_conv.clock_conv_lite_resp_r/handshake/src_hsdata_ff_reg[2]} \
          {audio_AXI_DMA_i/ps7_0_axi_periph/m00_couplers/auto_cc/inst/gen_clock_conv.gen_async_lite_conv.clock_conv_lite_resp_r/handshake/src_hsdata_ff_reg[30]} \
          {audio_AXI_DMA_i/ps7_0_axi_periph/m00_couplers/auto_cc/inst/gen_clock_conv.gen_async_lite_conv.clock_conv_lite_resp_r/handshake/src_hsdata_ff_reg[31]} \
          {audio_AXI_DMA_i/ps7_0_axi_periph/m00_couplers/auto_cc/inst/gen_clock_conv.gen_async_lite_conv.clock_conv_lite_resp_r/handshake/src_hsdata_ff_reg[32]} \
          {audio_AXI_DMA_i/ps7_0_axi_periph/m00_couplers/auto_cc/inst/gen_clock_conv.gen_async_lite_conv.clock_conv_lite_resp_r/handshake/src_hsdata_ff_reg[33]} \
          {audio_AXI_DMA_i/ps7_0_axi_periph/m00_couplers/auto_cc/inst/gen_clock_conv.gen_async_lite_conv.clock_conv_lite_resp_r/handshake/src_hsdata_ff_reg[3]} \
          {audio_AXI_DMA_i/ps7_0_axi_periph/m00_couplers/auto_cc/inst/gen_clock_conv.gen_async_lite_conv.clock_conv_lite_resp_r/handshake/src_hsdata_ff_reg[4]} \
          {audio_AXI_DMA_i/ps7_0_axi_periph/m00_couplers/auto_cc/inst/gen_clock_conv.gen_async_lite_conv.clock_conv_lite_resp_r/handshake/src_hsdata_ff_reg[5]} \
          {audio_AXI_DMA_i/ps7_0_axi_periph/m00_couplers/auto_cc/inst/gen_clock_conv.gen_async_lite_conv.clock_conv_lite_resp_r/handshake/src_hsdata_ff_reg[6]} \
          {audio_AXI_DMA_i/ps7_0_axi_periph/m00_couplers/auto_cc/inst/gen_clock_conv.gen_async_lite_conv.clock_conv_lite_resp_r/handshake/src_hsdata_ff_reg[7]} \
          {audio_AXI_DMA_i/ps7_0_axi_periph/m00_couplers/auto_cc/inst/gen_clock_conv.gen_async_lite_conv.clock_conv_lite_resp_r/handshake/src_hsdata_ff_reg[8]} \
          {audio_AXI_DMA_i/ps7_0_axi_periph/m00_couplers/auto_cc/inst/gen_clock_conv.gen_async_lite_conv.clock_conv_lite_resp_r/handshake/src_hsdata_ff_reg[9]}]] -to [get_cells [list {audio_AXI_DMA_i/ps7_0_axi_periph/m00_couplers/auto_cc/inst/gen_clock_conv.gen_async_lite_conv.clock_conv_lite_resp_r/handshake/dest_hsdata_ff_reg[0]} \
          {audio_AXI_DMA_i/ps7_0_axi_periph/m00_couplers/auto_cc/inst/gen_clock_conv.gen_async_lite_conv.clock_conv_lite_resp_r/handshake/dest_hsdata_ff_reg[10]} \
          {audio_AXI_DMA_i/ps7_0_axi_periph/m00_couplers/auto_cc/inst/gen_clock_conv.gen_async_lite_conv.clock_conv_lite_resp_r/handshake/dest_hsdata_ff_reg[11]} \
          {audio_AXI_DMA_i/ps7_0_axi_periph/m00_couplers/auto_cc/inst/gen_clock_conv.gen_async_lite_conv.clock_conv_lite_resp_r/handshake/dest_hsdata_ff_reg[12]} \
          {audio_AXI_DMA_i/ps7_0_axi_periph/m00_couplers/auto_cc/inst/gen_clock_conv.gen_async_lite_conv.clock_conv_lite_resp_r/handshake/dest_hsdata_ff_reg[13]} \
          {audio_AXI_DMA_i/ps7_0_axi_periph/m00_couplers/auto_cc/inst/gen_clock_conv.gen_async_lite_conv.clock_conv_lite_resp_r/handshake/dest_hsdata_ff_reg[14]} \
          {audio_AXI_DMA_i/ps7_0_axi_periph/m00_couplers/auto_cc/inst/gen_clock_conv.gen_async_lite_conv.clock_conv_lite_resp_r/handshake/dest_hsdata_ff_reg[15]} \
          {audio_AXI_DMA_i/ps7_0_axi_periph/m00_couplers/auto_cc/inst/gen_clock_conv.gen_async_lite_conv.clock_conv_lite_resp_r/handshake/dest_hsdata_ff_reg[16]} \
          {audio_AXI_DMA_i/ps7_0_axi_periph/m00_couplers/auto_cc/inst/gen_clock_conv.gen_async_lite_conv.clock_conv_lite_resp_r/handshake/dest_hsdata_ff_reg[17]} \
          {audio_AXI_DMA_i/ps7_0_axi_periph/m00_couplers/auto_cc/inst/gen_clock_conv.gen_async_lite_conv.clock_conv_lite_resp_r/handshake/dest_hsdata_ff_reg[18]} \
          {audio_AXI_DMA_i/ps7_0_axi_periph/m00_couplers/auto_cc/inst/gen_clock_conv.gen_async_lite_conv.clock_conv_lite_resp_r/handshake/dest_hsdata_ff_reg[19]} \
          {audio_AXI_DMA_i/ps7_0_axi_periph/m00_couplers/auto_cc/inst/gen_clock_conv.gen_async_lite_conv.clock_conv_lite_resp_r/handshake/dest_hsdata_ff_reg[1]} \
          {audio_AXI_DMA_i/ps7_0_axi_periph/m00_couplers/auto_cc/inst/gen_clock_conv.gen_async_lite_conv.clock_conv_lite_resp_r/handshake/dest_hsdata_ff_reg[20]} \
          {audio_AXI_DMA_i/ps7_0_axi_periph/m00_couplers/auto_cc/inst/gen_clock_conv.gen_async_lite_conv.clock_conv_lite_resp_r/handshake/dest_hsdata_ff_reg[21]} \
          {audio_AXI_DMA_i/ps7_0_axi_periph/m00_couplers/auto_cc/inst/gen_clock_conv.gen_async_lite_conv.clock_conv_lite_resp_r/handshake/dest_hsdata_ff_reg[22]} \
          {audio_AXI_DMA_i/ps7_0_axi_periph/m00_couplers/auto_cc/inst/gen_clock_conv.gen_async_lite_conv.clock_conv_lite_resp_r/handshake/dest_hsdata_ff_reg[23]} \
          {audio_AXI_DMA_i/ps7_0_axi_periph/m00_couplers/auto_cc/inst/gen_clock_conv.gen_async_lite_conv.clock_conv_lite_resp_r/handshake/dest_hsdata_ff_reg[24]} \
          {audio_AXI_DMA_i/ps7_0_axi_periph/m00_couplers/auto_cc/inst/gen_clock_conv.gen_async_lite_conv.clock_conv_lite_resp_r/handshake/dest_hsdata_ff_reg[25]} \
          {audio_AXI_DMA_i/ps7_0_axi_periph/m00_couplers/auto_cc/inst/gen_clock_conv.gen_async_lite_conv.clock_conv_lite_resp_r/handshake/dest_hsdata_ff_reg[26]} \
          {audio_AXI_DMA_i/ps7_0_axi_periph/m00_couplers/auto_cc/inst/gen_clock_conv.gen_async_lite_conv.clock_conv_lite_resp_r/handshake/dest_hsdata_ff_reg[27]} \
          {audio_AXI_DMA_i/ps7_0_axi_periph/m00_couplers/auto_cc/inst/gen_clock_conv.gen_async_lite_conv.clock_conv_lite_resp_r/handshake/dest_hsdata_ff_reg[28]} \
          {audio_AXI_DMA_i/ps7_0_axi_periph/m00_couplers/auto_cc/inst/gen_clock_conv.gen_async_lite_conv.clock_conv_lite_resp_r/handshake/dest_hsdata_ff_reg[29]} \
          {audio_AXI_DMA_i/ps7_0_axi_periph/m00_couplers/auto_cc/inst/gen_clock_conv.gen_async_lite_conv.clock_conv_lite_resp_r/handshake/dest_hsdata_ff_reg[2]} \
          {audio_AXI_DMA_i/ps7_0_axi_periph/m00_couplers/auto_cc/inst/gen_clock_conv.gen_async_lite_conv.clock_conv_lite_resp_r/handshake/dest_hsdata_ff_reg[30]} \
          {audio_AXI_DMA_i/ps7_0_axi_periph/m00_couplers/auto_cc/inst/gen_clock_conv.gen_async_lite_conv.clock_conv_lite_resp_r/handshake/dest_hsdata_ff_reg[31]} \
          {audio_AXI_DMA_i/ps7_0_axi_periph/m00_couplers/auto_cc/inst/gen_clock_conv.gen_async_lite_conv.clock_conv_lite_resp_r/handshake/dest_hsdata_ff_reg[32]} \
          {audio_AXI_DMA_i/ps7_0_axi_periph/m00_couplers/auto_cc/inst/gen_clock_conv.gen_async_lite_conv.clock_conv_lite_resp_r/handshake/dest_hsdata_ff_reg[33]} \
          {audio_AXI_DMA_i/ps7_0_axi_periph/m00_couplers/auto_cc/inst/gen_clock_conv.gen_async_lite_conv.clock_conv_lite_resp_r/handshake/dest_hsdata_ff_reg[3]} \
          {audio_AXI_DMA_i/ps7_0_axi_periph/m00_couplers/auto_cc/inst/gen_clock_conv.gen_async_lite_conv.clock_conv_lite_resp_r/handshake/dest_hsdata_ff_reg[4]} \
          {audio_AXI_DMA_i/ps7_0_axi_periph/m00_couplers/auto_cc/inst/gen_clock_conv.gen_async_lite_conv.clock_conv_lite_resp_r/handshake/dest_hsdata_ff_reg[5]} \
          {audio_AXI_DMA_i/ps7_0_axi_periph/m00_couplers/auto_cc/inst/gen_clock_conv.gen_async_lite_conv.clock_conv_lite_resp_r/handshake/dest_hsdata_ff_reg[6]} \
          {audio_AXI_DMA_i/ps7_0_axi_periph/m00_couplers/auto_cc/inst/gen_clock_conv.gen_async_lite_conv.clock_conv_lite_resp_r/handshake/dest_hsdata_ff_reg[7]} \
          {audio_AXI_DMA_i/ps7_0_axi_periph/m00_couplers/auto_cc/inst/gen_clock_conv.gen_async_lite_conv.clock_conv_lite_resp_r/handshake/dest_hsdata_ff_reg[8]} \
          {audio_AXI_DMA_i/ps7_0_axi_periph/m00_couplers/auto_cc/inst/gen_clock_conv.gen_async_lite_conv.clock_conv_lite_resp_r/handshake/dest_hsdata_ff_reg[9]}]] 30.000
Requirement: 30.000ns
Endpoints: 34

From Clock            To Clock              Endpoint Pin                    Reference Pin                   Corner  Actual(ns)  Slack(ns)
--------------------  --------------------  ------------------------------  ------------------------------  ------  ----------  ---------
clk_out1_audio_AXI_DMA_clk_wiz_0_0
                      clk_fpga_0            audio_AXI_DMA_i/ps7_0_axi_periph/m00_couplers/auto_cc/inst/gen_clock_conv.gen_async_lite_conv.clock_conv_lite_resp_r/handshake/dest_hsdata_ff_reg[0]/D
                                                                            audio_AXI_DMA_i/ps7_0_axi_periph/m00_couplers/auto_cc/inst/gen_clock_conv.gen_async_lite_conv.clock_conv_lite_resp_r/handshake/dest_hsdata_ff_reg[13]/D
                                                                                                            Slow         1.221     28.779


Slack (MET) :             28.779ns  (requirement - actual skew)
  Endpoint Source:        audio_AXI_DMA_i/ps7_0_axi_periph/m00_couplers/auto_cc/inst/gen_clock_conv.gen_async_lite_conv.clock_conv_lite_resp_r/handshake/src_hsdata_ff_reg[0]/C
                            (rising edge-triggered cell FDRE clocked by clk_out1_audio_AXI_DMA_clk_wiz_0_0)
  Endpoint Destination:   audio_AXI_DMA_i/ps7_0_axi_periph/m00_couplers/auto_cc/inst/gen_clock_conv.gen_async_lite_conv.clock_conv_lite_resp_r/handshake/dest_hsdata_ff_reg[0]/D
                            (rising edge-triggered cell FDRE clocked by clk_fpga_0)
  Reference Source:       audio_AXI_DMA_i/ps7_0_axi_periph/m00_couplers/auto_cc/inst/gen_clock_conv.gen_async_lite_conv.clock_conv_lite_resp_r/handshake/src_hsdata_ff_reg[13]/C
                            (rising edge-triggered cell FDRE clocked by clk_out1_audio_AXI_DMA_clk_wiz_0_0)
  Reference Destination:  audio_AXI_DMA_i/ps7_0_axi_periph/m00_couplers/auto_cc/inst/gen_clock_conv.gen_async_lite_conv.clock_conv_lite_resp_r/handshake/dest_hsdata_ff_reg[13]/D
                            (rising edge-triggered cell FDRE clocked by clk_fpga_0)
  Path Type:              Bus Skew (Max at Slow Process Corner)
  Requirement:            30.000ns
  Endpoint Relative Delay:   -1.794ns
  Reference Relative Delay:  -3.733ns
  Relative CRPR:              0.718ns
  Actual Bus Skew:            1.221ns  (Endpoint Relative Delay - Reference Relative Delay - Relative CRPR)

Endpoint path:
    Location             Delay type                Incr(ns)  Path(ns)    Netlist Resource(s)
  -------------------------------------------------------------------    -------------------
                         (clock clk_out1_audio_AXI_DMA_clk_wiz_0_0 rise edge)
                                                      0.000     0.000 r  
    L16                                               0.000     0.000 r  sys_clock (IN)
                         net (fo=0)                   0.000     0.000    audio_AXI_DMA_i/clk_wiz_0/inst/clk_in1
    L16                  IBUF (Prop_ibuf_I_O)         1.491     1.491 r  audio_AXI_DMA_i/clk_wiz_0/inst/clkin1_ibufg/O
                         net (fo=1, routed)           1.285     2.776    audio_AXI_DMA_i/clk_wiz_0/inst/clk_in1_audio_AXI_DMA_clk_wiz_0_0
    MMCME2_ADV_X0Y1      MMCME2_ADV (Prop_mmcme2_adv_CLKIN1_CLKOUT0)
                                                     -6.996    -4.220 r  audio_AXI_DMA_i/clk_wiz_0/inst/mmcm_adv_inst/CLKOUT0
                         net (fo=1, routed)           1.760    -2.460    audio_AXI_DMA_i/clk_wiz_0/inst/clk_out1_audio_AXI_DMA_clk_wiz_0_0
    BUFGCTRL_X0Y16       BUFG (Prop_bufg_I_O)         0.101    -2.359 r  audio_AXI_DMA_i/clk_wiz_0/inst/clkout1_buf/O
                         net (fo=5663, routed)        1.672    -0.687    audio_AXI_DMA_i/ps7_0_axi_periph/m00_couplers/auto_cc/inst/gen_clock_conv.gen_async_lite_conv.clock_conv_lite_resp_r/handshake/src_clk
    SLICE_X22Y45         FDRE                                         r  audio_AXI_DMA_i/ps7_0_axi_periph/m00_couplers/auto_cc/inst/gen_clock_conv.gen_async_lite_conv.clock_conv_lite_resp_r/handshake/src_hsdata_ff_reg[0]/C
  -------------------------------------------------------------------    -------------------
    SLICE_X22Y45         FDRE (Prop_fdre_C_Q)         0.456    -0.231 r  audio_AXI_DMA_i/ps7_0_axi_periph/m00_couplers/auto_cc/inst/gen_clock_conv.gen_async_lite_conv.clock_conv_lite_resp_r/handshake/src_hsdata_ff_reg[0]/Q
                         net (fo=1, routed)           1.025     0.794    audio_AXI_DMA_i/ps7_0_axi_periph/m00_couplers/auto_cc/inst/gen_clock_conv.gen_async_lite_conv.clock_conv_lite_resp_r/handshake/src_hsdata_ff[0]
    SLICE_X14Y43         FDRE                                         r  audio_AXI_DMA_i/ps7_0_axi_periph/m00_couplers/auto_cc/inst/gen_clock_conv.gen_async_lite_conv.clock_conv_lite_resp_r/handshake/dest_hsdata_ff_reg[0]/D
  -------------------------------------------------------------------    -------------------

                         (clock clk_fpga_0 rise edge)
                                                      0.000     0.000 r  
    PS7_X0Y0             PS7                          0.000     0.000 r  audio_AXI_DMA_i/processing_system7_0/inst/PS7_i/FCLKCLK[0]
                         net (fo=1, routed)           1.101     1.101    audio_AXI_DMA_i/processing_system7_0/inst/FCLK_CLK_unbuffered[0]
    BUFGCTRL_X0Y0        BUFG (Prop_bufg_I_O)         0.091     1.192 r  audio_AXI_DMA_i/processing_system7_0/inst/buffer_fclk_clk_0.FCLK_CLK_0_BUFG/O
                         net (fo=5252, routed)        1.501     2.693    audio_AXI_DMA_i/ps7_0_axi_periph/m00_couplers/auto_cc/inst/gen_clock_conv.gen_async_lite_conv.clock_conv_lite_resp_r/handshake/dest_clk
    SLICE_X14Y43         FDRE                                         r  audio_AXI_DMA_i/ps7_0_axi_periph/m00_couplers/auto_cc/inst/gen_clock_conv.gen_async_lite_conv.clock_conv_lite_resp_r/handshake/dest_hsdata_ff_reg[0]/C
                         clock pessimism              0.000     2.693    
    SLICE_X14Y43         FDRE (Setup_fdre_C_D)       -0.105     2.588    audio_AXI_DMA_i/ps7_0_axi_periph/m00_couplers/auto_cc/inst/gen_clock_conv.gen_async_lite_conv.clock_conv_lite_resp_r/handshake/dest_hsdata_ff_reg[0]
  -------------------------------------------------------------------
                         data arrival                           0.794    
                         clock arrival                          2.588    
  -------------------------------------------------------------------
                         relative delay                        -1.794    

Reference path:
    Location             Delay type                Incr(ns)  Path(ns)    Netlist Resource(s)
  -------------------------------------------------------------------    -------------------
                         (clock clk_out1_audio_AXI_DMA_clk_wiz_0_0 rise edge)
                                                      0.000     0.000 r  
    L16                                               0.000     0.000 r  sys_clock (IN)
                         net (fo=0)                   0.000     0.000    audio_AXI_DMA_i/clk_wiz_0/inst/clk_in1
    L16                  IBUF (Prop_ibuf_I_O)         1.421     1.421 r  audio_AXI_DMA_i/clk_wiz_0/inst/clkin1_ibufg/O
                         net (fo=1, routed)           1.162     2.583    audio_AXI_DMA_i/clk_wiz_0/inst/clk_in1_audio_AXI_DMA_clk_wiz_0_0
    MMCME2_ADV_X0Y1      MMCME2_ADV (Prop_mmcme2_adv_CLKIN1_CLKOUT0)
                                                     -7.105    -4.522 r  audio_AXI_DMA_i/clk_wiz_0/inst/mmcm_adv_inst/CLKOUT0
                         net (fo=1, routed)           1.599    -2.923    audio_AXI_DMA_i/clk_wiz_0/inst/clk_out1_audio_AXI_DMA_clk_wiz_0_0
    BUFGCTRL_X0Y16       BUFG (Prop_bufg_I_O)         0.091    -2.832 r  audio_AXI_DMA_i/clk_wiz_0/inst/clkout1_buf/O
                         net (fo=5663, routed)        1.502    -1.330    audio_AXI_DMA_i/ps7_0_axi_periph/m00_couplers/auto_cc/inst/gen_clock_conv.gen_async_lite_conv.clock_conv_lite_resp_r/handshake/src_clk
    SLICE_X20Y46         FDRE                                         r  audio_AXI_DMA_i/ps7_0_axi_periph/m00_couplers/auto_cc/inst/gen_clock_conv.gen_async_lite_conv.clock_conv_lite_resp_r/handshake/src_hsdata_ff_reg[13]/C
  -------------------------------------------------------------------    -------------------
    SLICE_X20Y46         FDRE (Prop_fdre_C_Q)         0.418    -0.912 r  audio_AXI_DMA_i/ps7_0_axi_periph/m00_couplers/auto_cc/inst/gen_clock_conv.gen_async_lite_conv.clock_conv_lite_resp_r/handshake/src_hsdata_ff_reg[13]/Q
                         net (fo=1, routed)           0.401    -0.510    audio_AXI_DMA_i/ps7_0_axi_periph/m00_couplers/auto_cc/inst/gen_clock_conv.gen_async_lite_conv.clock_conv_lite_resp_r/handshake/src_hsdata_ff[13]
    SLICE_X20Y42         FDRE                                         r  audio_AXI_DMA_i/ps7_0_axi_periph/m00_couplers/auto_cc/inst/gen_clock_conv.gen_async_lite_conv.clock_conv_lite_resp_r/handshake/dest_hsdata_ff_reg[13]/D
  -------------------------------------------------------------------    -------------------

                         (clock clk_fpga_0 rise edge)
                                                      0.000     0.000 r  
    PS7_X0Y0             PS7                          0.000     0.000 r  audio_AXI_DMA_i/processing_system7_0/inst/PS7_i/FCLKCLK[0]
                         net (fo=1, routed)           1.207     1.207    audio_AXI_DMA_i/processing_system7_0/inst/FCLK_CLK_unbuffered[0]
    BUFGCTRL_X0Y0        BUFG (Prop_bufg_I_O)         0.101     1.308 r  audio_AXI_DMA_i/processing_system7_0/inst/buffer_fclk_clk_0.FCLK_CLK_0_BUFG/O
                         net (fo=5252, routed)        1.672     2.980    audio_AXI_DMA_i/ps7_0_axi_periph/m00_couplers/auto_cc/inst/gen_clock_conv.gen_async_lite_conv.clock_conv_lite_resp_r/handshake/dest_clk
    SLICE_X20Y42         FDRE                                         r  audio_AXI_DMA_i/ps7_0_axi_periph/m00_couplers/auto_cc/inst/gen_clock_conv.gen_async_lite_conv.clock_conv_lite_resp_r/handshake/dest_hsdata_ff_reg[13]/C
                         clock pessimism              0.000     2.980    
    SLICE_X20Y42         FDRE (Hold_fdre_C_D)         0.243     3.223    audio_AXI_DMA_i/ps7_0_axi_periph/m00_couplers/auto_cc/inst/gen_clock_conv.gen_async_lite_conv.clock_conv_lite_resp_r/handshake/dest_hsdata_ff_reg[13]
  -------------------------------------------------------------------
                         data arrival                          -0.510    
                         clock arrival                          3.223    
  -------------------------------------------------------------------
                         relative delay                        -3.733    



Id: 11
set_bus_skew -from [get_cells [list {audio_AXI_DMA_i/ps7_0_axi_periph/m00_couplers/auto_cc/inst/gen_clock_conv.gen_async_lite_conv.clock_conv_lite_fwd_aw/handshake/src_hsdata_ff_reg[5]} {audio_AXI_DMA_i/ps7_0_axi_periph/m00_couplers/auto_cc/inst/gen_clock_conv.gen_async_lite_conv.clock_conv_lite_fwd_aw/handshake/src_hsdata_ff_reg[6]} {audio_AXI_DMA_i/ps7_0_axi_periph/m00_couplers/auto_cc/inst/gen_clock_conv.gen_async_lite_conv.clock_conv_lite_fwd_aw/handshake/src_hsdata_ff_reg[7]} {audio_AXI_DMA_i/ps7_0_axi_periph/m00_couplers/auto_cc/inst/gen_clock_conv.gen_async_lite_conv.clock_conv_lite_fwd_aw/handshake/src_hsdata_ff_reg[2]} {audio_AXI_DMA_i/ps7_0_axi_periph/m00_couplers/auto_cc/inst/gen_clock_conv.gen_async_lite_conv.clock_conv_lite_fwd_aw/handshake/src_hsdata_ff_reg[3]} {audio_AXI_DMA_i/ps7_0_axi_periph/m00_couplers/auto_cc/inst/gen_clock_conv.gen_async_lite_conv.clock_conv_lite_fwd_aw/handshake/src_hsdata_ff_reg[4]}]] -to [get_cells [list {audio_AXI_DMA_i/ps7_0_axi_periph/m00_couplers/auto_cc/inst/gen_clock_conv.gen_async_lite_conv.clock_conv_lite_fwd_aw/handshake/dest_hsdata_ff_reg[5]} {audio_AXI_DMA_i/ps7_0_axi_periph/m00_couplers/auto_cc/inst/gen_clock_conv.gen_async_lite_conv.clock_conv_lite_fwd_aw/handshake/dest_hsdata_ff_reg[6]} {audio_AXI_DMA_i/ps7_0_axi_periph/m00_couplers/auto_cc/inst/gen_clock_conv.gen_async_lite_conv.clock_conv_lite_fwd_aw/handshake/dest_hsdata_ff_reg[7]} {audio_AXI_DMA_i/ps7_0_axi_periph/m00_couplers/auto_cc/inst/gen_clock_conv.gen_async_lite_conv.clock_conv_lite_fwd_aw/handshake/dest_hsdata_ff_reg[2]} {audio_AXI_DMA_i/ps7_0_axi_periph/m00_couplers/auto_cc/inst/gen_clock_conv.gen_async_lite_conv.clock_conv_lite_fwd_aw/handshake/dest_hsdata_ff_reg[3]} {audio_AXI_DMA_i/ps7_0_axi_periph/m00_couplers/auto_cc/inst/gen_clock_conv.gen_async_lite_conv.clock_conv_lite_fwd_aw/handshake/dest_hsdata_ff_reg[4]}]] 244.125
Requirement: 244.125ns
Endpoints: 6

From Clock            To Clock              Endpoint Pin                    Reference Pin                   Corner  Actual(ns)  Slack(ns)
--------------------  --------------------  ------------------------------  ------------------------------  ------  ----------  ---------
clk_fpga_0            clk_out1_audio_AXI_DMA_clk_wiz_0_0
                                            audio_AXI_DMA_i/ps7_0_axi_periph/m00_couplers/auto_cc/inst/gen_clock_conv.gen_async_lite_conv.clock_conv_lite_fwd_aw/handshake/dest_hsdata_ff_reg[6]/D
                                                                            audio_AXI_DMA_i/ps7_0_axi_periph/m00_couplers/auto_cc/inst/gen_clock_conv.gen_async_lite_conv.clock_conv_lite_fwd_aw/handshake/dest_hsdata_ff_reg[2]/D
                                                                                                            Slow         1.160    242.965


Slack (MET) :             242.965ns  (requirement - actual skew)
  Endpoint Source:        audio_AXI_DMA_i/ps7_0_axi_periph/m00_couplers/auto_cc/inst/gen_clock_conv.gen_async_lite_conv.clock_conv_lite_fwd_aw/handshake/src_hsdata_ff_reg[6]/C
                            (rising edge-triggered cell FDRE clocked by clk_fpga_0)
  Endpoint Destination:   audio_AXI_DMA_i/ps7_0_axi_periph/m00_couplers/auto_cc/inst/gen_clock_conv.gen_async_lite_conv.clock_conv_lite_fwd_aw/handshake/dest_hsdata_ff_reg[6]/D
                            (rising edge-triggered cell FDRE clocked by clk_out1_audio_AXI_DMA_clk_wiz_0_0)
  Reference Source:       audio_AXI_DMA_i/ps7_0_axi_periph/m00_couplers/auto_cc/inst/gen_clock_conv.gen_async_lite_conv.clock_conv_lite_fwd_aw/handshake/src_hsdata_ff_reg[2]/C
                            (rising edge-triggered cell FDRE clocked by clk_fpga_0)
  Reference Destination:  audio_AXI_DMA_i/ps7_0_axi_periph/m00_couplers/auto_cc/inst/gen_clock_conv.gen_async_lite_conv.clock_conv_lite_fwd_aw/handshake/dest_hsdata_ff_reg[2]/D
                            (rising edge-triggered cell FDRE clocked by clk_out1_audio_AXI_DMA_clk_wiz_0_0)
  Path Type:              Bus Skew (Max at Slow Process Corner)
  Requirement:            244.125ns
  Endpoint Relative Delay:    5.880ns
  Reference Relative Delay:   4.015ns
  Relative CRPR:              0.704ns
  Actual Bus Skew:            1.160ns  (Endpoint Relative Delay - Reference Relative Delay - Relative CRPR)

Endpoint path:
    Location             Delay type                Incr(ns)  Path(ns)    Netlist Resource(s)
  -------------------------------------------------------------------    -------------------
                         (clock clk_fpga_0 rise edge)
                                                      0.000     0.000 r  
    PS7_X0Y0             PS7                          0.000     0.000 r  audio_AXI_DMA_i/processing_system7_0/inst/PS7_i/FCLKCLK[0]
                         net (fo=1, routed)           1.207     1.207    audio_AXI_DMA_i/processing_system7_0/inst/FCLK_CLK_unbuffered[0]
    BUFGCTRL_X0Y0        BUFG (Prop_bufg_I_O)         0.101     1.308 r  audio_AXI_DMA_i/processing_system7_0/inst/buffer_fclk_clk_0.FCLK_CLK_0_BUFG/O
                         net (fo=5252, routed)        1.681     2.989    audio_AXI_DMA_i/ps7_0_axi_periph/m00_couplers/auto_cc/inst/gen_clock_conv.gen_async_lite_conv.clock_conv_lite_fwd_aw/handshake/src_clk
    SLICE_X10Y46         FDRE                                         r  audio_AXI_DMA_i/ps7_0_axi_periph/m00_couplers/auto_cc/inst/gen_clock_conv.gen_async_lite_conv.clock_conv_lite_fwd_aw/handshake/src_hsdata_ff_reg[6]/C
  -------------------------------------------------------------------    -------------------
    SLICE_X10Y46         FDRE (Prop_fdre_C_Q)         0.518     3.507 r  audio_AXI_DMA_i/ps7_0_axi_periph/m00_couplers/auto_cc/inst/gen_clock_conv.gen_async_lite_conv.clock_conv_lite_fwd_aw/handshake/src_hsdata_ff_reg[6]/Q
                         net (fo=1, routed)           0.954     4.461    audio_AXI_DMA_i/ps7_0_axi_periph/m00_couplers/auto_cc/inst/gen_clock_conv.gen_async_lite_conv.clock_conv_lite_fwd_aw/handshake/src_hsdata_ff[6]
    SLICE_X14Y52         FDRE                                         r  audio_AXI_DMA_i/ps7_0_axi_periph/m00_couplers/auto_cc/inst/gen_clock_conv.gen_async_lite_conv.clock_conv_lite_fwd_aw/handshake/dest_hsdata_ff_reg[6]/D
  -------------------------------------------------------------------    -------------------

                         (clock clk_out1_audio_AXI_DMA_clk_wiz_0_0 rise edge)
                                                      0.000     0.000 r  
    L16                                               0.000     0.000 r  sys_clock (IN)
                         net (fo=0)                   0.000     0.000    audio_AXI_DMA_i/clk_wiz_0/inst/clk_in1
    L16                  IBUF (Prop_ibuf_I_O)         1.421     1.421 r  audio_AXI_DMA_i/clk_wiz_0/inst/clkin1_ibufg/O
                         net (fo=1, routed)           1.162     2.583    audio_AXI_DMA_i/clk_wiz_0/inst/clk_in1_audio_AXI_DMA_clk_wiz_0_0
    MMCME2_ADV_X0Y1      MMCME2_ADV (Prop_mmcme2_adv_CLKIN1_CLKOUT0)
                                                     -7.105    -4.522 r  audio_AXI_DMA_i/clk_wiz_0/inst/mmcm_adv_inst/CLKOUT0
                         net (fo=1, routed)           1.599    -2.923    audio_AXI_DMA_i/clk_wiz_0/inst/clk_out1_audio_AXI_DMA_clk_wiz_0_0
    BUFGCTRL_X0Y16       BUFG (Prop_bufg_I_O)         0.091    -2.832 r  audio_AXI_DMA_i/clk_wiz_0/inst/clkout1_buf/O
                         net (fo=5663, routed)        1.489    -1.343    audio_AXI_DMA_i/ps7_0_axi_periph/m00_couplers/auto_cc/inst/gen_clock_conv.gen_async_lite_conv.clock_conv_lite_fwd_aw/handshake/dest_clk
    SLICE_X14Y52         FDRE                                         r  audio_AXI_DMA_i/ps7_0_axi_periph/m00_couplers/auto_cc/inst/gen_clock_conv.gen_async_lite_conv.clock_conv_lite_fwd_aw/handshake/dest_hsdata_ff_reg[6]/C
                         clock pessimism              0.000    -1.343    
    SLICE_X14Y52         FDRE (Setup_fdre_C_D)       -0.075    -1.418    audio_AXI_DMA_i/ps7_0_axi_periph/m00_couplers/auto_cc/inst/gen_clock_conv.gen_async_lite_conv.clock_conv_lite_fwd_aw/handshake/dest_hsdata_ff_reg[6]
  -------------------------------------------------------------------
                         data arrival                           4.461    
                         clock arrival                         -1.418    
  -------------------------------------------------------------------
                         relative delay                         5.880    

Reference path:
    Location             Delay type                Incr(ns)  Path(ns)    Netlist Resource(s)
  -------------------------------------------------------------------    -------------------
                         (clock clk_fpga_0 rise edge)
                                                      0.000     0.000 r  
    PS7_X0Y0             PS7                          0.000     0.000 r  audio_AXI_DMA_i/processing_system7_0/inst/PS7_i/FCLKCLK[0]
                         net (fo=1, routed)           1.101     1.101    audio_AXI_DMA_i/processing_system7_0/inst/FCLK_CLK_unbuffered[0]
    BUFGCTRL_X0Y0        BUFG (Prop_bufg_I_O)         0.091     1.192 r  audio_AXI_DMA_i/processing_system7_0/inst/buffer_fclk_clk_0.FCLK_CLK_0_BUFG/O
                         net (fo=5252, routed)        1.507     2.700    audio_AXI_DMA_i/ps7_0_axi_periph/m00_couplers/auto_cc/inst/gen_clock_conv.gen_async_lite_conv.clock_conv_lite_fwd_aw/handshake/src_clk
    SLICE_X7Y48          FDRE                                         r  audio_AXI_DMA_i/ps7_0_axi_periph/m00_couplers/auto_cc/inst/gen_clock_conv.gen_async_lite_conv.clock_conv_lite_fwd_aw/handshake/src_hsdata_ff_reg[2]/C
  -------------------------------------------------------------------    -------------------
    SLICE_X7Y48          FDRE (Prop_fdre_C_Q)         0.367     3.067 r  audio_AXI_DMA_i/ps7_0_axi_periph/m00_couplers/auto_cc/inst/gen_clock_conv.gen_async_lite_conv.clock_conv_lite_fwd_aw/handshake/src_hsdata_ff_reg[2]/Q
                         net (fo=1, routed)           0.497     3.564    audio_AXI_DMA_i/ps7_0_axi_periph/m00_couplers/auto_cc/inst/gen_clock_conv.gen_async_lite_conv.clock_conv_lite_fwd_aw/handshake/src_hsdata_ff[2]
    SLICE_X8Y48          FDRE                                         r  audio_AXI_DMA_i/ps7_0_axi_periph/m00_couplers/auto_cc/inst/gen_clock_conv.gen_async_lite_conv.clock_conv_lite_fwd_aw/handshake/dest_hsdata_ff_reg[2]/D
  -------------------------------------------------------------------    -------------------

                         (clock clk_out1_audio_AXI_DMA_clk_wiz_0_0 rise edge)
                                                      0.000     0.000 r  
    L16                                               0.000     0.000 r  sys_clock (IN)
                         net (fo=0)                   0.000     0.000    audio_AXI_DMA_i/clk_wiz_0/inst/clk_in1
    L16                  IBUF (Prop_ibuf_I_O)         1.491     1.491 r  audio_AXI_DMA_i/clk_wiz_0/inst/clkin1_ibufg/O
                         net (fo=1, routed)           1.285     2.776    audio_AXI_DMA_i/clk_wiz_0/inst/clk_in1_audio_AXI_DMA_clk_wiz_0_0
    MMCME2_ADV_X0Y1      MMCME2_ADV (Prop_mmcme2_adv_CLKIN1_CLKOUT0)
                                                     -6.996    -4.220 r  audio_AXI_DMA_i/clk_wiz_0/inst/mmcm_adv_inst/CLKOUT0
                         net (fo=1, routed)           1.760    -2.460    audio_AXI_DMA_i/clk_wiz_0/inst/clk_out1_audio_AXI_DMA_clk_wiz_0_0
    BUFGCTRL_X0Y16       BUFG (Prop_bufg_I_O)         0.101    -2.359 r  audio_AXI_DMA_i/clk_wiz_0/inst/clkout1_buf/O
                         net (fo=5663, routed)        1.685    -0.674    audio_AXI_DMA_i/ps7_0_axi_periph/m00_couplers/auto_cc/inst/gen_clock_conv.gen_async_lite_conv.clock_conv_lite_fwd_aw/handshake/dest_clk
    SLICE_X8Y48          FDRE                                         r  audio_AXI_DMA_i/ps7_0_axi_periph/m00_couplers/auto_cc/inst/gen_clock_conv.gen_async_lite_conv.clock_conv_lite_fwd_aw/handshake/dest_hsdata_ff_reg[2]/C
                         clock pessimism              0.000    -0.674    
    SLICE_X8Y48          FDRE (Hold_fdre_C_D)         0.222    -0.452    audio_AXI_DMA_i/ps7_0_axi_periph/m00_couplers/auto_cc/inst/gen_clock_conv.gen_async_lite_conv.clock_conv_lite_fwd_aw/handshake/dest_hsdata_ff_reg[2]
  -------------------------------------------------------------------
                         data arrival                           3.564    
                         clock arrival                         -0.452    
  -------------------------------------------------------------------
                         relative delay                         4.015    



