Copyright 1986-2022 Xilinx, Inc. All Rights Reserved.
---------------------------------------------------------------------------------------------------------------------------------------------------------
| Tool Version : Vivado v.2022.2 (win64) Build 3671981 Fri Oct 14 05:00:03 MDT 2022
| Date         : Mon Jun 23 08:39:00 2025
| Host         : DESKTOP-SR46PLT running 64-bit major release  (build 9200)
| Command      : report_drc -file audio_AXI_DMA_wrapper_drc_routed.rpt -pb audio_AXI_DMA_wrapper_drc_routed.pb -rpx audio_AXI_DMA_wrapper_drc_routed.rpx
| Design       : audio_AXI_DMA_wrapper
| Device       : xc7z010clg400-1
| Speed File   : -1
| Design State : Fully Routed
---------------------------------------------------------------------------------------------------------------------------------------------------------

Report DRC

Table of Contents
-----------------
1. REPORT SUMMARY
2. REPORT DETAILS

1. REPORT SUMMARY
-----------------
            Netlist: netlist
          Floorplan: design_1
      Design limits: <entire design considered>
           Ruledeck: default
             Max violations: <unlimited>
             Violations found: 139
+-----------+----------+-------------------------+------------+
| Rule      | Severity | Description             | Violations |
+-----------+----------+-------------------------+------------+
| DPOP-1    | Warning  | PREG Output pipelining  | 64         |
| DPOP-2    | Warning  | MREG Output pipelining  | 64         |
| PDCN-1569 | Warning  | LUT equation term check | 6          |
| RTSTAT-10 | Warning  | No routable loads       | 1          |
| REQP-165  | Advisory | writefirst              | 2          |
| REQP-181  | Advisory | writefirst              | 2          |
+-----------+----------+-------------------------+------------+

2. REPORT DETAILS
-----------------
DPOP-1#1 Warning
PREG Output pipelining  
DSP audio_AXI_DMA_i/AudioSystem_AXI_wrap_0/U0/AudioProcessingSystem_inst/eq_left/gen_filters[0].IIR_Filter/mult_out0 output audio_AXI_DMA_i/AudioSystem_AXI_wrap_0/U0/AudioProcessingSystem_inst/eq_left/gen_filters[0].IIR_Filter/mult_out0/P[47:0] is not pipelined (PREG=0). Pipelining the DSP48 output will improve performance and often saves power so it is suggested whenever possible to fully pipeline this function.  If this DSP48 function was inferred, it is suggested to describe an additional register stage after this function.  If the DSP48 was instantiated in the design, it is suggested to set the PREG attribute to 1.
Related violations: <none>

DPOP-1#2 Warning
PREG Output pipelining  
DSP audio_AXI_DMA_i/AudioSystem_AXI_wrap_0/U0/AudioProcessingSystem_inst/eq_left/gen_filters[0].IIR_Filter/mult_out0__0 output audio_AXI_DMA_i/AudioSystem_AXI_wrap_0/U0/AudioProcessingSystem_inst/eq_left/gen_filters[0].IIR_Filter/mult_out0__0/P[47:0] is not pipelined (PREG=0). Pipelining the DSP48 output will improve performance and often saves power so it is suggested whenever possible to fully pipeline this function.  If this DSP48 function was inferred, it is suggested to describe an additional register stage after this function.  If the DSP48 was instantiated in the design, it is suggested to set the PREG attribute to 1.
Related violations: <none>

DPOP-1#3 Warning
PREG Output pipelining  
DSP audio_AXI_DMA_i/AudioSystem_AXI_wrap_0/U0/AudioProcessingSystem_inst/eq_left/gen_filters[0].IIR_Filter/mult_out0__1 output audio_AXI_DMA_i/AudioSystem_AXI_wrap_0/U0/AudioProcessingSystem_inst/eq_left/gen_filters[0].IIR_Filter/mult_out0__1/P[47:0] is not pipelined (PREG=0). Pipelining the DSP48 output will improve performance and often saves power so it is suggested whenever possible to fully pipeline this function.  If this DSP48 function was inferred, it is suggested to describe an additional register stage after this function.  If the DSP48 was instantiated in the design, it is suggested to set the PREG attribute to 1.
Related violations: <none>

DPOP-1#4 Warning
PREG Output pipelining  
DSP audio_AXI_DMA_i/AudioSystem_AXI_wrap_0/U0/AudioProcessingSystem_inst/eq_left/gen_filters[0].IIR_Filter/mult_out0__2 output audio_AXI_DMA_i/AudioSystem_AXI_wrap_0/U0/AudioProcessingSystem_inst/eq_left/gen_filters[0].IIR_Filter/mult_out0__2/P[47:0] is not pipelined (PREG=0). Pipelining the DSP48 output will improve performance and often saves power so it is suggested whenever possible to fully pipeline this function.  If this DSP48 function was inferred, it is suggested to describe an additional register stage after this function.  If the DSP48 was instantiated in the design, it is suggested to set the PREG attribute to 1.
Related violations: <none>

DPOP-1#5 Warning
PREG Output pipelining  
DSP audio_AXI_DMA_i/AudioSystem_AXI_wrap_0/U0/AudioProcessingSystem_inst/eq_left/gen_filters[1].IIR_Filter/mult_out0 output audio_AXI_DMA_i/AudioSystem_AXI_wrap_0/U0/AudioProcessingSystem_inst/eq_left/gen_filters[1].IIR_Filter/mult_out0/P[47:0] is not pipelined (PREG=0). Pipelining the DSP48 output will improve performance and often saves power so it is suggested whenever possible to fully pipeline this function.  If this DSP48 function was inferred, it is suggested to describe an additional register stage after this function.  If the DSP48 was instantiated in the design, it is suggested to set the PREG attribute to 1.
Related violations: <none>

DPOP-1#6 Warning
PREG Output pipelining  
DSP audio_AXI_DMA_i/AudioSystem_AXI_wrap_0/U0/AudioProcessingSystem_inst/eq_left/gen_filters[1].IIR_Filter/mult_out0__0 output audio_AXI_DMA_i/AudioSystem_AXI_wrap_0/U0/AudioProcessingSystem_inst/eq_left/gen_filters[1].IIR_Filter/mult_out0__0/P[47:0] is not pipelined (PREG=0). Pipelining the DSP48 output will improve performance and often saves power so it is suggested whenever possible to fully pipeline this function.  If this DSP48 function was inferred, it is suggested to describe an additional register stage after this function.  If the DSP48 was instantiated in the design, it is suggested to set the PREG attribute to 1.
Related violations: <none>

DPOP-1#7 Warning
PREG Output pipelining  
DSP audio_AXI_DMA_i/AudioSystem_AXI_wrap_0/U0/AudioProcessingSystem_inst/eq_left/gen_filters[1].IIR_Filter/mult_out0__1 output audio_AXI_DMA_i/AudioSystem_AXI_wrap_0/U0/AudioProcessingSystem_inst/eq_left/gen_filters[1].IIR_Filter/mult_out0__1/P[47:0] is not pipelined (PREG=0). Pipelining the DSP48 output will improve performance and often saves power so it is suggested whenever possible to fully pipeline this function.  If this DSP48 function was inferred, it is suggested to describe an additional register stage after this function.  If the DSP48 was instantiated in the design, it is suggested to set the PREG attribute to 1.
Related violations: <none>

DPOP-1#8 Warning
PREG Output pipelining  
DSP audio_AXI_DMA_i/AudioSystem_AXI_wrap_0/U0/AudioProcessingSystem_inst/eq_left/gen_filters[1].IIR_Filter/mult_out0__2 output audio_AXI_DMA_i/AudioSystem_AXI_wrap_0/U0/AudioProcessingSystem_inst/eq_left/gen_filters[1].IIR_Filter/mult_out0__2/P[47:0] is not pipelined (PREG=0). Pipelining the DSP48 output will improve performance and often saves power so it is suggested whenever possible to fully pipeline this function.  If this DSP48 function was inferred, it is suggested to describe an additional register stage after this function.  If the DSP48 was instantiated in the design, it is suggested to set the PREG attribute to 1.
Related violations: <none>

DPOP-1#9 Warning
PREG Output pipelining  
DSP audio_AXI_DMA_i/AudioSystem_AXI_wrap_0/U0/AudioProcessingSystem_inst/eq_left/gen_filters[2].IIR_Filter/mult_out0 output audio_AXI_DMA_i/AudioSystem_AXI_wrap_0/U0/AudioProcessingSystem_inst/eq_left/gen_filters[2].IIR_Filter/mult_out0/P[47:0] is not pipelined (PREG=0). Pipelining the DSP48 output will improve performance and often saves power so it is suggested whenever possible to fully pipeline this function.  If this DSP48 function was inferred, it is suggested to describe an additional register stage after this function.  If the DSP48 was instantiated in the design, it is suggested to set the PREG attribute to 1.
Related violations: <none>

DPOP-1#10 Warning
PREG Output pipelining  
DSP audio_AXI_DMA_i/AudioSystem_AXI_wrap_0/U0/AudioProcessingSystem_inst/eq_left/gen_filters[2].IIR_Filter/mult_out0__0 output audio_AXI_DMA_i/AudioSystem_AXI_wrap_0/U0/AudioProcessingSystem_inst/eq_left/gen_filters[2].IIR_Filter/mult_out0__0/P[47:0] is not pipelined (PREG=0). Pipelining the DSP48 output will improve performance and often saves power so it is suggested whenever possible to fully pipeline this function.  If this DSP48 function was inferred, it is suggested to describe an additional register stage after this function.  If the DSP48 was instantiated in the design, it is suggested to set the PREG attribute to 1.
Related violations: <none>

DPOP-1#11 Warning
PREG Output pipelining  
DSP audio_AXI_DMA_i/AudioSystem_AXI_wrap_0/U0/AudioProcessingSystem_inst/eq_left/gen_filters[2].IIR_Filter/mult_out0__1 output audio_AXI_DMA_i/AudioSystem_AXI_wrap_0/U0/AudioProcessingSystem_inst/eq_left/gen_filters[2].IIR_Filter/mult_out0__1/P[47:0] is not pipelined (PREG=0). Pipelining the DSP48 output will improve performance and often saves power so it is suggested whenever possible to fully pipeline this function.  If this DSP48 function was inferred, it is suggested to describe an additional register stage after this function.  If the DSP48 was instantiated in the design, it is suggested to set the PREG attribute to 1.
Related violations: <none>

DPOP-1#12 Warning
PREG Output pipelining  
DSP audio_AXI_DMA_i/AudioSystem_AXI_wrap_0/U0/AudioProcessingSystem_inst/eq_left/gen_filters[2].IIR_Filter/mult_out0__2 output audio_AXI_DMA_i/AudioSystem_AXI_wrap_0/U0/AudioProcessingSystem_inst/eq_left/gen_filters[2].IIR_Filter/mult_out0__2/P[47:0] is not pipelined (PREG=0). Pipelining the DSP48 output will improve performance and often saves power so it is suggested whenever possible to fully pipeline this function.  If this DSP48 function was inferred, it is suggested to describe an additional register stage after this function.  If the DSP48 was instantiated in the design, it is suggested to set the PREG attribute to 1.
Related violations: <none>

DPOP-1#13 Warning
PREG Output pipelining  
DSP audio_AXI_DMA_i/AudioSystem_AXI_wrap_0/U0/AudioProcessingSystem_inst/eq_left/gen_filters[3].IIR_Filter/mult_out0 output audio_AXI_DMA_i/AudioSystem_AXI_wrap_0/U0/AudioProcessingSystem_inst/eq_left/gen_filters[3].IIR_Filter/mult_out0/P[47:0] is not pipelined (PREG=0). Pipelining the DSP48 output will improve performance and often saves power so it is suggested whenever possible to fully pipeline this function.  If this DSP48 function was inferred, it is suggested to describe an additional register stage after this function.  If the DSP48 was instantiated in the design, it is suggested to set the PREG attribute to 1.
Related violations: <none>

DPOP-1#14 Warning
PREG Output pipelining  
DSP audio_AXI_DMA_i/AudioSystem_AXI_wrap_0/U0/AudioProcessingSystem_inst/eq_left/gen_filters[3].IIR_Filter/mult_out0__0 output audio_AXI_DMA_i/AudioSystem_AXI_wrap_0/U0/AudioProcessingSystem_inst/eq_left/gen_filters[3].IIR_Filter/mult_out0__0/P[47:0] is not pipelined (PREG=0). Pipelining the DSP48 output will improve performance and often saves power so it is suggested whenever possible to fully pipeline this function.  If this DSP48 function was inferred, it is suggested to describe an additional register stage after this function.  If the DSP48 was instantiated in the design, it is suggested to set the PREG attribute to 1.
Related violations: <none>

DPOP-1#15 Warning
PREG Output pipelining  
DSP audio_AXI_DMA_i/AudioSystem_AXI_wrap_0/U0/AudioProcessingSystem_inst/eq_left/gen_filters[3].IIR_Filter/mult_out0__1 output audio_AXI_DMA_i/AudioSystem_AXI_wrap_0/U0/AudioProcessingSystem_inst/eq_left/gen_filters[3].IIR_Filter/mult_out0__1/P[47:0] is not pipelined (PREG=0). Pipelining the DSP48 output will improve performance and often saves power so it is suggested whenever possible to fully pipeline this function.  If this DSP48 function was inferred, it is suggested to describe an additional register stage after this function.  If the DSP48 was instantiated in the design, it is suggested to set the PREG attribute to 1.
Related violations: <none>

DPOP-1#16 Warning
PREG Output pipelining  
DSP audio_AXI_DMA_i/AudioSystem_AXI_wrap_0/U0/AudioProcessingSystem_inst/eq_left/gen_filters[3].IIR_Filter/mult_out0__2 output audio_AXI_DMA_i/AudioSystem_AXI_wrap_0/U0/AudioProcessingSystem_inst/eq_left/gen_filters[3].IIR_Filter/mult_out0__2/P[47:0] is not pipelined (PREG=0). Pipelining the DSP48 output will improve performance and often saves power so it is suggested whenever possible to fully pipeline this function.  If this DSP48 function was inferred, it is suggested to describe an additional register stage after this function.  If the DSP48 was instantiated in the design, it is suggested to set the PREG attribute to 1.
Related violations: <none>

DPOP-1#17 Warning
PREG Output pipelining  
DSP audio_AXI_DMA_i/AudioSystem_AXI_wrap_0/U0/AudioProcessingSystem_inst/eq_left/gen_filters[4].IIR_Filter/mult_out0 output audio_AXI_DMA_i/AudioSystem_AXI_wrap_0/U0/AudioProcessingSystem_inst/eq_left/gen_filters[4].IIR_Filter/mult_out0/P[47:0] is not pipelined (PREG=0). Pipelining the DSP48 output will improve performance and often saves power so it is suggested whenever possible to fully pipeline this function.  If this DSP48 function was inferred, it is suggested to describe an additional register stage after this function.  If the DSP48 was instantiated in the design, it is suggested to set the PREG attribute to 1.
Related violations: <none>

DPOP-1#18 Warning
PREG Output pipelining  
DSP audio_AXI_DMA_i/AudioSystem_AXI_wrap_0/U0/AudioProcessingSystem_inst/eq_left/gen_filters[4].IIR_Filter/mult_out0__0 output audio_AXI_DMA_i/AudioSystem_AXI_wrap_0/U0/AudioProcessingSystem_inst/eq_left/gen_filters[4].IIR_Filter/mult_out0__0/P[47:0] is not pipelined (PREG=0). Pipelining the DSP48 output will improve performance and often saves power so it is suggested whenever possible to fully pipeline this function.  If this DSP48 function was inferred, it is suggested to describe an additional register stage after this function.  If the DSP48 was instantiated in the design, it is suggested to set the PREG attribute to 1.
Related violations: <none>

DPOP-1#19 Warning
PREG Output pipelining  
DSP audio_AXI_DMA_i/AudioSystem_AXI_wrap_0/U0/AudioProcessingSystem_inst/eq_left/gen_filters[4].IIR_Filter/mult_out0__1 output audio_AXI_DMA_i/AudioSystem_AXI_wrap_0/U0/AudioProcessingSystem_inst/eq_left/gen_filters[4].IIR_Filter/mult_out0__1/P[47:0] is not pipelined (PREG=0). Pipelining the DSP48 output will improve performance and often saves power so it is suggested whenever possible to fully pipeline this function.  If this DSP48 function was inferred, it is suggested to describe an additional register stage after this function.  If the DSP48 was instantiated in the design, it is suggested to set the PREG attribute to 1.
Related violations: <none>

DPOP-1#20 Warning
PREG Output pipelining  
DSP audio_AXI_DMA_i/AudioSystem_AXI_wrap_0/U0/AudioProcessingSystem_inst/eq_left/gen_filters[4].IIR_Filter/mult_out0__2 output audio_AXI_DMA_i/AudioSystem_AXI_wrap_0/U0/AudioProcessingSystem_inst/eq_left/gen_filters[4].IIR_Filter/mult_out0__2/P[47:0] is not pipelined (PREG=0). Pipelining the DSP48 output will improve performance and often saves power so it is suggested whenever possible to fully pipeline this function.  If this DSP48 function was inferred, it is suggested to describe an additional register stage after this function.  If the DSP48 was instantiated in the design, it is suggested to set the PREG attribute to 1.
Related violations: <none>

DPOP-1#21 Warning
PREG Output pipelining  
DSP audio_AXI_DMA_i/AudioSystem_AXI_wrap_0/U0/AudioProcessingSystem_inst/eq_left/gen_filters[5].IIR_Filter/mult_out0 output audio_AXI_DMA_i/AudioSystem_AXI_wrap_0/U0/AudioProcessingSystem_inst/eq_left/gen_filters[5].IIR_Filter/mult_out0/P[47:0] is not pipelined (PREG=0). Pipelining the DSP48 output will improve performance and often saves power so it is suggested whenever possible to fully pipeline this function.  If this DSP48 function was inferred, it is suggested to describe an additional register stage after this function.  If the DSP48 was instantiated in the design, it is suggested to set the PREG attribute to 1.
Related violations: <none>

DPOP-1#22 Warning
PREG Output pipelining  
DSP audio_AXI_DMA_i/AudioSystem_AXI_wrap_0/U0/AudioProcessingSystem_inst/eq_left/gen_filters[5].IIR_Filter/mult_out0__0 output audio_AXI_DMA_i/AudioSystem_AXI_wrap_0/U0/AudioProcessingSystem_inst/eq_left/gen_filters[5].IIR_Filter/mult_out0__0/P[47:0] is not pipelined (PREG=0). Pipelining the DSP48 output will improve performance and often saves power so it is suggested whenever possible to fully pipeline this function.  If this DSP48 function was inferred, it is suggested to describe an additional register stage after this function.  If the DSP48 was instantiated in the design, it is suggested to set the PREG attribute to 1.
Related violations: <none>

DPOP-1#23 Warning
PREG Output pipelining  
DSP audio_AXI_DMA_i/AudioSystem_AXI_wrap_0/U0/AudioProcessingSystem_inst/eq_left/gen_filters[5].IIR_Filter/mult_out0__1 output audio_AXI_DMA_i/AudioSystem_AXI_wrap_0/U0/AudioProcessingSystem_inst/eq_left/gen_filters[5].IIR_Filter/mult_out0__1/P[47:0] is not pipelined (PREG=0). Pipelining the DSP48 output will improve performance and often saves power so it is suggested whenever possible to fully pipeline this function.  If this DSP48 function was inferred, it is suggested to describe an additional register stage after this function.  If the DSP48 was instantiated in the design, it is suggested to set the PREG attribute to 1.
Related violations: <none>

DPOP-1#24 Warning
PREG Output pipelining  
DSP audio_AXI_DMA_i/AudioSystem_AXI_wrap_0/U0/AudioProcessingSystem_inst/eq_left/gen_filters[5].IIR_Filter/mult_out0__2 output audio_AXI_DMA_i/AudioSystem_AXI_wrap_0/U0/AudioProcessingSystem_inst/eq_left/gen_filters[5].IIR_Filter/mult_out0__2/P[47:0] is not pipelined (PREG=0). Pipelining the DSP48 output will improve performance and often saves power so it is suggested whenever possible to fully pipeline this function.  If this DSP48 function was inferred, it is suggested to describe an additional register stage after this function.  If the DSP48 was instantiated in the design, it is suggested to set the PREG attribute to 1.
Related violations: <none>

DPOP-1#25 Warning
PREG Output pipelining  
DSP audio_AXI_DMA_i/AudioSystem_AXI_wrap_0/U0/AudioProcessingSystem_inst/eq_left/gen_filters[6].IIR_Filter/mult_out0 output audio_AXI_DMA_i/AudioSystem_AXI_wrap_0/U0/AudioProcessingSystem_inst/eq_left/gen_filters[6].IIR_Filter/mult_out0/P[47:0] is not pipelined (PREG=0). Pipelining the DSP48 output will improve performance and often saves power so it is suggested whenever possible to fully pipeline this function.  If this DSP48 function was inferred, it is suggested to describe an additional register stage after this function.  If the DSP48 was instantiated in the design, it is suggested to set the PREG attribute to 1.
Related violations: <none>

DPOP-1#26 Warning
PREG Output pipelining  
DSP audio_AXI_DMA_i/AudioSystem_AXI_wrap_0/U0/AudioProcessingSystem_inst/eq_left/gen_filters[6].IIR_Filter/mult_out0__0 output audio_AXI_DMA_i/AudioSystem_AXI_wrap_0/U0/AudioProcessingSystem_inst/eq_left/gen_filters[6].IIR_Filter/mult_out0__0/P[47:0] is not pipelined (PREG=0). Pipelining the DSP48 output will improve performance and often saves power so it is suggested whenever possible to fully pipeline this function.  If this DSP48 function was inferred, it is suggested to describe an additional register stage after this function.  If the DSP48 was instantiated in the design, it is suggested to set the PREG attribute to 1.
Related violations: <none>

DPOP-1#27 Warning
PREG Output pipelining  
DSP audio_AXI_DMA_i/AudioSystem_AXI_wrap_0/U0/AudioProcessingSystem_inst/eq_left/gen_filters[6].IIR_Filter/mult_out0__1 output audio_AXI_DMA_i/AudioSystem_AXI_wrap_0/U0/AudioProcessingSystem_inst/eq_left/gen_filters[6].IIR_Filter/mult_out0__1/P[47:0] is not pipelined (PREG=0). Pipelining the DSP48 output will improve performance and often saves power so it is suggested whenever possible to fully pipeline this function.  If this DSP48 function was inferred, it is suggested to describe an additional register stage after this function.  If the DSP48 was instantiated in the design, it is suggested to set the PREG attribute to 1.
Related violations: <none>

DPOP-1#28 Warning
PREG Output pipelining  
DSP audio_AXI_DMA_i/AudioSystem_AXI_wrap_0/U0/AudioProcessingSystem_inst/eq_left/gen_filters[6].IIR_Filter/mult_out0__2 output audio_AXI_DMA_i/AudioSystem_AXI_wrap_0/U0/AudioProcessingSystem_inst/eq_left/gen_filters[6].IIR_Filter/mult_out0__2/P[47:0] is not pipelined (PREG=0). Pipelining the DSP48 output will improve performance and often saves power so it is suggested whenever possible to fully pipeline this function.  If this DSP48 function was inferred, it is suggested to describe an additional register stage after this function.  If the DSP48 was instantiated in the design, it is suggested to set the PREG attribute to 1.
Related violations: <none>

DPOP-1#29 Warning
PREG Output pipelining  
DSP audio_AXI_DMA_i/AudioSystem_AXI_wrap_0/U0/AudioProcessingSystem_inst/eq_left/gen_filters[7].IIR_Filter/mult_out0 output audio_AXI_DMA_i/AudioSystem_AXI_wrap_0/U0/AudioProcessingSystem_inst/eq_left/gen_filters[7].IIR_Filter/mult_out0/P[47:0] is not pipelined (PREG=0). Pipelining the DSP48 output will improve performance and often saves power so it is suggested whenever possible to fully pipeline this function.  If this DSP48 function was inferred, it is suggested to describe an additional register stage after this function.  If the DSP48 was instantiated in the design, it is suggested to set the PREG attribute to 1.
Related violations: <none>

DPOP-1#30 Warning
PREG Output pipelining  
DSP audio_AXI_DMA_i/AudioSystem_AXI_wrap_0/U0/AudioProcessingSystem_inst/eq_left/gen_filters[7].IIR_Filter/mult_out0__0 output audio_AXI_DMA_i/AudioSystem_AXI_wrap_0/U0/AudioProcessingSystem_inst/eq_left/gen_filters[7].IIR_Filter/mult_out0__0/P[47:0] is not pipelined (PREG=0). Pipelining the DSP48 output will improve performance and often saves power so it is suggested whenever possible to fully pipeline this function.  If this DSP48 function was inferred, it is suggested to describe an additional register stage after this function.  If the DSP48 was instantiated in the design, it is suggested to set the PREG attribute to 1.
Related violations: <none>

DPOP-1#31 Warning
PREG Output pipelining  
DSP audio_AXI_DMA_i/AudioSystem_AXI_wrap_0/U0/AudioProcessingSystem_inst/eq_left/gen_filters[7].IIR_Filter/mult_out0__1 output audio_AXI_DMA_i/AudioSystem_AXI_wrap_0/U0/AudioProcessingSystem_inst/eq_left/gen_filters[7].IIR_Filter/mult_out0__1/P[47:0] is not pipelined (PREG=0). Pipelining the DSP48 output will improve performance and often saves power so it is suggested whenever possible to fully pipeline this function.  If this DSP48 function was inferred, it is suggested to describe an additional register stage after this function.  If the DSP48 was instantiated in the design, it is suggested to set the PREG attribute to 1.
Related violations: <none>

DPOP-1#32 Warning
PREG Output pipelining  
DSP audio_AXI_DMA_i/AudioSystem_AXI_wrap_0/U0/AudioProcessingSystem_inst/eq_left/gen_filters[7].IIR_Filter/mult_out0__2 output audio_AXI_DMA_i/AudioSystem_AXI_wrap_0/U0/AudioProcessingSystem_inst/eq_left/gen_filters[7].IIR_Filter/mult_out0__2/P[47:0] is not pipelined (PREG=0). Pipelining the DSP48 output will improve performance and often saves power so it is suggested whenever possible to fully pipeline this function.  If this DSP48 function was inferred, it is suggested to describe an additional register stage after this function.  If the DSP48 was instantiated in the design, it is suggested to set the PREG attribute to 1.
Related violations: <none>

DPOP-1#33 Warning
PREG Output pipelining  
DSP audio_AXI_DMA_i/AudioSystem_AXI_wrap_0/U0/AudioProcessingSystem_inst/eq_right/gen_filters[0].IIR_Filter/mult_out0 output audio_AXI_DMA_i/AudioSystem_AXI_wrap_0/U0/AudioProcessingSystem_inst/eq_right/gen_filters[0].IIR_Filter/mult_out0/P[47:0] is not pipelined (PREG=0). Pipelining the DSP48 output will improve performance and often saves power so it is suggested whenever possible to fully pipeline this function.  If this DSP48 function was inferred, it is suggested to describe an additional register stage after this function.  If the DSP48 was instantiated in the design, it is suggested to set the PREG attribute to 1.
Related violations: <none>

DPOP-1#34 Warning
PREG Output pipelining  
DSP audio_AXI_DMA_i/AudioSystem_AXI_wrap_0/U0/AudioProcessingSystem_inst/eq_right/gen_filters[0].IIR_Filter/mult_out0__0 output audio_AXI_DMA_i/AudioSystem_AXI_wrap_0/U0/AudioProcessingSystem_inst/eq_right/gen_filters[0].IIR_Filter/mult_out0__0/P[47:0] is not pipelined (PREG=0). Pipelining the DSP48 output will improve performance and often saves power so it is suggested whenever possible to fully pipeline this function.  If this DSP48 function was inferred, it is suggested to describe an additional register stage after this function.  If the DSP48 was instantiated in the design, it is suggested to set the PREG attribute to 1.
Related violations: <none>

DPOP-1#35 Warning
PREG Output pipelining  
DSP audio_AXI_DMA_i/AudioSystem_AXI_wrap_0/U0/AudioProcessingSystem_inst/eq_right/gen_filters[0].IIR_Filter/mult_out0__1 output audio_AXI_DMA_i/AudioSystem_AXI_wrap_0/U0/AudioProcessingSystem_inst/eq_right/gen_filters[0].IIR_Filter/mult_out0__1/P[47:0] is not pipelined (PREG=0). Pipelining the DSP48 output will improve performance and often saves power so it is suggested whenever possible to fully pipeline this function.  If this DSP48 function was inferred, it is suggested to describe an additional register stage after this function.  If the DSP48 was instantiated in the design, it is suggested to set the PREG attribute to 1.
Related violations: <none>

DPOP-1#36 Warning
PREG Output pipelining  
DSP audio_AXI_DMA_i/AudioSystem_AXI_wrap_0/U0/AudioProcessingSystem_inst/eq_right/gen_filters[0].IIR_Filter/mult_out0__2 output audio_AXI_DMA_i/AudioSystem_AXI_wrap_0/U0/AudioProcessingSystem_inst/eq_right/gen_filters[0].IIR_Filter/mult_out0__2/P[47:0] is not pipelined (PREG=0). Pipelining the DSP48 output will improve performance and often saves power so it is suggested whenever possible to fully pipeline this function.  If this DSP48 function was inferred, it is suggested to describe an additional register stage after this function.  If the DSP48 was instantiated in the design, it is suggested to set the PREG attribute to 1.
Related violations: <none>

DPOP-1#37 Warning
PREG Output pipelining  
DSP audio_AXI_DMA_i/AudioSystem_AXI_wrap_0/U0/AudioProcessingSystem_inst/eq_right/gen_filters[1].IIR_Filter/mult_out0 output audio_AXI_DMA_i/AudioSystem_AXI_wrap_0/U0/AudioProcessingSystem_inst/eq_right/gen_filters[1].IIR_Filter/mult_out0/P[47:0] is not pipelined (PREG=0). Pipelining the DSP48 output will improve performance and often saves power so it is suggested whenever possible to fully pipeline this function.  If this DSP48 function was inferred, it is suggested to describe an additional register stage after this function.  If the DSP48 was instantiated in the design, it is suggested to set the PREG attribute to 1.
Related violations: <none>

DPOP-1#38 Warning
PREG Output pipelining  
DSP audio_AXI_DMA_i/AudioSystem_AXI_wrap_0/U0/AudioProcessingSystem_inst/eq_right/gen_filters[1].IIR_Filter/mult_out0__0 output audio_AXI_DMA_i/AudioSystem_AXI_wrap_0/U0/AudioProcessingSystem_inst/eq_right/gen_filters[1].IIR_Filter/mult_out0__0/P[47:0] is not pipelined (PREG=0). Pipelining the DSP48 output will improve performance and often saves power so it is suggested whenever possible to fully pipeline this function.  If this DSP48 function was inferred, it is suggested to describe an additional register stage after this function.  If the DSP48 was instantiated in the design, it is suggested to set the PREG attribute to 1.
Related violations: <none>

DPOP-1#39 Warning
PREG Output pipelining  
DSP audio_AXI_DMA_i/AudioSystem_AXI_wrap_0/U0/AudioProcessingSystem_inst/eq_right/gen_filters[1].IIR_Filter/mult_out0__1 output audio_AXI_DMA_i/AudioSystem_AXI_wrap_0/U0/AudioProcessingSystem_inst/eq_right/gen_filters[1].IIR_Filter/mult_out0__1/P[47:0] is not pipelined (PREG=0). Pipelining the DSP48 output will improve performance and often saves power so it is suggested whenever possible to fully pipeline this function.  If this DSP48 function was inferred, it is suggested to describe an additional register stage after this function.  If the DSP48 was instantiated in the design, it is suggested to set the PREG attribute to 1.
Related violations: <none>

DPOP-1#40 Warning
PREG Output pipelining  
DSP audio_AXI_DMA_i/AudioSystem_AXI_wrap_0/U0/AudioProcessingSystem_inst/eq_right/gen_filters[1].IIR_Filter/mult_out0__2 output audio_AXI_DMA_i/AudioSystem_AXI_wrap_0/U0/AudioProcessingSystem_inst/eq_right/gen_filters[1].IIR_Filter/mult_out0__2/P[47:0] is not pipelined (PREG=0). Pipelining the DSP48 output will improve performance and often saves power so it is suggested whenever possible to fully pipeline this function.  If this DSP48 function was inferred, it is suggested to describe an additional register stage after this function.  If the DSP48 was instantiated in the design, it is suggested to set the PREG attribute to 1.
Related violations: <none>

DPOP-1#41 Warning
PREG Output pipelining  
DSP audio_AXI_DMA_i/AudioSystem_AXI_wrap_0/U0/AudioProcessingSystem_inst/eq_right/gen_filters[2].IIR_Filter/mult_out0 output audio_AXI_DMA_i/AudioSystem_AXI_wrap_0/U0/AudioProcessingSystem_inst/eq_right/gen_filters[2].IIR_Filter/mult_out0/P[47:0] is not pipelined (PREG=0). Pipelining the DSP48 output will improve performance and often saves power so it is suggested whenever possible to fully pipeline this function.  If this DSP48 function was inferred, it is suggested to describe an additional register stage after this function.  If the DSP48 was instantiated in the design, it is suggested to set the PREG attribute to 1.
Related violations: <none>

DPOP-1#42 Warning
PREG Output pipelining  
DSP audio_AXI_DMA_i/AudioSystem_AXI_wrap_0/U0/AudioProcessingSystem_inst/eq_right/gen_filters[2].IIR_Filter/mult_out0__0 output audio_AXI_DMA_i/AudioSystem_AXI_wrap_0/U0/AudioProcessingSystem_inst/eq_right/gen_filters[2].IIR_Filter/mult_out0__0/P[47:0] is not pipelined (PREG=0). Pipelining the DSP48 output will improve performance and often saves power so it is suggested whenever possible to fully pipeline this function.  If this DSP48 function was inferred, it is suggested to describe an additional register stage after this function.  If the DSP48 was instantiated in the design, it is suggested to set the PREG attribute to 1.
Related violations: <none>

DPOP-1#43 Warning
PREG Output pipelining  
DSP audio_AXI_DMA_i/AudioSystem_AXI_wrap_0/U0/AudioProcessingSystem_inst/eq_right/gen_filters[2].IIR_Filter/mult_out0__1 output audio_AXI_DMA_i/AudioSystem_AXI_wrap_0/U0/AudioProcessingSystem_inst/eq_right/gen_filters[2].IIR_Filter/mult_out0__1/P[47:0] is not pipelined (PREG=0). Pipelining the DSP48 output will improve performance and often saves power so it is suggested whenever possible to fully pipeline this function.  If this DSP48 function was inferred, it is suggested to describe an additional register stage after this function.  If the DSP48 was instantiated in the design, it is suggested to set the PREG attribute to 1.
Related violations: <none>

DPOP-1#44 Warning
PREG Output pipelining  
DSP audio_AXI_DMA_i/AudioSystem_AXI_wrap_0/U0/AudioProcessingSystem_inst/eq_right/gen_filters[2].IIR_Filter/mult_out0__2 output audio_AXI_DMA_i/AudioSystem_AXI_wrap_0/U0/AudioProcessingSystem_inst/eq_right/gen_filters[2].IIR_Filter/mult_out0__2/P[47:0] is not pipelined (PREG=0). Pipelining the DSP48 output will improve performance and often saves power so it is suggested whenever possible to fully pipeline this function.  If this DSP48 function was inferred, it is suggested to describe an additional register stage after this function.  If the DSP48 was instantiated in the design, it is suggested to set the PREG attribute to 1.
Related violations: <none>

DPOP-1#45 Warning
PREG Output pipelining  
DSP audio_AXI_DMA_i/AudioSystem_AXI_wrap_0/U0/AudioProcessingSystem_inst/eq_right/gen_filters[3].IIR_Filter/mult_out0 output audio_AXI_DMA_i/AudioSystem_AXI_wrap_0/U0/AudioProcessingSystem_inst/eq_right/gen_filters[3].IIR_Filter/mult_out0/P[47:0] is not pipelined (PREG=0). Pipelining the DSP48 output will improve performance and often saves power so it is suggested whenever possible to fully pipeline this function.  If this DSP48 function was inferred, it is suggested to describe an additional register stage after this function.  If the DSP48 was instantiated in the design, it is suggested to set the PREG attribute to 1.
Related violations: <none>

DPOP-1#46 Warning
PREG Output pipelining  
DSP audio_AXI_DMA_i/AudioSystem_AXI_wrap_0/U0/AudioProcessingSystem_inst/eq_right/gen_filters[3].IIR_Filter/mult_out0__0 output audio_AXI_DMA_i/AudioSystem_AXI_wrap_0/U0/AudioProcessingSystem_inst/eq_right/gen_filters[3].IIR_Filter/mult_out0__0/P[47:0] is not pipelined (PREG=0). Pipelining the DSP48 output will improve performance and often saves power so it is suggested whenever possible to fully pipeline this function.  If this DSP48 function was inferred, it is suggested to describe an additional register stage after this function.  If the DSP48 was instantiated in the design, it is suggested to set the PREG attribute to 1.
Related violations: <none>

DPOP-1#47 Warning
PREG Output pipelining  
DSP audio_AXI_DMA_i/AudioSystem_AXI_wrap_0/U0/AudioProcessingSystem_inst/eq_right/gen_filters[3].IIR_Filter/mult_out0__1 output audio_AXI_DMA_i/AudioSystem_AXI_wrap_0/U0/AudioProcessingSystem_inst/eq_right/gen_filters[3].IIR_Filter/mult_out0__1/P[47:0] is not pipelined (PREG=0). Pipelining the DSP48 output will improve performance and often saves power so it is suggested whenever possible to fully pipeline this function.  If this DSP48 function was inferred, it is suggested to describe an additional register stage after this function.  If the DSP48 was instantiated in the design, it is suggested to set the PREG attribute to 1.
Related violations: <none>

DPOP-1#48 Warning
PREG Output pipelining  
DSP audio_AXI_DMA_i/AudioSystem_AXI_wrap_0/U0/AudioProcessingSystem_inst/eq_right/gen_filters[3].IIR_Filter/mult_out0__2 output audio_AXI_DMA_i/AudioSystem_AXI_wrap_0/U0/AudioProcessingSystem_inst/eq_right/gen_filters[3].IIR_Filter/mult_out0__2/P[47:0] is not pipelined (PREG=0). Pipelining the DSP48 output will improve performance and often saves power so it is suggested whenever possible to fully pipeline this function.  If this DSP48 function was inferred, it is suggested to describe an additional register stage after this function.  If the DSP48 was instantiated in the design, it is suggested to set the PREG attribute to 1.
Related violations: <none>

DPOP-1#49 Warning
PREG Output pipelining  
DSP audio_AXI_DMA_i/AudioSystem_AXI_wrap_0/U0/AudioProcessingSystem_inst/eq_right/gen_filters[4].IIR_Filter/mult_out0 output audio_AXI_DMA_i/AudioSystem_AXI_wrap_0/U0/AudioProcessingSystem_inst/eq_right/gen_filters[4].IIR_Filter/mult_out0/P[47:0] is not pipelined (PREG=0). Pipelining the DSP48 output will improve performance and often saves power so it is suggested whenever possible to fully pipeline this function.  If this DSP48 function was inferred, it is suggested to describe an additional register stage after this function.  If the DSP48 was instantiated in the design, it is suggested to set the PREG attribute to 1.
Related violations: <none>

DPOP-1#50 Warning
PREG Output pipelining  
DSP audio_AXI_DMA_i/AudioSystem_AXI_wrap_0/U0/AudioProcessingSystem_inst/eq_right/gen_filters[4].IIR_Filter/mult_out0__0 output audio_AXI_DMA_i/AudioSystem_AXI_wrap_0/U0/AudioProcessingSystem_inst/eq_right/gen_filters[4].IIR_Filter/mult_out0__0/P[47:0] is not pipelined (PREG=0). Pipelining the DSP48 output will improve performance and often saves power so it is suggested whenever possible to fully pipeline this function.  If this DSP48 function was inferred, it is suggested to describe an additional register stage after this function.  If the DSP48 was instantiated in the design, it is suggested to set the PREG attribute to 1.
Related violations: <none>

DPOP-1#51 Warning
PREG Output pipelining  
DSP audio_AXI_DMA_i/AudioSystem_AXI_wrap_0/U0/AudioProcessingSystem_inst/eq_right/gen_filters[4].IIR_Filter/mult_out0__1 output audio_AXI_DMA_i/AudioSystem_AXI_wrap_0/U0/AudioProcessingSystem_inst/eq_right/gen_filters[4].IIR_Filter/mult_out0__1/P[47:0] is not pipelined (PREG=0). Pipelining the DSP48 output will improve performance and often saves power so it is suggested whenever possible to fully pipeline this function.  If this DSP48 function was inferred, it is suggested to describe an additional register stage after this function.  If the DSP48 was instantiated in the design, it is suggested to set the PREG attribute to 1.
Related violations: <none>

DPOP-1#52 Warning
PREG Output pipelining  
DSP audio_AXI_DMA_i/AudioSystem_AXI_wrap_0/U0/AudioProcessingSystem_inst/eq_right/gen_filters[4].IIR_Filter/mult_out0__2 output audio_AXI_DMA_i/AudioSystem_AXI_wrap_0/U0/AudioProcessingSystem_inst/eq_right/gen_filters[4].IIR_Filter/mult_out0__2/P[47:0] is not pipelined (PREG=0). Pipelining the DSP48 output will improve performance and often saves power so it is suggested whenever possible to fully pipeline this function.  If this DSP48 function was inferred, it is suggested to describe an additional register stage after this function.  If the DSP48 was instantiated in the design, it is suggested to set the PREG attribute to 1.
Related violations: <none>

DPOP-1#53 Warning
PREG Output pipelining  
DSP audio_AXI_DMA_i/AudioSystem_AXI_wrap_0/U0/AudioProcessingSystem_inst/eq_right/gen_filters[5].IIR_Filter/mult_out0 output audio_AXI_DMA_i/AudioSystem_AXI_wrap_0/U0/AudioProcessingSystem_inst/eq_right/gen_filters[5].IIR_Filter/mult_out0/P[47:0] is not pipelined (PREG=0). Pipelining the DSP48 output will improve performance and often saves power so it is suggested whenever possible to fully pipeline this function.  If this DSP48 function was inferred, it is suggested to describe an additional register stage after this function.  If the DSP48 was instantiated in the design, it is suggested to set the PREG attribute to 1.
Related violations: <none>

DPOP-1#54 Warning
PREG Output pipelining  
DSP audio_AXI_DMA_i/AudioSystem_AXI_wrap_0/U0/AudioProcessingSystem_inst/eq_right/gen_filters[5].IIR_Filter/mult_out0__0 output audio_AXI_DMA_i/AudioSystem_AXI_wrap_0/U0/AudioProcessingSystem_inst/eq_right/gen_filters[5].IIR_Filter/mult_out0__0/P[47:0] is not pipelined (PREG=0). Pipelining the DSP48 output will improve performance and often saves power so it is suggested whenever possible to fully pipeline this function.  If this DSP48 function was inferred, it is suggested to describe an additional register stage after this function.  If the DSP48 was instantiated in the design, it is suggested to set the PREG attribute to 1.
Related violations: <none>

DPOP-1#55 Warning
PREG Output pipelining  
DSP audio_AXI_DMA_i/AudioSystem_AXI_wrap_0/U0/AudioProcessingSystem_inst/eq_right/gen_filters[5].IIR_Filter/mult_out0__1 output audio_AXI_DMA_i/AudioSystem_AXI_wrap_0/U0/AudioProcessingSystem_inst/eq_right/gen_filters[5].IIR_Filter/mult_out0__1/P[47:0] is not pipelined (PREG=0). Pipelining the DSP48 output will improve performance and often saves power so it is suggested whenever possible to fully pipeline this function.  If this DSP48 function was inferred, it is suggested to describe an additional register stage after this function.  If the DSP48 was instantiated in the design, it is suggested to set the PREG attribute to 1.
Related violations: <none>

DPOP-1#56 Warning
PREG Output pipelining  
DSP audio_AXI_DMA_i/AudioSystem_AXI_wrap_0/U0/AudioProcessingSystem_inst/eq_right/gen_filters[5].IIR_Filter/mult_out0__2 output audio_AXI_DMA_i/AudioSystem_AXI_wrap_0/U0/AudioProcessingSystem_inst/eq_right/gen_filters[5].IIR_Filter/mult_out0__2/P[47:0] is not pipelined (PREG=0). Pipelining the DSP48 output will improve performance and often saves power so it is suggested whenever possible to fully pipeline this function.  If this DSP48 function was inferred, it is suggested to describe an additional register stage after this function.  If the DSP48 was instantiated in the design, it is suggested to set the PREG attribute to 1.
Related violations: <none>

DPOP-1#57 Warning
PREG Output pipelining  
DSP audio_AXI_DMA_i/AudioSystem_AXI_wrap_0/U0/AudioProcessingSystem_inst/eq_right/gen_filters[6].IIR_Filter/mult_out0 output audio_AXI_DMA_i/AudioSystem_AXI_wrap_0/U0/AudioProcessingSystem_inst/eq_right/gen_filters[6].IIR_Filter/mult_out0/P[47:0] is not pipelined (PREG=0). Pipelining the DSP48 output will improve performance and often saves power so it is suggested whenever possible to fully pipeline this function.  If this DSP48 function was inferred, it is suggested to describe an additional register stage after this function.  If the DSP48 was instantiated in the design, it is suggested to set the PREG attribute to 1.
Related violations: <none>

DPOP-1#58 Warning
PREG Output pipelining  
DSP audio_AXI_DMA_i/AudioSystem_AXI_wrap_0/U0/AudioProcessingSystem_inst/eq_right/gen_filters[6].IIR_Filter/mult_out0__0 output audio_AXI_DMA_i/AudioSystem_AXI_wrap_0/U0/AudioProcessingSystem_inst/eq_right/gen_filters[6].IIR_Filter/mult_out0__0/P[47:0] is not pipelined (PREG=0). Pipelining the DSP48 output will improve performance and often saves power so it is suggested whenever possible to fully pipeline this function.  If this DSP48 function was inferred, it is suggested to describe an additional register stage after this function.  If the DSP48 was instantiated in the design, it is suggested to set the PREG attribute to 1.
Related violations: <none>

DPOP-1#59 Warning
PREG Output pipelining  
DSP audio_AXI_DMA_i/AudioSystem_AXI_wrap_0/U0/AudioProcessingSystem_inst/eq_right/gen_filters[6].IIR_Filter/mult_out0__1 output audio_AXI_DMA_i/AudioSystem_AXI_wrap_0/U0/AudioProcessingSystem_inst/eq_right/gen_filters[6].IIR_Filter/mult_out0__1/P[47:0] is not pipelined (PREG=0). Pipelining the DSP48 output will improve performance and often saves power so it is suggested whenever possible to fully pipeline this function.  If this DSP48 function was inferred, it is suggested to describe an additional register stage after this function.  If the DSP48 was instantiated in the design, it is suggested to set the PREG attribute to 1.
Related violations: <none>

DPOP-1#60 Warning
PREG Output pipelining  
DSP audio_AXI_DMA_i/AudioSystem_AXI_wrap_0/U0/AudioProcessingSystem_inst/eq_right/gen_filters[6].IIR_Filter/mult_out0__2 output audio_AXI_DMA_i/AudioSystem_AXI_wrap_0/U0/AudioProcessingSystem_inst/eq_right/gen_filters[6].IIR_Filter/mult_out0__2/P[47:0] is not pipelined (PREG=0). Pipelining the DSP48 output will improve performance and often saves power so it is suggested whenever possible to fully pipeline this function.  If this DSP48 function was inferred, it is suggested to describe an additional register stage after this function.  If the DSP48 was instantiated in the design, it is suggested to set the PREG attribute to 1.
Related violations: <none>

DPOP-1#61 Warning
PREG Output pipelining  
DSP audio_AXI_DMA_i/AudioSystem_AXI_wrap_0/U0/AudioProcessingSystem_inst/eq_right/gen_filters[7].IIR_Filter/mult_out0 output audio_AXI_DMA_i/AudioSystem_AXI_wrap_0/U0/AudioProcessingSystem_inst/eq_right/gen_filters[7].IIR_Filter/mult_out0/P[47:0] is not pipelined (PREG=0). Pipelining the DSP48 output will improve performance and often saves power so it is suggested whenever possible to fully pipeline this function.  If this DSP48 function was inferred, it is suggested to describe an additional register stage after this function.  If the DSP48 was instantiated in the design, it is suggested to set the PREG attribute to 1.
Related violations: <none>

DPOP-1#62 Warning
PREG Output pipelining  
DSP audio_AXI_DMA_i/AudioSystem_AXI_wrap_0/U0/AudioProcessingSystem_inst/eq_right/gen_filters[7].IIR_Filter/mult_out0__0 output audio_AXI_DMA_i/AudioSystem_AXI_wrap_0/U0/AudioProcessingSystem_inst/eq_right/gen_filters[7].IIR_Filter/mult_out0__0/P[47:0] is not pipelined (PREG=0). Pipelining the DSP48 output will improve performance and often saves power so it is suggested whenever possible to fully pipeline this function.  If this DSP48 function was inferred, it is suggested to describe an additional register stage after this function.  If the DSP48 was instantiated in the design, it is suggested to set the PREG attribute to 1.
Related violations: <none>

DPOP-1#63 Warning
PREG Output pipelining  
DSP audio_AXI_DMA_i/AudioSystem_AXI_wrap_0/U0/AudioProcessingSystem_inst/eq_right/gen_filters[7].IIR_Filter/mult_out0__1 output audio_AXI_DMA_i/AudioSystem_AXI_wrap_0/U0/AudioProcessingSystem_inst/eq_right/gen_filters[7].IIR_Filter/mult_out0__1/P[47:0] is not pipelined (PREG=0). Pipelining the DSP48 output will improve performance and often saves power so it is suggested whenever possible to fully pipeline this function.  If this DSP48 function was inferred, it is suggested to describe an additional register stage after this function.  If the DSP48 was instantiated in the design, it is suggested to set the PREG attribute to 1.
Related violations: <none>

DPOP-1#64 Warning
PREG Output pipelining  
DSP audio_AXI_DMA_i/AudioSystem_AXI_wrap_0/U0/AudioProcessingSystem_inst/eq_right/gen_filters[7].IIR_Filter/mult_out0__2 output audio_AXI_DMA_i/AudioSystem_AXI_wrap_0/U0/AudioProcessingSystem_inst/eq_right/gen_filters[7].IIR_Filter/mult_out0__2/P[47:0] is not pipelined (PREG=0). Pipelining the DSP48 output will improve performance and often saves power so it is suggested whenever possible to fully pipeline this function.  If this DSP48 function was inferred, it is suggested to describe an additional register stage after this function.  If the DSP48 was instantiated in the design, it is suggested to set the PREG attribute to 1.
Related violations: <none>

DPOP-2#1 Warning
MREG Output pipelining  
DSP audio_AXI_DMA_i/AudioSystem_AXI_wrap_0/U0/AudioProcessingSystem_inst/eq_left/gen_filters[0].IIR_Filter/mult_out0 multiplier stage audio_AXI_DMA_i/AudioSystem_AXI_wrap_0/U0/AudioProcessingSystem_inst/eq_left/gen_filters[0].IIR_Filter/mult_out0/P[47:0] is not pipelined (MREG=0). Pipelining the multiplier function will improve performance and will save significant power so it is suggested whenever possible to fully pipeline this function.  If this multiplier was inferred, it is suggested to describe an additional register stage after this function.  If there is no registered adder/accumulator following the multiply function, two pipeline stages are suggested to allow both the MREG and PREG registers to be used.  If the DSP48 was instantiated in the design, it is suggested to set both the MREG and PREG attributes to 1 when performing multiply functions.
Related violations: <none>

DPOP-2#2 Warning
MREG Output pipelining  
DSP audio_AXI_DMA_i/AudioSystem_AXI_wrap_0/U0/AudioProcessingSystem_inst/eq_left/gen_filters[0].IIR_Filter/mult_out0__0 multiplier stage audio_AXI_DMA_i/AudioSystem_AXI_wrap_0/U0/AudioProcessingSystem_inst/eq_left/gen_filters[0].IIR_Filter/mult_out0__0/P[47:0] is not pipelined (MREG=0). Pipelining the multiplier function will improve performance and will save significant power so it is suggested whenever possible to fully pipeline this function.  If this multiplier was inferred, it is suggested to describe an additional register stage after this function.  If there is no registered adder/accumulator following the multiply function, two pipeline stages are suggested to allow both the MREG and PREG registers to be used.  If the DSP48 was instantiated in the design, it is suggested to set both the MREG and PREG attributes to 1 when performing multiply functions.
Related violations: <none>

DPOP-2#3 Warning
MREG Output pipelining  
DSP audio_AXI_DMA_i/AudioSystem_AXI_wrap_0/U0/AudioProcessingSystem_inst/eq_left/gen_filters[0].IIR_Filter/mult_out0__1 multiplier stage audio_AXI_DMA_i/AudioSystem_AXI_wrap_0/U0/AudioProcessingSystem_inst/eq_left/gen_filters[0].IIR_Filter/mult_out0__1/P[47:0] is not pipelined (MREG=0). Pipelining the multiplier function will improve performance and will save significant power so it is suggested whenever possible to fully pipeline this function.  If this multiplier was inferred, it is suggested to describe an additional register stage after this function.  If there is no registered adder/accumulator following the multiply function, two pipeline stages are suggested to allow both the MREG and PREG registers to be used.  If the DSP48 was instantiated in the design, it is suggested to set both the MREG and PREG attributes to 1 when performing multiply functions.
Related violations: <none>

DPOP-2#4 Warning
MREG Output pipelining  
DSP audio_AXI_DMA_i/AudioSystem_AXI_wrap_0/U0/AudioProcessingSystem_inst/eq_left/gen_filters[0].IIR_Filter/mult_out0__2 multiplier stage audio_AXI_DMA_i/AudioSystem_AXI_wrap_0/U0/AudioProcessingSystem_inst/eq_left/gen_filters[0].IIR_Filter/mult_out0__2/P[47:0] is not pipelined (MREG=0). Pipelining the multiplier function will improve performance and will save significant power so it is suggested whenever possible to fully pipeline this function.  If this multiplier was inferred, it is suggested to describe an additional register stage after this function.  If there is no registered adder/accumulator following the multiply function, two pipeline stages are suggested to allow both the MREG and PREG registers to be used.  If the DSP48 was instantiated in the design, it is suggested to set both the MREG and PREG attributes to 1 when performing multiply functions.
Related violations: <none>

DPOP-2#5 Warning
MREG Output pipelining  
DSP audio_AXI_DMA_i/AudioSystem_AXI_wrap_0/U0/AudioProcessingSystem_inst/eq_left/gen_filters[1].IIR_Filter/mult_out0 multiplier stage audio_AXI_DMA_i/AudioSystem_AXI_wrap_0/U0/AudioProcessingSystem_inst/eq_left/gen_filters[1].IIR_Filter/mult_out0/P[47:0] is not pipelined (MREG=0). Pipelining the multiplier function will improve performance and will save significant power so it is suggested whenever possible to fully pipeline this function.  If this multiplier was inferred, it is suggested to describe an additional register stage after this function.  If there is no registered adder/accumulator following the multiply function, two pipeline stages are suggested to allow both the MREG and PREG registers to be used.  If the DSP48 was instantiated in the design, it is suggested to set both the MREG and PREG attributes to 1 when performing multiply functions.
Related violations: <none>

DPOP-2#6 Warning
MREG Output pipelining  
DSP audio_AXI_DMA_i/AudioSystem_AXI_wrap_0/U0/AudioProcessingSystem_inst/eq_left/gen_filters[1].IIR_Filter/mult_out0__0 multiplier stage audio_AXI_DMA_i/AudioSystem_AXI_wrap_0/U0/AudioProcessingSystem_inst/eq_left/gen_filters[1].IIR_Filter/mult_out0__0/P[47:0] is not pipelined (MREG=0). Pipelining the multiplier function will improve performance and will save significant power so it is suggested whenever possible to fully pipeline this function.  If this multiplier was inferred, it is suggested to describe an additional register stage after this function.  If there is no registered adder/accumulator following the multiply function, two pipeline stages are suggested to allow both the MREG and PREG registers to be used.  If the DSP48 was instantiated in the design, it is suggested to set both the MREG and PREG attributes to 1 when performing multiply functions.
Related violations: <none>

DPOP-2#7 Warning
MREG Output pipelining  
DSP audio_AXI_DMA_i/AudioSystem_AXI_wrap_0/U0/AudioProcessingSystem_inst/eq_left/gen_filters[1].IIR_Filter/mult_out0__1 multiplier stage audio_AXI_DMA_i/AudioSystem_AXI_wrap_0/U0/AudioProcessingSystem_inst/eq_left/gen_filters[1].IIR_Filter/mult_out0__1/P[47:0] is not pipelined (MREG=0). Pipelining the multiplier function will improve performance and will save significant power so it is suggested whenever possible to fully pipeline this function.  If this multiplier was inferred, it is suggested to describe an additional register stage after this function.  If there is no registered adder/accumulator following the multiply function, two pipeline stages are suggested to allow both the MREG and PREG registers to be used.  If the DSP48 was instantiated in the design, it is suggested to set both the MREG and PREG attributes to 1 when performing multiply functions.
Related violations: <none>

DPOP-2#8 Warning
MREG Output pipelining  
DSP audio_AXI_DMA_i/AudioSystem_AXI_wrap_0/U0/AudioProcessingSystem_inst/eq_left/gen_filters[1].IIR_Filter/mult_out0__2 multiplier stage audio_AXI_DMA_i/AudioSystem_AXI_wrap_0/U0/AudioProcessingSystem_inst/eq_left/gen_filters[1].IIR_Filter/mult_out0__2/P[47:0] is not pipelined (MREG=0). Pipelining the multiplier function will improve performance and will save significant power so it is suggested whenever possible to fully pipeline this function.  If this multiplier was inferred, it is suggested to describe an additional register stage after this function.  If there is no registered adder/accumulator following the multiply function, two pipeline stages are suggested to allow both the MREG and PREG registers to be used.  If the DSP48 was instantiated in the design, it is suggested to set both the MREG and PREG attributes to 1 when performing multiply functions.
Related violations: <none>

DPOP-2#9 Warning
MREG Output pipelining  
DSP audio_AXI_DMA_i/AudioSystem_AXI_wrap_0/U0/AudioProcessingSystem_inst/eq_left/gen_filters[2].IIR_Filter/mult_out0 multiplier stage audio_AXI_DMA_i/AudioSystem_AXI_wrap_0/U0/AudioProcessingSystem_inst/eq_left/gen_filters[2].IIR_Filter/mult_out0/P[47:0] is not pipelined (MREG=0). Pipelining the multiplier function will improve performance and will save significant power so it is suggested whenever possible to fully pipeline this function.  If this multiplier was inferred, it is suggested to describe an additional register stage after this function.  If there is no registered adder/accumulator following the multiply function, two pipeline stages are suggested to allow both the MREG and PREG registers to be used.  If the DSP48 was instantiated in the design, it is suggested to set both the MREG and PREG attributes to 1 when performing multiply functions.
Related violations: <none>

DPOP-2#10 Warning
MREG Output pipelining  
DSP audio_AXI_DMA_i/AudioSystem_AXI_wrap_0/U0/AudioProcessingSystem_inst/eq_left/gen_filters[2].IIR_Filter/mult_out0__0 multiplier stage audio_AXI_DMA_i/AudioSystem_AXI_wrap_0/U0/AudioProcessingSystem_inst/eq_left/gen_filters[2].IIR_Filter/mult_out0__0/P[47:0] is not pipelined (MREG=0). Pipelining the multiplier function will improve performance and will save significant power so it is suggested whenever possible to fully pipeline this function.  If this multiplier was inferred, it is suggested to describe an additional register stage after this function.  If there is no registered adder/accumulator following the multiply function, two pipeline stages are suggested to allow both the MREG and PREG registers to be used.  If the DSP48 was instantiated in the design, it is suggested to set both the MREG and PREG attributes to 1 when performing multiply functions.
Related violations: <none>

DPOP-2#11 Warning
MREG Output pipelining  
DSP audio_AXI_DMA_i/AudioSystem_AXI_wrap_0/U0/AudioProcessingSystem_inst/eq_left/gen_filters[2].IIR_Filter/mult_out0__1 multiplier stage audio_AXI_DMA_i/AudioSystem_AXI_wrap_0/U0/AudioProcessingSystem_inst/eq_left/gen_filters[2].IIR_Filter/mult_out0__1/P[47:0] is not pipelined (MREG=0). Pipelining the multiplier function will improve performance and will save significant power so it is suggested whenever possible to fully pipeline this function.  If this multiplier was inferred, it is suggested to describe an additional register stage after this function.  If there is no registered adder/accumulator following the multiply function, two pipeline stages are suggested to allow both the MREG and PREG registers to be used.  If the DSP48 was instantiated in the design, it is suggested to set both the MREG and PREG attributes to 1 when performing multiply functions.
Related violations: <none>

DPOP-2#12 Warning
MREG Output pipelining  
DSP audio_AXI_DMA_i/AudioSystem_AXI_wrap_0/U0/AudioProcessingSystem_inst/eq_left/gen_filters[2].IIR_Filter/mult_out0__2 multiplier stage audio_AXI_DMA_i/AudioSystem_AXI_wrap_0/U0/AudioProcessingSystem_inst/eq_left/gen_filters[2].IIR_Filter/mult_out0__2/P[47:0] is not pipelined (MREG=0). Pipelining the multiplier function will improve performance and will save significant power so it is suggested whenever possible to fully pipeline this function.  If this multiplier was inferred, it is suggested to describe an additional register stage after this function.  If there is no registered adder/accumulator following the multiply function, two pipeline stages are suggested to allow both the MREG and PREG registers to be used.  If the DSP48 was instantiated in the design, it is suggested to set both the MREG and PREG attributes to 1 when performing multiply functions.
Related violations: <none>

DPOP-2#13 Warning
MREG Output pipelining  
DSP audio_AXI_DMA_i/AudioSystem_AXI_wrap_0/U0/AudioProcessingSystem_inst/eq_left/gen_filters[3].IIR_Filter/mult_out0 multiplier stage audio_AXI_DMA_i/AudioSystem_AXI_wrap_0/U0/AudioProcessingSystem_inst/eq_left/gen_filters[3].IIR_Filter/mult_out0/P[47:0] is not pipelined (MREG=0). Pipelining the multiplier function will improve performance and will save significant power so it is suggested whenever possible to fully pipeline this function.  If this multiplier was inferred, it is suggested to describe an additional register stage after this function.  If there is no registered adder/accumulator following the multiply function, two pipeline stages are suggested to allow both the MREG and PREG registers to be used.  If the DSP48 was instantiated in the design, it is suggested to set both the MREG and PREG attributes to 1 when performing multiply functions.
Related violations: <none>

DPOP-2#14 Warning
MREG Output pipelining  
DSP audio_AXI_DMA_i/AudioSystem_AXI_wrap_0/U0/AudioProcessingSystem_inst/eq_left/gen_filters[3].IIR_Filter/mult_out0__0 multiplier stage audio_AXI_DMA_i/AudioSystem_AXI_wrap_0/U0/AudioProcessingSystem_inst/eq_left/gen_filters[3].IIR_Filter/mult_out0__0/P[47:0] is not pipelined (MREG=0). Pipelining the multiplier function will improve performance and will save significant power so it is suggested whenever possible to fully pipeline this function.  If this multiplier was inferred, it is suggested to describe an additional register stage after this function.  If there is no registered adder/accumulator following the multiply function, two pipeline stages are suggested to allow both the MREG and PREG registers to be used.  If the DSP48 was instantiated in the design, it is suggested to set both the MREG and PREG attributes to 1 when performing multiply functions.
Related violations: <none>

DPOP-2#15 Warning
MREG Output pipelining  
DSP audio_AXI_DMA_i/AudioSystem_AXI_wrap_0/U0/AudioProcessingSystem_inst/eq_left/gen_filters[3].IIR_Filter/mult_out0__1 multiplier stage audio_AXI_DMA_i/AudioSystem_AXI_wrap_0/U0/AudioProcessingSystem_inst/eq_left/gen_filters[3].IIR_Filter/mult_out0__1/P[47:0] is not pipelined (MREG=0). Pipelining the multiplier function will improve performance and will save significant power so it is suggested whenever possible to fully pipeline this function.  If this multiplier was inferred, it is suggested to describe an additional register stage after this function.  If there is no registered adder/accumulator following the multiply function, two pipeline stages are suggested to allow both the MREG and PREG registers to be used.  If the DSP48 was instantiated in the design, it is suggested to set both the MREG and PREG attributes to 1 when performing multiply functions.
Related violations: <none>

DPOP-2#16 Warning
MREG Output pipelining  
DSP audio_AXI_DMA_i/AudioSystem_AXI_wrap_0/U0/AudioProcessingSystem_inst/eq_left/gen_filters[3].IIR_Filter/mult_out0__2 multiplier stage audio_AXI_DMA_i/AudioSystem_AXI_wrap_0/U0/AudioProcessingSystem_inst/eq_left/gen_filters[3].IIR_Filter/mult_out0__2/P[47:0] is not pipelined (MREG=0). Pipelining the multiplier function will improve performance and will save significant power so it is suggested whenever possible to fully pipeline this function.  If this multiplier was inferred, it is suggested to describe an additional register stage after this function.  If there is no registered adder/accumulator following the multiply function, two pipeline stages are suggested to allow both the MREG and PREG registers to be used.  If the DSP48 was instantiated in the design, it is suggested to set both the MREG and PREG attributes to 1 when performing multiply functions.
Related violations: <none>

DPOP-2#17 Warning
MREG Output pipelining  
DSP audio_AXI_DMA_i/AudioSystem_AXI_wrap_0/U0/AudioProcessingSystem_inst/eq_left/gen_filters[4].IIR_Filter/mult_out0 multiplier stage audio_AXI_DMA_i/AudioSystem_AXI_wrap_0/U0/AudioProcessingSystem_inst/eq_left/gen_filters[4].IIR_Filter/mult_out0/P[47:0] is not pipelined (MREG=0). Pipelining the multiplier function will improve performance and will save significant power so it is suggested whenever possible to fully pipeline this function.  If this multiplier was inferred, it is suggested to describe an additional register stage after this function.  If there is no registered adder/accumulator following the multiply function, two pipeline stages are suggested to allow both the MREG and PREG registers to be used.  If the DSP48 was instantiated in the design, it is suggested to set both the MREG and PREG attributes to 1 when performing multiply functions.
Related violations: <none>

DPOP-2#18 Warning
MREG Output pipelining  
DSP audio_AXI_DMA_i/AudioSystem_AXI_wrap_0/U0/AudioProcessingSystem_inst/eq_left/gen_filters[4].IIR_Filter/mult_out0__0 multiplier stage audio_AXI_DMA_i/AudioSystem_AXI_wrap_0/U0/AudioProcessingSystem_inst/eq_left/gen_filters[4].IIR_Filter/mult_out0__0/P[47:0] is not pipelined (MREG=0). Pipelining the multiplier function will improve performance and will save significant power so it is suggested whenever possible to fully pipeline this function.  If this multiplier was inferred, it is suggested to describe an additional register stage after this function.  If there is no registered adder/accumulator following the multiply function, two pipeline stages are suggested to allow both the MREG and PREG registers to be used.  If the DSP48 was instantiated in the design, it is suggested to set both the MREG and PREG attributes to 1 when performing multiply functions.
Related violations: <none>

DPOP-2#19 Warning
MREG Output pipelining  
DSP audio_AXI_DMA_i/AudioSystem_AXI_wrap_0/U0/AudioProcessingSystem_inst/eq_left/gen_filters[4].IIR_Filter/mult_out0__1 multiplier stage audio_AXI_DMA_i/AudioSystem_AXI_wrap_0/U0/AudioProcessingSystem_inst/eq_left/gen_filters[4].IIR_Filter/mult_out0__1/P[47:0] is not pipelined (MREG=0). Pipelining the multiplier function will improve performance and will save significant power so it is suggested whenever possible to fully pipeline this function.  If this multiplier was inferred, it is suggested to describe an additional register stage after this function.  If there is no registered adder/accumulator following the multiply function, two pipeline stages are suggested to allow both the MREG and PREG registers to be used.  If the DSP48 was instantiated in the design, it is suggested to set both the MREG and PREG attributes to 1 when performing multiply functions.
Related violations: <none>

DPOP-2#20 Warning
MREG Output pipelining  
DSP audio_AXI_DMA_i/AudioSystem_AXI_wrap_0/U0/AudioProcessingSystem_inst/eq_left/gen_filters[4].IIR_Filter/mult_out0__2 multiplier stage audio_AXI_DMA_i/AudioSystem_AXI_wrap_0/U0/AudioProcessingSystem_inst/eq_left/gen_filters[4].IIR_Filter/mult_out0__2/P[47:0] is not pipelined (MREG=0). Pipelining the multiplier function will improve performance and will save significant power so it is suggested whenever possible to fully pipeline this function.  If this multiplier was inferred, it is suggested to describe an additional register stage after this function.  If there is no registered adder/accumulator following the multiply function, two pipeline stages are suggested to allow both the MREG and PREG registers to be used.  If the DSP48 was instantiated in the design, it is suggested to set both the MREG and PREG attributes to 1 when performing multiply functions.
Related violations: <none>

DPOP-2#21 Warning
MREG Output pipelining  
DSP audio_AXI_DMA_i/AudioSystem_AXI_wrap_0/U0/AudioProcessingSystem_inst/eq_left/gen_filters[5].IIR_Filter/mult_out0 multiplier stage audio_AXI_DMA_i/AudioSystem_AXI_wrap_0/U0/AudioProcessingSystem_inst/eq_left/gen_filters[5].IIR_Filter/mult_out0/P[47:0] is not pipelined (MREG=0). Pipelining the multiplier function will improve performance and will save significant power so it is suggested whenever possible to fully pipeline this function.  If this multiplier was inferred, it is suggested to describe an additional register stage after this function.  If there is no registered adder/accumulator following the multiply function, two pipeline stages are suggested to allow both the MREG and PREG registers to be used.  If the DSP48 was instantiated in the design, it is suggested to set both the MREG and PREG attributes to 1 when performing multiply functions.
Related violations: <none>

DPOP-2#22 Warning
MREG Output pipelining  
DSP audio_AXI_DMA_i/AudioSystem_AXI_wrap_0/U0/AudioProcessingSystem_inst/eq_left/gen_filters[5].IIR_Filter/mult_out0__0 multiplier stage audio_AXI_DMA_i/AudioSystem_AXI_wrap_0/U0/AudioProcessingSystem_inst/eq_left/gen_filters[5].IIR_Filter/mult_out0__0/P[47:0] is not pipelined (MREG=0). Pipelining the multiplier function will improve performance and will save significant power so it is suggested whenever possible to fully pipeline this function.  If this multiplier was inferred, it is suggested to describe an additional register stage after this function.  If there is no registered adder/accumulator following the multiply function, two pipeline stages are suggested to allow both the MREG and PREG registers to be used.  If the DSP48 was instantiated in the design, it is suggested to set both the MREG and PREG attributes to 1 when performing multiply functions.
Related violations: <none>

DPOP-2#23 Warning
MREG Output pipelining  
DSP audio_AXI_DMA_i/AudioSystem_AXI_wrap_0/U0/AudioProcessingSystem_inst/eq_left/gen_filters[5].IIR_Filter/mult_out0__1 multiplier stage audio_AXI_DMA_i/AudioSystem_AXI_wrap_0/U0/AudioProcessingSystem_inst/eq_left/gen_filters[5].IIR_Filter/mult_out0__1/P[47:0] is not pipelined (MREG=0). Pipelining the multiplier function will improve performance and will save significant power so it is suggested whenever possible to fully pipeline this function.  If this multiplier was inferred, it is suggested to describe an additional register stage after this function.  If there is no registered adder/accumulator following the multiply function, two pipeline stages are suggested to allow both the MREG and PREG registers to be used.  If the DSP48 was instantiated in the design, it is suggested to set both the MREG and PREG attributes to 1 when performing multiply functions.
Related violations: <none>

DPOP-2#24 Warning
MREG Output pipelining  
DSP audio_AXI_DMA_i/AudioSystem_AXI_wrap_0/U0/AudioProcessingSystem_inst/eq_left/gen_filters[5].IIR_Filter/mult_out0__2 multiplier stage audio_AXI_DMA_i/AudioSystem_AXI_wrap_0/U0/AudioProcessingSystem_inst/eq_left/gen_filters[5].IIR_Filter/mult_out0__2/P[47:0] is not pipelined (MREG=0). Pipelining the multiplier function will improve performance and will save significant power so it is suggested whenever possible to fully pipeline this function.  If this multiplier was inferred, it is suggested to describe an additional register stage after this function.  If there is no registered adder/accumulator following the multiply function, two pipeline stages are suggested to allow both the MREG and PREG registers to be used.  If the DSP48 was instantiated in the design, it is suggested to set both the MREG and PREG attributes to 1 when performing multiply functions.
Related violations: <none>

DPOP-2#25 Warning
MREG Output pipelining  
DSP audio_AXI_DMA_i/AudioSystem_AXI_wrap_0/U0/AudioProcessingSystem_inst/eq_left/gen_filters[6].IIR_Filter/mult_out0 multiplier stage audio_AXI_DMA_i/AudioSystem_AXI_wrap_0/U0/AudioProcessingSystem_inst/eq_left/gen_filters[6].IIR_Filter/mult_out0/P[47:0] is not pipelined (MREG=0). Pipelining the multiplier function will improve performance and will save significant power so it is suggested whenever possible to fully pipeline this function.  If this multiplier was inferred, it is suggested to describe an additional register stage after this function.  If there is no registered adder/accumulator following the multiply function, two pipeline stages are suggested to allow both the MREG and PREG registers to be used.  If the DSP48 was instantiated in the design, it is suggested to set both the MREG and PREG attributes to 1 when performing multiply functions.
Related violations: <none>

DPOP-2#26 Warning
MREG Output pipelining  
DSP audio_AXI_DMA_i/AudioSystem_AXI_wrap_0/U0/AudioProcessingSystem_inst/eq_left/gen_filters[6].IIR_Filter/mult_out0__0 multiplier stage audio_AXI_DMA_i/AudioSystem_AXI_wrap_0/U0/AudioProcessingSystem_inst/eq_left/gen_filters[6].IIR_Filter/mult_out0__0/P[47:0] is not pipelined (MREG=0). Pipelining the multiplier function will improve performance and will save significant power so it is suggested whenever possible to fully pipeline this function.  If this multiplier was inferred, it is suggested to describe an additional register stage after this function.  If there is no registered adder/accumulator following the multiply function, two pipeline stages are suggested to allow both the MREG and PREG registers to be used.  If the DSP48 was instantiated in the design, it is suggested to set both the MREG and PREG attributes to 1 when performing multiply functions.
Related violations: <none>

DPOP-2#27 Warning
MREG Output pipelining  
DSP audio_AXI_DMA_i/AudioSystem_AXI_wrap_0/U0/AudioProcessingSystem_inst/eq_left/gen_filters[6].IIR_Filter/mult_out0__1 multiplier stage audio_AXI_DMA_i/AudioSystem_AXI_wrap_0/U0/AudioProcessingSystem_inst/eq_left/gen_filters[6].IIR_Filter/mult_out0__1/P[47:0] is not pipelined (MREG=0). Pipelining the multiplier function will improve performance and will save significant power so it is suggested whenever possible to fully pipeline this function.  If this multiplier was inferred, it is suggested to describe an additional register stage after this function.  If there is no registered adder/accumulator following the multiply function, two pipeline stages are suggested to allow both the MREG and PREG registers to be used.  If the DSP48 was instantiated in the design, it is suggested to set both the MREG and PREG attributes to 1 when performing multiply functions.
Related violations: <none>

DPOP-2#28 Warning
MREG Output pipelining  
DSP audio_AXI_DMA_i/AudioSystem_AXI_wrap_0/U0/AudioProcessingSystem_inst/eq_left/gen_filters[6].IIR_Filter/mult_out0__2 multiplier stage audio_AXI_DMA_i/AudioSystem_AXI_wrap_0/U0/AudioProcessingSystem_inst/eq_left/gen_filters[6].IIR_Filter/mult_out0__2/P[47:0] is not pipelined (MREG=0). Pipelining the multiplier function will improve performance and will save significant power so it is suggested whenever possible to fully pipeline this function.  If this multiplier was inferred, it is suggested to describe an additional register stage after this function.  If there is no registered adder/accumulator following the multiply function, two pipeline stages are suggested to allow both the MREG and PREG registers to be used.  If the DSP48 was instantiated in the design, it is suggested to set both the MREG and PREG attributes to 1 when performing multiply functions.
Related violations: <none>

DPOP-2#29 Warning
MREG Output pipelining  
DSP audio_AXI_DMA_i/AudioSystem_AXI_wrap_0/U0/AudioProcessingSystem_inst/eq_left/gen_filters[7].IIR_Filter/mult_out0 multiplier stage audio_AXI_DMA_i/AudioSystem_AXI_wrap_0/U0/AudioProcessingSystem_inst/eq_left/gen_filters[7].IIR_Filter/mult_out0/P[47:0] is not pipelined (MREG=0). Pipelining the multiplier function will improve performance and will save significant power so it is suggested whenever possible to fully pipeline this function.  If this multiplier was inferred, it is suggested to describe an additional register stage after this function.  If there is no registered adder/accumulator following the multiply function, two pipeline stages are suggested to allow both the MREG and PREG registers to be used.  If the DSP48 was instantiated in the design, it is suggested to set both the MREG and PREG attributes to 1 when performing multiply functions.
Related violations: <none>

DPOP-2#30 Warning
MREG Output pipelining  
DSP audio_AXI_DMA_i/AudioSystem_AXI_wrap_0/U0/AudioProcessingSystem_inst/eq_left/gen_filters[7].IIR_Filter/mult_out0__0 multiplier stage audio_AXI_DMA_i/AudioSystem_AXI_wrap_0/U0/AudioProcessingSystem_inst/eq_left/gen_filters[7].IIR_Filter/mult_out0__0/P[47:0] is not pipelined (MREG=0). Pipelining the multiplier function will improve performance and will save significant power so it is suggested whenever possible to fully pipeline this function.  If this multiplier was inferred, it is suggested to describe an additional register stage after this function.  If there is no registered adder/accumulator following the multiply function, two pipeline stages are suggested to allow both the MREG and PREG registers to be used.  If the DSP48 was instantiated in the design, it is suggested to set both the MREG and PREG attributes to 1 when performing multiply functions.
Related violations: <none>

DPOP-2#31 Warning
MREG Output pipelining  
DSP audio_AXI_DMA_i/AudioSystem_AXI_wrap_0/U0/AudioProcessingSystem_inst/eq_left/gen_filters[7].IIR_Filter/mult_out0__1 multiplier stage audio_AXI_DMA_i/AudioSystem_AXI_wrap_0/U0/AudioProcessingSystem_inst/eq_left/gen_filters[7].IIR_Filter/mult_out0__1/P[47:0] is not pipelined (MREG=0). Pipelining the multiplier function will improve performance and will save significant power so it is suggested whenever possible to fully pipeline this function.  If this multiplier was inferred, it is suggested to describe an additional register stage after this function.  If there is no registered adder/accumulator following the multiply function, two pipeline stages are suggested to allow both the MREG and PREG registers to be used.  If the DSP48 was instantiated in the design, it is suggested to set both the MREG and PREG attributes to 1 when performing multiply functions.
Related violations: <none>

DPOP-2#32 Warning
MREG Output pipelining  
DSP audio_AXI_DMA_i/AudioSystem_AXI_wrap_0/U0/AudioProcessingSystem_inst/eq_left/gen_filters[7].IIR_Filter/mult_out0__2 multiplier stage audio_AXI_DMA_i/AudioSystem_AXI_wrap_0/U0/AudioProcessingSystem_inst/eq_left/gen_filters[7].IIR_Filter/mult_out0__2/P[47:0] is not pipelined (MREG=0). Pipelining the multiplier function will improve performance and will save significant power so it is suggested whenever possible to fully pipeline this function.  If this multiplier was inferred, it is suggested to describe an additional register stage after this function.  If there is no registered adder/accumulator following the multiply function, two pipeline stages are suggested to allow both the MREG and PREG registers to be used.  If the DSP48 was instantiated in the design, it is suggested to set both the MREG and PREG attributes to 1 when performing multiply functions.
Related violations: <none>

DPOP-2#33 Warning
MREG Output pipelining  
DSP audio_AXI_DMA_i/AudioSystem_AXI_wrap_0/U0/AudioProcessingSystem_inst/eq_right/gen_filters[0].IIR_Filter/mult_out0 multiplier stage audio_AXI_DMA_i/AudioSystem_AXI_wrap_0/U0/AudioProcessingSystem_inst/eq_right/gen_filters[0].IIR_Filter/mult_out0/P[47:0] is not pipelined (MREG=0). Pipelining the multiplier function will improve performance and will save significant power so it is suggested whenever possible to fully pipeline this function.  If this multiplier was inferred, it is suggested to describe an additional register stage after this function.  If there is no registered adder/accumulator following the multiply function, two pipeline stages are suggested to allow both the MREG and PREG registers to be used.  If the DSP48 was instantiated in the design, it is suggested to set both the MREG and PREG attributes to 1 when performing multiply functions.
Related violations: <none>

DPOP-2#34 Warning
MREG Output pipelining  
DSP audio_AXI_DMA_i/AudioSystem_AXI_wrap_0/U0/AudioProcessingSystem_inst/eq_right/gen_filters[0].IIR_Filter/mult_out0__0 multiplier stage audio_AXI_DMA_i/AudioSystem_AXI_wrap_0/U0/AudioProcessingSystem_inst/eq_right/gen_filters[0].IIR_Filter/mult_out0__0/P[47:0] is not pipelined (MREG=0). Pipelining the multiplier function will improve performance and will save significant power so it is suggested whenever possible to fully pipeline this function.  If this multiplier was inferred, it is suggested to describe an additional register stage after this function.  If there is no registered adder/accumulator following the multiply function, two pipeline stages are suggested to allow both the MREG and PREG registers to be used.  If the DSP48 was instantiated in the design, it is suggested to set both the MREG and PREG attributes to 1 when performing multiply functions.
Related violations: <none>

DPOP-2#35 Warning
MREG Output pipelining  
DSP audio_AXI_DMA_i/AudioSystem_AXI_wrap_0/U0/AudioProcessingSystem_inst/eq_right/gen_filters[0].IIR_Filter/mult_out0__1 multiplier stage audio_AXI_DMA_i/AudioSystem_AXI_wrap_0/U0/AudioProcessingSystem_inst/eq_right/gen_filters[0].IIR_Filter/mult_out0__1/P[47:0] is not pipelined (MREG=0). Pipelining the multiplier function will improve performance and will save significant power so it is suggested whenever possible to fully pipeline this function.  If this multiplier was inferred, it is suggested to describe an additional register stage after this function.  If there is no registered adder/accumulator following the multiply function, two pipeline stages are suggested to allow both the MREG and PREG registers to be used.  If the DSP48 was instantiated in the design, it is suggested to set both the MREG and PREG attributes to 1 when performing multiply functions.
Related violations: <none>

DPOP-2#36 Warning
MREG Output pipelining  
DSP audio_AXI_DMA_i/AudioSystem_AXI_wrap_0/U0/AudioProcessingSystem_inst/eq_right/gen_filters[0].IIR_Filter/mult_out0__2 multiplier stage audio_AXI_DMA_i/AudioSystem_AXI_wrap_0/U0/AudioProcessingSystem_inst/eq_right/gen_filters[0].IIR_Filter/mult_out0__2/P[47:0] is not pipelined (MREG=0). Pipelining the multiplier function will improve performance and will save significant power so it is suggested whenever possible to fully pipeline this function.  If this multiplier was inferred, it is suggested to describe an additional register stage after this function.  If there is no registered adder/accumulator following the multiply function, two pipeline stages are suggested to allow both the MREG and PREG registers to be used.  If the DSP48 was instantiated in the design, it is suggested to set both the MREG and PREG attributes to 1 when performing multiply functions.
Related violations: <none>

DPOP-2#37 Warning
MREG Output pipelining  
DSP audio_AXI_DMA_i/AudioSystem_AXI_wrap_0/U0/AudioProcessingSystem_inst/eq_right/gen_filters[1].IIR_Filter/mult_out0 multiplier stage audio_AXI_DMA_i/AudioSystem_AXI_wrap_0/U0/AudioProcessingSystem_inst/eq_right/gen_filters[1].IIR_Filter/mult_out0/P[47:0] is not pipelined (MREG=0). Pipelining the multiplier function will improve performance and will save significant power so it is suggested whenever possible to fully pipeline this function.  If this multiplier was inferred, it is suggested to describe an additional register stage after this function.  If there is no registered adder/accumulator following the multiply function, two pipeline stages are suggested to allow both the MREG and PREG registers to be used.  If the DSP48 was instantiated in the design, it is suggested to set both the MREG and PREG attributes to 1 when performing multiply functions.
Related violations: <none>

DPOP-2#38 Warning
MREG Output pipelining  
DSP audio_AXI_DMA_i/AudioSystem_AXI_wrap_0/U0/AudioProcessingSystem_inst/eq_right/gen_filters[1].IIR_Filter/mult_out0__0 multiplier stage audio_AXI_DMA_i/AudioSystem_AXI_wrap_0/U0/AudioProcessingSystem_inst/eq_right/gen_filters[1].IIR_Filter/mult_out0__0/P[47:0] is not pipelined (MREG=0). Pipelining the multiplier function will improve performance and will save significant power so it is suggested whenever possible to fully pipeline this function.  If this multiplier was inferred, it is suggested to describe an additional register stage after this function.  If there is no registered adder/accumulator following the multiply function, two pipeline stages are suggested to allow both the MREG and PREG registers to be used.  If the DSP48 was instantiated in the design, it is suggested to set both the MREG and PREG attributes to 1 when performing multiply functions.
Related violations: <none>

DPOP-2#39 Warning
MREG Output pipelining  
DSP audio_AXI_DMA_i/AudioSystem_AXI_wrap_0/U0/AudioProcessingSystem_inst/eq_right/gen_filters[1].IIR_Filter/mult_out0__1 multiplier stage audio_AXI_DMA_i/AudioSystem_AXI_wrap_0/U0/AudioProcessingSystem_inst/eq_right/gen_filters[1].IIR_Filter/mult_out0__1/P[47:0] is not pipelined (MREG=0). Pipelining the multiplier function will improve performance and will save significant power so it is suggested whenever possible to fully pipeline this function.  If this multiplier was inferred, it is suggested to describe an additional register stage after this function.  If there is no registered adder/accumulator following the multiply function, two pipeline stages are suggested to allow both the MREG and PREG registers to be used.  If the DSP48 was instantiated in the design, it is suggested to set both the MREG and PREG attributes to 1 when performing multiply functions.
Related violations: <none>

DPOP-2#40 Warning
MREG Output pipelining  
DSP audio_AXI_DMA_i/AudioSystem_AXI_wrap_0/U0/AudioProcessingSystem_inst/eq_right/gen_filters[1].IIR_Filter/mult_out0__2 multiplier stage audio_AXI_DMA_i/AudioSystem_AXI_wrap_0/U0/AudioProcessingSystem_inst/eq_right/gen_filters[1].IIR_Filter/mult_out0__2/P[47:0] is not pipelined (MREG=0). Pipelining the multiplier function will improve performance and will save significant power so it is suggested whenever possible to fully pipeline this function.  If this multiplier was inferred, it is suggested to describe an additional register stage after this function.  If there is no registered adder/accumulator following the multiply function, two pipeline stages are suggested to allow both the MREG and PREG registers to be used.  If the DSP48 was instantiated in the design, it is suggested to set both the MREG and PREG attributes to 1 when performing multiply functions.
Related violations: <none>

DPOP-2#41 Warning
MREG Output pipelining  
DSP audio_AXI_DMA_i/AudioSystem_AXI_wrap_0/U0/AudioProcessingSystem_inst/eq_right/gen_filters[2].IIR_Filter/mult_out0 multiplier stage audio_AXI_DMA_i/AudioSystem_AXI_wrap_0/U0/AudioProcessingSystem_inst/eq_right/gen_filters[2].IIR_Filter/mult_out0/P[47:0] is not pipelined (MREG=0). Pipelining the multiplier function will improve performance and will save significant power so it is suggested whenever possible to fully pipeline this function.  If this multiplier was inferred, it is suggested to describe an additional register stage after this function.  If there is no registered adder/accumulator following the multiply function, two pipeline stages are suggested to allow both the MREG and PREG registers to be used.  If the DSP48 was instantiated in the design, it is suggested to set both the MREG and PREG attributes to 1 when performing multiply functions.
Related violations: <none>

DPOP-2#42 Warning
MREG Output pipelining  
DSP audio_AXI_DMA_i/AudioSystem_AXI_wrap_0/U0/AudioProcessingSystem_inst/eq_right/gen_filters[2].IIR_Filter/mult_out0__0 multiplier stage audio_AXI_DMA_i/AudioSystem_AXI_wrap_0/U0/AudioProcessingSystem_inst/eq_right/gen_filters[2].IIR_Filter/mult_out0__0/P[47:0] is not pipelined (MREG=0). Pipelining the multiplier function will improve performance and will save significant power so it is suggested whenever possible to fully pipeline this function.  If this multiplier was inferred, it is suggested to describe an additional register stage after this function.  If there is no registered adder/accumulator following the multiply function, two pipeline stages are suggested to allow both the MREG and PREG registers to be used.  If the DSP48 was instantiated in the design, it is suggested to set both the MREG and PREG attributes to 1 when performing multiply functions.
Related violations: <none>

DPOP-2#43 Warning
MREG Output pipelining  
DSP audio_AXI_DMA_i/AudioSystem_AXI_wrap_0/U0/AudioProcessingSystem_inst/eq_right/gen_filters[2].IIR_Filter/mult_out0__1 multiplier stage audio_AXI_DMA_i/AudioSystem_AXI_wrap_0/U0/AudioProcessingSystem_inst/eq_right/gen_filters[2].IIR_Filter/mult_out0__1/P[47:0] is not pipelined (MREG=0). Pipelining the multiplier function will improve performance and will save significant power so it is suggested whenever possible to fully pipeline this function.  If this multiplier was inferred, it is suggested to describe an additional register stage after this function.  If there is no registered adder/accumulator following the multiply function, two pipeline stages are suggested to allow both the MREG and PREG registers to be used.  If the DSP48 was instantiated in the design, it is suggested to set both the MREG and PREG attributes to 1 when performing multiply functions.
Related violations: <none>

DPOP-2#44 Warning
MREG Output pipelining  
DSP audio_AXI_DMA_i/AudioSystem_AXI_wrap_0/U0/AudioProcessingSystem_inst/eq_right/gen_filters[2].IIR_Filter/mult_out0__2 multiplier stage audio_AXI_DMA_i/AudioSystem_AXI_wrap_0/U0/AudioProcessingSystem_inst/eq_right/gen_filters[2].IIR_Filter/mult_out0__2/P[47:0] is not pipelined (MREG=0). Pipelining the multiplier function will improve performance and will save significant power so it is suggested whenever possible to fully pipeline this function.  If this multiplier was inferred, it is suggested to describe an additional register stage after this function.  If there is no registered adder/accumulator following the multiply function, two pipeline stages are suggested to allow both the MREG and PREG registers to be used.  If the DSP48 was instantiated in the design, it is suggested to set both the MREG and PREG attributes to 1 when performing multiply functions.
Related violations: <none>

DPOP-2#45 Warning
MREG Output pipelining  
DSP audio_AXI_DMA_i/AudioSystem_AXI_wrap_0/U0/AudioProcessingSystem_inst/eq_right/gen_filters[3].IIR_Filter/mult_out0 multiplier stage audio_AXI_DMA_i/AudioSystem_AXI_wrap_0/U0/AudioProcessingSystem_inst/eq_right/gen_filters[3].IIR_Filter/mult_out0/P[47:0] is not pipelined (MREG=0). Pipelining the multiplier function will improve performance and will save significant power so it is suggested whenever possible to fully pipeline this function.  If this multiplier was inferred, it is suggested to describe an additional register stage after this function.  If there is no registered adder/accumulator following the multiply function, two pipeline stages are suggested to allow both the MREG and PREG registers to be used.  If the DSP48 was instantiated in the design, it is suggested to set both the MREG and PREG attributes to 1 when performing multiply functions.
Related violations: <none>

DPOP-2#46 Warning
MREG Output pipelining  
DSP audio_AXI_DMA_i/AudioSystem_AXI_wrap_0/U0/AudioProcessingSystem_inst/eq_right/gen_filters[3].IIR_Filter/mult_out0__0 multiplier stage audio_AXI_DMA_i/AudioSystem_AXI_wrap_0/U0/AudioProcessingSystem_inst/eq_right/gen_filters[3].IIR_Filter/mult_out0__0/P[47:0] is not pipelined (MREG=0). Pipelining the multiplier function will improve performance and will save significant power so it is suggested whenever possible to fully pipeline this function.  If this multiplier was inferred, it is suggested to describe an additional register stage after this function.  If there is no registered adder/accumulator following the multiply function, two pipeline stages are suggested to allow both the MREG and PREG registers to be used.  If the DSP48 was instantiated in the design, it is suggested to set both the MREG and PREG attributes to 1 when performing multiply functions.
Related violations: <none>

DPOP-2#47 Warning
MREG Output pipelining  
DSP audio_AXI_DMA_i/AudioSystem_AXI_wrap_0/U0/AudioProcessingSystem_inst/eq_right/gen_filters[3].IIR_Filter/mult_out0__1 multiplier stage audio_AXI_DMA_i/AudioSystem_AXI_wrap_0/U0/AudioProcessingSystem_inst/eq_right/gen_filters[3].IIR_Filter/mult_out0__1/P[47:0] is not pipelined (MREG=0). Pipelining the multiplier function will improve performance and will save significant power so it is suggested whenever possible to fully pipeline this function.  If this multiplier was inferred, it is suggested to describe an additional register stage after this function.  If there is no registered adder/accumulator following the multiply function, two pipeline stages are suggested to allow both the MREG and PREG registers to be used.  If the DSP48 was instantiated in the design, it is suggested to set both the MREG and PREG attributes to 1 when performing multiply functions.
Related violations: <none>

DPOP-2#48 Warning
MREG Output pipelining  
DSP audio_AXI_DMA_i/AudioSystem_AXI_wrap_0/U0/AudioProcessingSystem_inst/eq_right/gen_filters[3].IIR_Filter/mult_out0__2 multiplier stage audio_AXI_DMA_i/AudioSystem_AXI_wrap_0/U0/AudioProcessingSystem_inst/eq_right/gen_filters[3].IIR_Filter/mult_out0__2/P[47:0] is not pipelined (MREG=0). Pipelining the multiplier function will improve performance and will save significant power so it is suggested whenever possible to fully pipeline this function.  If this multiplier was inferred, it is suggested to describe an additional register stage after this function.  If there is no registered adder/accumulator following the multiply function, two pipeline stages are suggested to allow both the MREG and PREG registers to be used.  If the DSP48 was instantiated in the design, it is suggested to set both the MREG and PREG attributes to 1 when performing multiply functions.
Related violations: <none>

DPOP-2#49 Warning
MREG Output pipelining  
DSP audio_AXI_DMA_i/AudioSystem_AXI_wrap_0/U0/AudioProcessingSystem_inst/eq_right/gen_filters[4].IIR_Filter/mult_out0 multiplier stage audio_AXI_DMA_i/AudioSystem_AXI_wrap_0/U0/AudioProcessingSystem_inst/eq_right/gen_filters[4].IIR_Filter/mult_out0/P[47:0] is not pipelined (MREG=0). Pipelining the multiplier function will improve performance and will save significant power so it is suggested whenever possible to fully pipeline this function.  If this multiplier was inferred, it is suggested to describe an additional register stage after this function.  If there is no registered adder/accumulator following the multiply function, two pipeline stages are suggested to allow both the MREG and PREG registers to be used.  If the DSP48 was instantiated in the design, it is suggested to set both the MREG and PREG attributes to 1 when performing multiply functions.
Related violations: <none>

DPOP-2#50 Warning
MREG Output pipelining  
DSP audio_AXI_DMA_i/AudioSystem_AXI_wrap_0/U0/AudioProcessingSystem_inst/eq_right/gen_filters[4].IIR_Filter/mult_out0__0 multiplier stage audio_AXI_DMA_i/AudioSystem_AXI_wrap_0/U0/AudioProcessingSystem_inst/eq_right/gen_filters[4].IIR_Filter/mult_out0__0/P[47:0] is not pipelined (MREG=0). Pipelining the multiplier function will improve performance and will save significant power so it is suggested whenever possible to fully pipeline this function.  If this multiplier was inferred, it is suggested to describe an additional register stage after this function.  If there is no registered adder/accumulator following the multiply function, two pipeline stages are suggested to allow both the MREG and PREG registers to be used.  If the DSP48 was instantiated in the design, it is suggested to set both the MREG and PREG attributes to 1 when performing multiply functions.
Related violations: <none>

DPOP-2#51 Warning
MREG Output pipelining  
DSP audio_AXI_DMA_i/AudioSystem_AXI_wrap_0/U0/AudioProcessingSystem_inst/eq_right/gen_filters[4].IIR_Filter/mult_out0__1 multiplier stage audio_AXI_DMA_i/AudioSystem_AXI_wrap_0/U0/AudioProcessingSystem_inst/eq_right/gen_filters[4].IIR_Filter/mult_out0__1/P[47:0] is not pipelined (MREG=0). Pipelining the multiplier function will improve performance and will save significant power so it is suggested whenever possible to fully pipeline this function.  If this multiplier was inferred, it is suggested to describe an additional register stage after this function.  If there is no registered adder/accumulator following the multiply function, two pipeline stages are suggested to allow both the MREG and PREG registers to be used.  If the DSP48 was instantiated in the design, it is suggested to set both the MREG and PREG attributes to 1 when performing multiply functions.
Related violations: <none>

DPOP-2#52 Warning
MREG Output pipelining  
DSP audio_AXI_DMA_i/AudioSystem_AXI_wrap_0/U0/AudioProcessingSystem_inst/eq_right/gen_filters[4].IIR_Filter/mult_out0__2 multiplier stage audio_AXI_DMA_i/AudioSystem_AXI_wrap_0/U0/AudioProcessingSystem_inst/eq_right/gen_filters[4].IIR_Filter/mult_out0__2/P[47:0] is not pipelined (MREG=0). Pipelining the multiplier function will improve performance and will save significant power so it is suggested whenever possible to fully pipeline this function.  If this multiplier was inferred, it is suggested to describe an additional register stage after this function.  If there is no registered adder/accumulator following the multiply function, two pipeline stages are suggested to allow both the MREG and PREG registers to be used.  If the DSP48 was instantiated in the design, it is suggested to set both the MREG and PREG attributes to 1 when performing multiply functions.
Related violations: <none>

DPOP-2#53 Warning
MREG Output pipelining  
DSP audio_AXI_DMA_i/AudioSystem_AXI_wrap_0/U0/AudioProcessingSystem_inst/eq_right/gen_filters[5].IIR_Filter/mult_out0 multiplier stage audio_AXI_DMA_i/AudioSystem_AXI_wrap_0/U0/AudioProcessingSystem_inst/eq_right/gen_filters[5].IIR_Filter/mult_out0/P[47:0] is not pipelined (MREG=0). Pipelining the multiplier function will improve performance and will save significant power so it is suggested whenever possible to fully pipeline this function.  If this multiplier was inferred, it is suggested to describe an additional register stage after this function.  If there is no registered adder/accumulator following the multiply function, two pipeline stages are suggested to allow both the MREG and PREG registers to be used.  If the DSP48 was instantiated in the design, it is suggested to set both the MREG and PREG attributes to 1 when performing multiply functions.
Related violations: <none>

DPOP-2#54 Warning
MREG Output pipelining  
DSP audio_AXI_DMA_i/AudioSystem_AXI_wrap_0/U0/AudioProcessingSystem_inst/eq_right/gen_filters[5].IIR_Filter/mult_out0__0 multiplier stage audio_AXI_DMA_i/AudioSystem_AXI_wrap_0/U0/AudioProcessingSystem_inst/eq_right/gen_filters[5].IIR_Filter/mult_out0__0/P[47:0] is not pipelined (MREG=0). Pipelining the multiplier function will improve performance and will save significant power so it is suggested whenever possible to fully pipeline this function.  If this multiplier was inferred, it is suggested to describe an additional register stage after this function.  If there is no registered adder/accumulator following the multiply function, two pipeline stages are suggested to allow both the MREG and PREG registers to be used.  If the DSP48 was instantiated in the design, it is suggested to set both the MREG and PREG attributes to 1 when performing multiply functions.
Related violations: <none>

DPOP-2#55 Warning
MREG Output pipelining  
DSP audio_AXI_DMA_i/AudioSystem_AXI_wrap_0/U0/AudioProcessingSystem_inst/eq_right/gen_filters[5].IIR_Filter/mult_out0__1 multiplier stage audio_AXI_DMA_i/AudioSystem_AXI_wrap_0/U0/AudioProcessingSystem_inst/eq_right/gen_filters[5].IIR_Filter/mult_out0__1/P[47:0] is not pipelined (MREG=0). Pipelining the multiplier function will improve performance and will save significant power so it is suggested whenever possible to fully pipeline this function.  If this multiplier was inferred, it is suggested to describe an additional register stage after this function.  If there is no registered adder/accumulator following the multiply function, two pipeline stages are suggested to allow both the MREG and PREG registers to be used.  If the DSP48 was instantiated in the design, it is suggested to set both the MREG and PREG attributes to 1 when performing multiply functions.
Related violations: <none>

DPOP-2#56 Warning
MREG Output pipelining  
DSP audio_AXI_DMA_i/AudioSystem_AXI_wrap_0/U0/AudioProcessingSystem_inst/eq_right/gen_filters[5].IIR_Filter/mult_out0__2 multiplier stage audio_AXI_DMA_i/AudioSystem_AXI_wrap_0/U0/AudioProcessingSystem_inst/eq_right/gen_filters[5].IIR_Filter/mult_out0__2/P[47:0] is not pipelined (MREG=0). Pipelining the multiplier function will improve performance and will save significant power so it is suggested whenever possible to fully pipeline this function.  If this multiplier was inferred, it is suggested to describe an additional register stage after this function.  If there is no registered adder/accumulator following the multiply function, two pipeline stages are suggested to allow both the MREG and PREG registers to be used.  If the DSP48 was instantiated in the design, it is suggested to set both the MREG and PREG attributes to 1 when performing multiply functions.
Related violations: <none>

DPOP-2#57 Warning
MREG Output pipelining  
DSP audio_AXI_DMA_i/AudioSystem_AXI_wrap_0/U0/AudioProcessingSystem_inst/eq_right/gen_filters[6].IIR_Filter/mult_out0 multiplier stage audio_AXI_DMA_i/AudioSystem_AXI_wrap_0/U0/AudioProcessingSystem_inst/eq_right/gen_filters[6].IIR_Filter/mult_out0/P[47:0] is not pipelined (MREG=0). Pipelining the multiplier function will improve performance and will save significant power so it is suggested whenever possible to fully pipeline this function.  If this multiplier was inferred, it is suggested to describe an additional register stage after this function.  If there is no registered adder/accumulator following the multiply function, two pipeline stages are suggested to allow both the MREG and PREG registers to be used.  If the DSP48 was instantiated in the design, it is suggested to set both the MREG and PREG attributes to 1 when performing multiply functions.
Related violations: <none>

DPOP-2#58 Warning
MREG Output pipelining  
DSP audio_AXI_DMA_i/AudioSystem_AXI_wrap_0/U0/AudioProcessingSystem_inst/eq_right/gen_filters[6].IIR_Filter/mult_out0__0 multiplier stage audio_AXI_DMA_i/AudioSystem_AXI_wrap_0/U0/AudioProcessingSystem_inst/eq_right/gen_filters[6].IIR_Filter/mult_out0__0/P[47:0] is not pipelined (MREG=0). Pipelining the multiplier function will improve performance and will save significant power so it is suggested whenever possible to fully pipeline this function.  If this multiplier was inferred, it is suggested to describe an additional register stage after this function.  If there is no registered adder/accumulator following the multiply function, two pipeline stages are suggested to allow both the MREG and PREG registers to be used.  If the DSP48 was instantiated in the design, it is suggested to set both the MREG and PREG attributes to 1 when performing multiply functions.
Related violations: <none>

DPOP-2#59 Warning
MREG Output pipelining  
DSP audio_AXI_DMA_i/AudioSystem_AXI_wrap_0/U0/AudioProcessingSystem_inst/eq_right/gen_filters[6].IIR_Filter/mult_out0__1 multiplier stage audio_AXI_DMA_i/AudioSystem_AXI_wrap_0/U0/AudioProcessingSystem_inst/eq_right/gen_filters[6].IIR_Filter/mult_out0__1/P[47:0] is not pipelined (MREG=0). Pipelining the multiplier function will improve performance and will save significant power so it is suggested whenever possible to fully pipeline this function.  If this multiplier was inferred, it is suggested to describe an additional register stage after this function.  If there is no registered adder/accumulator following the multiply function, two pipeline stages are suggested to allow both the MREG and PREG registers to be used.  If the DSP48 was instantiated in the design, it is suggested to set both the MREG and PREG attributes to 1 when performing multiply functions.
Related violations: <none>

DPOP-2#60 Warning
MREG Output pipelining  
DSP audio_AXI_DMA_i/AudioSystem_AXI_wrap_0/U0/AudioProcessingSystem_inst/eq_right/gen_filters[6].IIR_Filter/mult_out0__2 multiplier stage audio_AXI_DMA_i/AudioSystem_AXI_wrap_0/U0/AudioProcessingSystem_inst/eq_right/gen_filters[6].IIR_Filter/mult_out0__2/P[47:0] is not pipelined (MREG=0). Pipelining the multiplier function will improve performance and will save significant power so it is suggested whenever possible to fully pipeline this function.  If this multiplier was inferred, it is suggested to describe an additional register stage after this function.  If there is no registered adder/accumulator following the multiply function, two pipeline stages are suggested to allow both the MREG and PREG registers to be used.  If the DSP48 was instantiated in the design, it is suggested to set both the MREG and PREG attributes to 1 when performing multiply functions.
Related violations: <none>

DPOP-2#61 Warning
MREG Output pipelining  
DSP audio_AXI_DMA_i/AudioSystem_AXI_wrap_0/U0/AudioProcessingSystem_inst/eq_right/gen_filters[7].IIR_Filter/mult_out0 multiplier stage audio_AXI_DMA_i/AudioSystem_AXI_wrap_0/U0/AudioProcessingSystem_inst/eq_right/gen_filters[7].IIR_Filter/mult_out0/P[47:0] is not pipelined (MREG=0). Pipelining the multiplier function will improve performance and will save significant power so it is suggested whenever possible to fully pipeline this function.  If this multiplier was inferred, it is suggested to describe an additional register stage after this function.  If there is no registered adder/accumulator following the multiply function, two pipeline stages are suggested to allow both the MREG and PREG registers to be used.  If the DSP48 was instantiated in the design, it is suggested to set both the MREG and PREG attributes to 1 when performing multiply functions.
Related violations: <none>

DPOP-2#62 Warning
MREG Output pipelining  
DSP audio_AXI_DMA_i/AudioSystem_AXI_wrap_0/U0/AudioProcessingSystem_inst/eq_right/gen_filters[7].IIR_Filter/mult_out0__0 multiplier stage audio_AXI_DMA_i/AudioSystem_AXI_wrap_0/U0/AudioProcessingSystem_inst/eq_right/gen_filters[7].IIR_Filter/mult_out0__0/P[47:0] is not pipelined (MREG=0). Pipelining the multiplier function will improve performance and will save significant power so it is suggested whenever possible to fully pipeline this function.  If this multiplier was inferred, it is suggested to describe an additional register stage after this function.  If there is no registered adder/accumulator following the multiply function, two pipeline stages are suggested to allow both the MREG and PREG registers to be used.  If the DSP48 was instantiated in the design, it is suggested to set both the MREG and PREG attributes to 1 when performing multiply functions.
Related violations: <none>

DPOP-2#63 Warning
MREG Output pipelining  
DSP audio_AXI_DMA_i/AudioSystem_AXI_wrap_0/U0/AudioProcessingSystem_inst/eq_right/gen_filters[7].IIR_Filter/mult_out0__1 multiplier stage audio_AXI_DMA_i/AudioSystem_AXI_wrap_0/U0/AudioProcessingSystem_inst/eq_right/gen_filters[7].IIR_Filter/mult_out0__1/P[47:0] is not pipelined (MREG=0). Pipelining the multiplier function will improve performance and will save significant power so it is suggested whenever possible to fully pipeline this function.  If this multiplier was inferred, it is suggested to describe an additional register stage after this function.  If there is no registered adder/accumulator following the multiply function, two pipeline stages are suggested to allow both the MREG and PREG registers to be used.  If the DSP48 was instantiated in the design, it is suggested to set both the MREG and PREG attributes to 1 when performing multiply functions.
Related violations: <none>

DPOP-2#64 Warning
MREG Output pipelining  
DSP audio_AXI_DMA_i/AudioSystem_AXI_wrap_0/U0/AudioProcessingSystem_inst/eq_right/gen_filters[7].IIR_Filter/mult_out0__2 multiplier stage audio_AXI_DMA_i/AudioSystem_AXI_wrap_0/U0/AudioProcessingSystem_inst/eq_right/gen_filters[7].IIR_Filter/mult_out0__2/P[47:0] is not pipelined (MREG=0). Pipelining the multiplier function will improve performance and will save significant power so it is suggested whenever possible to fully pipeline this function.  If this multiplier was inferred, it is suggested to describe an additional register stage after this function.  If there is no registered adder/accumulator following the multiply function, two pipeline stages are suggested to allow both the MREG and PREG registers to be used.  If the DSP48 was instantiated in the design, it is suggested to set both the MREG and PREG attributes to 1 when performing multiply functions.
Related violations: <none>

PDCN-1569#1 Warning
LUT equation term check  
Used physical LUT pin 'A1' of cell audio_AXI_DMA_i/axi_interconnect_0/m01_couplers/auto_pc/inst/gen_axi4_axi3.axi3_conv_inst/USE_WRITE.write_addr_inst/USE_B_CHANNEL.cmd_b_queue/inst/fifo_gen_inst/inst_fifo_gen/gconvfifo.rf/grf.rf/gntv_or_sync_fifo.gl0.rd/gr1.gr1_int.rfwft/gpregsm1.user_valid_i_1 (pin audio_AXI_DMA_i/axi_interconnect_0/m01_couplers/auto_pc/inst/gen_axi4_axi3.axi3_conv_inst/USE_WRITE.write_addr_inst/USE_B_CHANNEL.cmd_b_queue/inst/fifo_gen_inst/inst_fifo_gen/gconvfifo.rf/grf.rf/gntv_or_sync_fifo.gl0.rd/gr1.gr1_int.rfwft/gpregsm1.user_valid_i_1/I1) is not included in the LUT equation: 'O6=(A4)+((~A4)*(~A3)*A5)'. If this cell is a user instantiated LUT in the design, please remove connectivity to the pin or change the equation and/or INIT string of the LUT to prevent this issue. If the cell is inferred or IP created LUT, please regenerate the IP and/or resynthesize the design to attempt to correct the issue.
Related violations: <none>

PDCN-1569#2 Warning
LUT equation term check  
Used physical LUT pin 'A2' of cell audio_AXI_DMA_i/axi_interconnect_0/m00_couplers/auto_pc/inst/gen_axi4_axi3.axi3_conv_inst/USE_WRITE.write_addr_inst/USE_BURSTS.cmd_queue/inst/fifo_gen_inst/inst_fifo_gen/gconvfifo.rf/grf.rf/gntv_or_sync_fifo.gl0.rd/gr1.gr1_int.rfwft/gpregsm1.user_valid_i_1 (pin audio_AXI_DMA_i/axi_interconnect_0/m00_couplers/auto_pc/inst/gen_axi4_axi3.axi3_conv_inst/USE_WRITE.write_addr_inst/USE_BURSTS.cmd_queue/inst/fifo_gen_inst/inst_fifo_gen/gconvfifo.rf/grf.rf/gntv_or_sync_fifo.gl0.rd/gr1.gr1_int.rfwft/gpregsm1.user_valid_i_1/I1) is not included in the LUT equation: 'O6=(A4)+((~A4)*(~A6)*A3)'. If this cell is a user instantiated LUT in the design, please remove connectivity to the pin or change the equation and/or INIT string of the LUT to prevent this issue. If the cell is inferred or IP created LUT, please regenerate the IP and/or resynthesize the design to attempt to correct the issue.
Related violations: <none>

PDCN-1569#3 Warning
LUT equation term check  
Used physical LUT pin 'A4' of cell audio_AXI_DMA_i/axi_interconnect_0/m00_couplers/auto_pc/inst/gen_axi4_axi3.axi3_conv_inst/USE_READ.USE_SPLIT_R.read_addr_inst/USE_R_CHANNEL.cmd_queue/inst/fifo_gen_inst/inst_fifo_gen/gconvfifo.rf/grf.rf/gntv_or_sync_fifo.gl0.rd/gr1.gr1_int.rfwft/gpregsm1.user_valid_i_1 (pin audio_AXI_DMA_i/axi_interconnect_0/m00_couplers/auto_pc/inst/gen_axi4_axi3.axi3_conv_inst/USE_READ.USE_SPLIT_R.read_addr_inst/USE_R_CHANNEL.cmd_queue/inst/fifo_gen_inst/inst_fifo_gen/gconvfifo.rf/grf.rf/gntv_or_sync_fifo.gl0.rd/gr1.gr1_int.rfwft/gpregsm1.user_valid_i_1/I1) is not included in the LUT equation: 'O6=(A3)+((~A3)*(~A5)*A2)'. If this cell is a user instantiated LUT in the design, please remove connectivity to the pin or change the equation and/or INIT string of the LUT to prevent this issue. If the cell is inferred or IP created LUT, please regenerate the IP and/or resynthesize the design to attempt to correct the issue.
Related violations: <none>

PDCN-1569#4 Warning
LUT equation term check  
Used physical LUT pin 'A4' of cell audio_AXI_DMA_i/axi_interconnect_0/m01_couplers/auto_pc/inst/gen_axi4_axi3.axi3_conv_inst/USE_READ.USE_SPLIT_R.read_addr_inst/USE_R_CHANNEL.cmd_queue/inst/fifo_gen_inst/inst_fifo_gen/gconvfifo.rf/grf.rf/gntv_or_sync_fifo.gl0.rd/gr1.gr1_int.rfwft/gpregsm1.user_valid_i_1 (pin audio_AXI_DMA_i/axi_interconnect_0/m01_couplers/auto_pc/inst/gen_axi4_axi3.axi3_conv_inst/USE_READ.USE_SPLIT_R.read_addr_inst/USE_R_CHANNEL.cmd_queue/inst/fifo_gen_inst/inst_fifo_gen/gconvfifo.rf/grf.rf/gntv_or_sync_fifo.gl0.rd/gr1.gr1_int.rfwft/gpregsm1.user_valid_i_1/I1) is not included in the LUT equation: 'O6=(A6)+((~A6)*(~A5)*A3)'. If this cell is a user instantiated LUT in the design, please remove connectivity to the pin or change the equation and/or INIT string of the LUT to prevent this issue. If the cell is inferred or IP created LUT, please regenerate the IP and/or resynthesize the design to attempt to correct the issue.
Related violations: <none>

PDCN-1569#5 Warning
LUT equation term check  
Used physical LUT pin 'A4' of cell audio_AXI_DMA_i/axi_interconnect_0/m01_couplers/auto_pc/inst/gen_axi4_axi3.axi3_conv_inst/USE_WRITE.write_addr_inst/USE_BURSTS.cmd_queue/inst/fifo_gen_inst/inst_fifo_gen/gconvfifo.rf/grf.rf/gntv_or_sync_fifo.gl0.rd/gr1.gr1_int.rfwft/gpregsm1.user_valid_i_1 (pin audio_AXI_DMA_i/axi_interconnect_0/m01_couplers/auto_pc/inst/gen_axi4_axi3.axi3_conv_inst/USE_WRITE.write_addr_inst/USE_BURSTS.cmd_queue/inst/fifo_gen_inst/inst_fifo_gen/gconvfifo.rf/grf.rf/gntv_or_sync_fifo.gl0.rd/gr1.gr1_int.rfwft/gpregsm1.user_valid_i_1/I1) is not included in the LUT equation: 'O6=(A3)+((~A3)*(~A6)*A1)'. If this cell is a user instantiated LUT in the design, please remove connectivity to the pin or change the equation and/or INIT string of the LUT to prevent this issue. If the cell is inferred or IP created LUT, please regenerate the IP and/or resynthesize the design to attempt to correct the issue.
Related violations: <none>

PDCN-1569#6 Warning
LUT equation term check  
Used physical LUT pin 'A5' of cell audio_AXI_DMA_i/axi_interconnect_0/m00_couplers/auto_pc/inst/gen_axi4_axi3.axi3_conv_inst/USE_WRITE.write_addr_inst/USE_B_CHANNEL.cmd_b_queue/inst/fifo_gen_inst/inst_fifo_gen/gconvfifo.rf/grf.rf/gntv_or_sync_fifo.gl0.rd/gr1.gr1_int.rfwft/gpregsm1.user_valid_i_1 (pin audio_AXI_DMA_i/axi_interconnect_0/m00_couplers/auto_pc/inst/gen_axi4_axi3.axi3_conv_inst/USE_WRITE.write_addr_inst/USE_B_CHANNEL.cmd_b_queue/inst/fifo_gen_inst/inst_fifo_gen/gconvfifo.rf/grf.rf/gntv_or_sync_fifo.gl0.rd/gr1.gr1_int.rfwft/gpregsm1.user_valid_i_1/I1) is not included in the LUT equation: 'O6=(A6)+((~A6)*(~A1)*A3)'. If this cell is a user instantiated LUT in the design, please remove connectivity to the pin or change the equation and/or INIT string of the LUT to prevent this issue. If the cell is inferred or IP created LUT, please regenerate the IP and/or resynthesize the design to attempt to correct the issue.
Related violations: <none>

RTSTAT-10#1 Warning
No routable loads  
66 net(s) have no routable loads. The problem bus(es) and/or net(s) are audio_AXI_DMA_i/axi_interconnect_0/m00_couplers/auto_pc/inst/gen_axi4_axi3.axi3_conv_inst/USE_READ.USE_SPLIT_R.read_addr_inst/USE_R_CHANNEL.cmd_queue/inst/fifo_gen_inst/inst_fifo_gen/gconvfifo.rf/grf.rf/gntv_or_sync_fifo.gl0.rd/gr1.gr1_int.rfwft/aempty_fwft_i,
audio_AXI_DMA_i/axi_interconnect_0/m00_couplers/auto_pc/inst/gen_axi4_axi3.axi3_conv_inst/USE_READ.USE_SPLIT_R.read_addr_inst/USE_R_CHANNEL.cmd_queue/inst/fifo_gen_inst/inst_fifo_gen/gconvfifo.rf/grf.rf/rstblk/ngwrdrst.grst.rd_rst_reg[2:0],
audio_AXI_DMA_i/axi_interconnect_0/m00_couplers/auto_pc/inst/gen_axi4_axi3.axi3_conv_inst/USE_WRITE.write_addr_inst/USE_BURSTS.cmd_queue/inst/fifo_gen_inst/inst_fifo_gen/gconvfifo.rf/grf.rf/gntv_or_sync_fifo.gl0.rd/gr1.gr1_int.rfwft/aempty_fwft_i,
audio_AXI_DMA_i/axi_interconnect_0/m00_couplers/auto_pc/inst/gen_axi4_axi3.axi3_conv_inst/USE_WRITE.write_addr_inst/USE_BURSTS.cmd_queue/inst/fifo_gen_inst/inst_fifo_gen/gconvfifo.rf/grf.rf/rstblk/ngwrdrst.grst.rd_rst_reg[2:0],
audio_AXI_DMA_i/axi_interconnect_0/m00_couplers/auto_pc/inst/gen_axi4_axi3.axi3_conv_inst/USE_WRITE.write_addr_inst/USE_BURSTS.cmd_queue/inst/fifo_gen_inst/inst_fifo_gen/gconvfifo.rf/grf.rf/rstblk/ngwrdrst.grst.wr_rst_reg[2:0],
audio_AXI_DMA_i/axi_interconnect_0/m00_couplers/auto_pc/inst/gen_axi4_axi3.axi3_conv_inst/USE_WRITE.write_addr_inst/USE_B_CHANNEL.cmd_b_queue/inst/fifo_gen_inst/inst_fifo_gen/gconvfifo.rf/grf.rf/gntv_or_sync_fifo.gl0.rd/gr1.gr1_int.rfwft/aempty_fwft_i,
audio_AXI_DMA_i/axi_interconnect_0/m00_couplers/auto_pc/inst/gen_axi4_axi3.axi3_conv_inst/USE_WRITE.write_addr_inst/USE_B_CHANNEL.cmd_b_queue/inst/fifo_gen_inst/inst_fifo_gen/gconvfifo.rf/grf.rf/rstblk/ngwrdrst.grst.rd_rst_reg[2:0],
audio_AXI_DMA_i/axi_interconnect_0/m01_couplers/auto_pc/inst/gen_axi4_axi3.axi3_conv_inst/USE_READ.USE_SPLIT_R.read_addr_inst/USE_R_CHANNEL.cmd_queue/inst/fifo_gen_inst/inst_fifo_gen/gconvfifo.rf/grf.rf/gntv_or_sync_fifo.gl0.rd/gr1.gr1_int.rfwft/aempty_fwft_i,
audio_AXI_DMA_i/axi_interconnect_0/m01_couplers/auto_pc/inst/gen_axi4_axi3.axi3_conv_inst/USE_READ.USE_SPLIT_R.read_addr_inst/USE_R_CHANNEL.cmd_queue/inst/fifo_gen_inst/inst_fifo_gen/gconvfifo.rf/grf.rf/rstblk/ngwrdrst.grst.rd_rst_reg[2:0],
audio_AXI_DMA_i/axi_interconnect_0/m01_couplers/auto_pc/inst/gen_axi4_axi3.axi3_conv_inst/USE_READ.USE_SPLIT_R.read_addr_inst/USE_R_CHANNEL.cmd_queue/inst/fifo_gen_inst/inst_fifo_gen/gconvfifo.rf/grf.rf/rstblk/ngwrdrst.grst.wr_rst_reg[2:0],
audio_AXI_DMA_i/axi_interconnect_0/m01_couplers/auto_pc/inst/gen_axi4_axi3.axi3_conv_inst/USE_WRITE.write_addr_inst/USE_BURSTS.cmd_queue/inst/fifo_gen_inst/inst_fifo_gen/gconvfifo.rf/grf.rf/gntv_or_sync_fifo.gl0.rd/gr1.gr1_int.rfwft/aempty_fwft_i,
audio_AXI_DMA_i/axi_interconnect_0/m01_couplers/auto_pc/inst/gen_axi4_axi3.axi3_conv_inst/USE_WRITE.write_addr_inst/USE_BURSTS.cmd_queue/inst/fifo_gen_inst/inst_fifo_gen/gconvfifo.rf/grf.rf/rstblk/ngwrdrst.grst.rd_rst_reg[2:0],
audio_AXI_DMA_i/axi_interconnect_0/m01_couplers/auto_pc/inst/gen_axi4_axi3.axi3_conv_inst/USE_WRITE.write_addr_inst/USE_BURSTS.cmd_queue/inst/fifo_gen_inst/inst_fifo_gen/gconvfifo.rf/grf.rf/rstblk/ngwrdrst.grst.wr_rst_reg[2:0],
audio_AXI_DMA_i/axi_interconnect_0/m01_couplers/auto_pc/inst/gen_axi4_axi3.axi3_conv_inst/USE_WRITE.write_addr_inst/USE_B_CHANNEL.cmd_b_queue/inst/fifo_gen_inst/inst_fifo_gen/gconvfifo.rf/grf.rf/gntv_or_sync_fifo.gl0.rd/gr1.gr1_int.rfwft/aempty_fwft_i,
audio_AXI_DMA_i/axi_interconnect_0/m01_couplers/auto_pc/inst/gen_axi4_axi3.axi3_conv_inst/USE_WRITE.write_addr_inst/USE_B_CHANNEL.cmd_b_queue/inst/fifo_gen_inst/inst_fifo_gen/gconvfifo.rf/grf.rf/rstblk/ngwrdrst.grst.rd_rst_reg[2:0]
 (the first 15 of 42 listed).
Related violations: <none>

REQP-165#1 Advisory
writefirst  
Synchronous clocking is detected for BRAM (audio_AXI_DMA_i/axi_dma_0/U0/I_PRMRY_DATAMOVER/GEN_S2MM_FULL.I_S2MM_FULL_WRAPPER/GEN_ENABLE_INDET_BTT_SF.I_INDET_BTT/I_DATA_FIFO/BLK_MEM.I_SYNC_FIFOGEN_FIFO/xpm_fifo_instance.xpm_fifo_sync_inst/xpm_fifo_base_inst/gen_sdpram.xpm_memory_base_inst/gen_wr_a.gen_word_narrow.mem_reg_1) in SDP mode with WRITE_FIRST write-mode. This is the preferred mode for best power characteristics, however it may exhibit address collisions if the same address appears on both read and write ports resulting in unknown or corrupted read data. It is suggested to confirm via simulation that an address collision never occurs and if so it is suggested to try and avoid this situation. If address collisions cannot be avoided, the write-mode may be set to READ_FIRST which guarantees that the read data is the prior contents of the memory at the cost of additional power in the design. See the FPGA Memory Resources User Guide for additional information.
Related violations: <none>

REQP-165#2 Advisory
writefirst  
Synchronous clocking is detected for BRAM (audio_AXI_DMA_i/axi_dma_1/U0/I_PRMRY_DATAMOVER/GEN_S2MM_FULL.I_S2MM_FULL_WRAPPER/GEN_ENABLE_INDET_BTT_SF.I_INDET_BTT/I_DATA_FIFO/BLK_MEM.I_SYNC_FIFOGEN_FIFO/xpm_fifo_instance.xpm_fifo_sync_inst/xpm_fifo_base_inst/gen_sdpram.xpm_memory_base_inst/gen_wr_a.gen_word_narrow.mem_reg_1) in SDP mode with WRITE_FIRST write-mode. This is the preferred mode for best power characteristics, however it may exhibit address collisions if the same address appears on both read and write ports resulting in unknown or corrupted read data. It is suggested to confirm via simulation that an address collision never occurs and if so it is suggested to try and avoid this situation. If address collisions cannot be avoided, the write-mode may be set to READ_FIRST which guarantees that the read data is the prior contents of the memory at the cost of additional power in the design. See the FPGA Memory Resources User Guide for additional information.
Related violations: <none>

REQP-181#1 Advisory
writefirst  
Synchronous clocking is detected for BRAM (audio_AXI_DMA_i/axi_dma_0/U0/I_PRMRY_DATAMOVER/GEN_S2MM_FULL.I_S2MM_FULL_WRAPPER/GEN_ENABLE_INDET_BTT_SF.I_INDET_BTT/I_DATA_FIFO/BLK_MEM.I_SYNC_FIFOGEN_FIFO/xpm_fifo_instance.xpm_fifo_sync_inst/xpm_fifo_base_inst/gen_sdpram.xpm_memory_base_inst/gen_wr_a.gen_word_narrow.mem_reg_0) in SDP mode with WRITE_FIRST write-mode. This is the preferred mode for best power characteristics, however it may exhibit address collisions if the same address appears on both read and write ports resulting in unknown or corrupted read data. It is suggested to confirm via simulation that an address collision never occurs and if so it is suggested to try and avoid this situation. If address collisions cannot be avoided, the write-mode may be set to READ_FIRST which guarantees that the read data is the prior contents of the memory at the cost of additional power in the design. See the FPGA Memory Resources User Guide for additional information.
Related violations: <none>

REQP-181#2 Advisory
writefirst  
Synchronous clocking is detected for BRAM (audio_AXI_DMA_i/axi_dma_1/U0/I_PRMRY_DATAMOVER/GEN_S2MM_FULL.I_S2MM_FULL_WRAPPER/GEN_ENABLE_INDET_BTT_SF.I_INDET_BTT/I_DATA_FIFO/BLK_MEM.I_SYNC_FIFOGEN_FIFO/xpm_fifo_instance.xpm_fifo_sync_inst/xpm_fifo_base_inst/gen_sdpram.xpm_memory_base_inst/gen_wr_a.gen_word_narrow.mem_reg_0) in SDP mode with WRITE_FIRST write-mode. This is the preferred mode for best power characteristics, however it may exhibit address collisions if the same address appears on both read and write ports resulting in unknown or corrupted read data. It is suggested to confirm via simulation that an address collision never occurs and if so it is suggested to try and avoid this situation. If address collisions cannot be avoided, the write-mode may be set to READ_FIRST which guarantees that the read data is the prior contents of the memory at the cost of additional power in the design. See the FPGA Memory Resources User Guide for additional information.
Related violations: <none>


