
*** Running vivado
    with args -log audio_AXI_DMA_wrapper.vds -m64 -product Vivado -mode batch -messageDb vivado.pb -notrace -source audio_AXI_DMA_wrapper.tcl



****** Vivado v2022.2 (64-bit)
  **** SW Build 3671981 on Fri Oct 14 05:00:03 MDT 2022
  **** IP Build 3669848 on Fri Oct 14 08:30:02 MDT 2022
    ** Copyright 1986-2022 Xilinx, Inc. All Rights Reserved.

source audio_AXI_DMA_wrapper.tcl -notrace
create_project: Time (s): cpu = 00:00:07 ; elapsed = 00:00:07 . Memory (MB): peak = 429.770 ; gain = 108.375
INFO: [IP_Flow 19-234] Refreshing IP repositories
INFO: [IP_Flow 19-1700] Loaded user IP repository 'c:/Users/Engineering/ip_repo/audio_IP_1_0'.
INFO: [IP_Flow 19-2313] Loaded Vivado IP repository 'C:/Xilinx/Vivado/2022.2/data/ip'.
add_files: Time (s): cpu = 00:00:03 ; elapsed = 00:00:06 . Memory (MB): peak = 471.543 ; gain = 17.891
Command: read_checkpoint -auto_incremental -incremental C:/Users/Engineering/projekt_sdup/projekt_sdup.srcs/utils_1/imports/synth_1/design_AXI_wrapper.dcp
INFO: [Vivado 12-5825] Read reference checkpoint from C:/Users/Engineering/projekt_sdup/projekt_sdup.srcs/utils_1/imports/synth_1/design_AXI_wrapper.dcp for incremental synthesis
INFO: [Vivado 12-7989] Please ensure there are no constraint changes
Command: synth_design -top audio_AXI_DMA_wrapper -part xc7z010clg400-1
Starting synth_design
Attempting to get a license for feature 'Synthesis' and/or device 'xc7z010'
INFO: [Common 17-349] Got license for feature 'Synthesis' and/or device 'xc7z010'
INFO: [Device 21-403] Loading part xc7z010clg400-1
INFO: [Designutils 20-5440] No compile time benefit to using incremental synthesis; A full resynthesis will be run
INFO: [Designutils 20-4379] Flow is switching to default flow due to incremental criteria not met. If you would like to alter this behaviour and have the flow terminate instead, please set the following parameter config_implementation {autoIncr.Synth.RejectBehavior Terminate}
INFO: [Synth 8-7079] Multithreading enabled for synth_design using a maximum of 2 processes.
INFO: [Synth 8-7078] Launching helper process for spawning children vivado processes
INFO: [Synth 8-7075] Helper process launched with PID 2196
INFO: [Synth 8-11241] undeclared symbol 'REGCCE', assumed default net type 'wire' [C:/Xilinx/Vivado/2022.2/data/verilog/src/unimacro/BRAM_SINGLE_MACRO.v:2170]
---------------------------------------------------------------------------------
Starting RTL Elaboration : Time (s): cpu = 00:00:06 ; elapsed = 00:00:06 . Memory (MB): peak = 1276.449 ; gain = 409.328
---------------------------------------------------------------------------------
INFO: [Synth 8-638] synthesizing module 'audio_AXI_DMA_wrapper' [C:/Users/Engineering/projekt_sdup/projekt_sdup.gen/sources_1/bd/audio_AXI_DMA/hdl/audio_AXI_DMA_wrapper.vhd:49]
INFO: [Synth 8-3491] module 'audio_AXI_DMA' declared at 'c:/Users/Engineering/projekt_sdup/projekt_sdup.gen/sources_1/bd/audio_AXI_DMA/synth/audio_AXI_DMA.vhd:3397' bound to instance 'audio_AXI_DMA_i' of component 'audio_AXI_DMA' [C:/Users/Engineering/projekt_sdup/projekt_sdup.gen/sources_1/bd/audio_AXI_DMA/hdl/audio_AXI_DMA_wrapper.vhd:85]
INFO: [Synth 8-638] synthesizing module 'audio_AXI_DMA' [c:/Users/Engineering/projekt_sdup/projekt_sdup.gen/sources_1/bd/audio_AXI_DMA/synth/audio_AXI_DMA.vhd:3436]
INFO: [Synth 8-3491] module 'audio_AXI_DMA_AudioSystem_AXI_wrap_0_0' declared at 'C:/Users/Engineering/projekt_sdup/projekt_sdup.runs/synth_1/.Xil/Vivado-18976-DESKTOP-SR46PLT/realtime/audio_AXI_DMA_AudioSystem_AXI_wrap_0_0_stub.vhdl:5' bound to instance 'AudioSystem_AXI_wrap_0' of component 'audio_AXI_DMA_AudioSystem_AXI_wrap_0_0' [c:/Users/Engineering/projekt_sdup/projekt_sdup.gen/sources_1/bd/audio_AXI_DMA/synth/audio_AXI_DMA.vhd:4135]
INFO: [Synth 8-638] synthesizing module 'audio_AXI_DMA_AudioSystem_AXI_wrap_0_0' [C:/Users/Engineering/projekt_sdup/projekt_sdup.runs/synth_1/.Xil/Vivado-18976-DESKTOP-SR46PLT/realtime/audio_AXI_DMA_AudioSystem_AXI_wrap_0_0_stub.vhdl:46]
INFO: [Synth 8-3491] module 'audio_AXI_DMA_audio_axis_tx_0_0' declared at 'C:/Users/Engineering/projekt_sdup/projekt_sdup.runs/synth_1/.Xil/Vivado-18976-DESKTOP-SR46PLT/realtime/audio_AXI_DMA_audio_axis_tx_0_0_stub.vhdl:5' bound to instance 'audio_axis_tx_0' of component 'audio_AXI_DMA_audio_axis_tx_0_0' [c:/Users/Engineering/projekt_sdup/projekt_sdup.gen/sources_1/bd/audio_AXI_DMA/synth/audio_AXI_DMA.vhd:4173]
INFO: [Synth 8-638] synthesizing module 'audio_AXI_DMA_audio_axis_tx_0_0' [C:/Users/Engineering/projekt_sdup/projekt_sdup.runs/synth_1/.Xil/Vivado-18976-DESKTOP-SR46PLT/realtime/audio_AXI_DMA_audio_axis_tx_0_0_stub.vhdl:19]
INFO: [Synth 8-3491] module 'audio_AXI_DMA_audio_axis_tx_1_0' declared at 'C:/Users/Engineering/projekt_sdup/projekt_sdup.runs/synth_1/.Xil/Vivado-18976-DESKTOP-SR46PLT/realtime/audio_AXI_DMA_audio_axis_tx_1_0_stub.vhdl:5' bound to instance 'audio_axis_tx_1' of component 'audio_AXI_DMA_audio_axis_tx_1_0' [c:/Users/Engineering/projekt_sdup/projekt_sdup.gen/sources_1/bd/audio_AXI_DMA/synth/audio_AXI_DMA.vhd:4184]
INFO: [Synth 8-638] synthesizing module 'audio_AXI_DMA_audio_axis_tx_1_0' [C:/Users/Engineering/projekt_sdup/projekt_sdup.runs/synth_1/.Xil/Vivado-18976-DESKTOP-SR46PLT/realtime/audio_AXI_DMA_audio_axis_tx_1_0_stub.vhdl:19]
WARNING: [Synth 8-5640] Port 'axi_dma_tstvec' is missing in component declaration [c:/Users/Engineering/projekt_sdup/projekt_sdup.gen/sources_1/bd/audio_AXI_DMA/synth/audio_AXI_DMA.vhd:3659]
INFO: [Synth 8-3491] module 'audio_AXI_DMA_axi_dma_0_0' declared at 'C:/Users/Engineering/projekt_sdup/projekt_sdup.runs/synth_1/.Xil/Vivado-18976-DESKTOP-SR46PLT/realtime/audio_AXI_DMA_axi_dma_0_0_stub.vhdl:5' bound to instance 'axi_dma_0' of component 'audio_AXI_DMA_axi_dma_0_0' [c:/Users/Engineering/projekt_sdup/projekt_sdup.gen/sources_1/bd/audio_AXI_DMA/synth/audio_AXI_DMA.vhd:4195]
INFO: [Synth 8-638] synthesizing module 'audio_AXI_DMA_axi_dma_0_0' [C:/Users/Engineering/projekt_sdup/projekt_sdup.runs/synth_1/.Xil/Vivado-18976-DESKTOP-SR46PLT/realtime/audio_AXI_DMA_axi_dma_0_0_stub.vhdl:54]
WARNING: [Synth 8-5640] Port 'axi_dma_tstvec' is missing in component declaration [c:/Users/Engineering/projekt_sdup/projekt_sdup.gen/sources_1/bd/audio_AXI_DMA/synth/audio_AXI_DMA.vhd:3735]
INFO: [Synth 8-3491] module 'audio_AXI_DMA_axi_dma_0_2' declared at 'C:/Users/Engineering/projekt_sdup/projekt_sdup.runs/synth_1/.Xil/Vivado-18976-DESKTOP-SR46PLT/realtime/audio_AXI_DMA_axi_dma_0_2_stub.vhdl:5' bound to instance 'axi_dma_1' of component 'audio_AXI_DMA_axi_dma_0_2' [c:/Users/Engineering/projekt_sdup/projekt_sdup.gen/sources_1/bd/audio_AXI_DMA/synth/audio_AXI_DMA.vhd:4240]
INFO: [Synth 8-638] synthesizing module 'audio_AXI_DMA_axi_dma_0_2' [C:/Users/Engineering/projekt_sdup/projekt_sdup.runs/synth_1/.Xil/Vivado-18976-DESKTOP-SR46PLT/realtime/audio_AXI_DMA_axi_dma_0_2_stub.vhdl:54]
INFO: [Synth 8-638] synthesizing module 'audio_AXI_DMA_axi_interconnect_0_0' [c:/Users/Engineering/projekt_sdup/projekt_sdup.gen/sources_1/bd/audio_AXI_DMA/synth/audio_AXI_DMA.vhd:1898]
INFO: [Synth 8-638] synthesizing module 'm00_couplers_imp_1H7DRB5' [c:/Users/Engineering/projekt_sdup/projekt_sdup.gen/sources_1/bd/audio_AXI_DMA/synth/audio_AXI_DMA.vhd:100]
INFO: [Synth 8-3491] module 'audio_AXI_DMA_auto_pc_1' declared at 'C:/Users/Engineering/projekt_sdup/projekt_sdup.runs/synth_1/.Xil/Vivado-18976-DESKTOP-SR46PLT/realtime/audio_AXI_DMA_auto_pc_1_stub.vhdl:5' bound to instance 'auto_pc' of component 'audio_AXI_DMA_auto_pc_1' [c:/Users/Engineering/projekt_sdup/projekt_sdup.gen/sources_1/bd/audio_AXI_DMA/synth/audio_AXI_DMA.vhd:343]
INFO: [Synth 8-638] synthesizing module 'audio_AXI_DMA_auto_pc_1' [C:/Users/Engineering/projekt_sdup/projekt_sdup.runs/synth_1/.Xil/Vivado-18976-DESKTOP-SR46PLT/realtime/audio_AXI_DMA_auto_pc_1_stub.vhdl:90]
INFO: [Synth 8-256] done synthesizing module 'm00_couplers_imp_1H7DRB5' (0#1) [c:/Users/Engineering/projekt_sdup/projekt_sdup.gen/sources_1/bd/audio_AXI_DMA/synth/audio_AXI_DMA.vhd:100]
INFO: [Synth 8-638] synthesizing module 'm01_couplers_imp_A6KJ85' [c:/Users/Engineering/projekt_sdup/projekt_sdup.gen/sources_1/bd/audio_AXI_DMA/synth/audio_AXI_DMA.vhd:841]
INFO: [Synth 8-3491] module 'audio_AXI_DMA_auto_pc_2' declared at 'C:/Users/Engineering/projekt_sdup/projekt_sdup.runs/synth_1/.Xil/Vivado-18976-DESKTOP-SR46PLT/realtime/audio_AXI_DMA_auto_pc_2_stub.vhdl:5' bound to instance 'auto_pc' of component 'audio_AXI_DMA_auto_pc_2' [c:/Users/Engineering/projekt_sdup/projekt_sdup.gen/sources_1/bd/audio_AXI_DMA/synth/audio_AXI_DMA.vhd:1084]
INFO: [Synth 8-638] synthesizing module 'audio_AXI_DMA_auto_pc_2' [C:/Users/Engineering/projekt_sdup/projekt_sdup.runs/synth_1/.Xil/Vivado-18976-DESKTOP-SR46PLT/realtime/audio_AXI_DMA_auto_pc_2_stub.vhdl:90]
INFO: [Synth 8-256] done synthesizing module 'm01_couplers_imp_A6KJ85' (0#1) [c:/Users/Engineering/projekt_sdup/projekt_sdup.gen/sources_1/bd/audio_AXI_DMA/synth/audio_AXI_DMA.vhd:841]
INFO: [Synth 8-638] synthesizing module 's00_couplers_imp_18EGV0E' [c:/Users/Engineering/projekt_sdup/projekt_sdup.gen/sources_1/bd/audio_AXI_DMA/synth/audio_AXI_DMA.vhd:1308]
INFO: [Synth 8-256] done synthesizing module 's00_couplers_imp_18EGV0E' (0#1) [c:/Users/Engineering/projekt_sdup/projekt_sdup.gen/sources_1/bd/audio_AXI_DMA/synth/audio_AXI_DMA.vhd:1308]
INFO: [Synth 8-638] synthesizing module 's01_couplers_imp_GHWI0A' [c:/Users/Engineering/projekt_sdup/projekt_sdup.gen/sources_1/bd/audio_AXI_DMA/synth/audio_AXI_DMA.vhd:1720]
INFO: [Synth 8-256] done synthesizing module 's01_couplers_imp_GHWI0A' (0#1) [c:/Users/Engineering/projekt_sdup/projekt_sdup.gen/sources_1/bd/audio_AXI_DMA/synth/audio_AXI_DMA.vhd:1720]
INFO: [Synth 8-3491] module 'audio_AXI_DMA_xbar_1' declared at 'C:/Users/Engineering/projekt_sdup/projekt_sdup.runs/synth_1/.Xil/Vivado-18976-DESKTOP-SR46PLT/realtime/audio_AXI_DMA_xbar_1_stub.vhdl:5' bound to instance 'xbar' of component 'audio_AXI_DMA_xbar_1' [c:/Users/Engineering/projekt_sdup/projekt_sdup.gen/sources_1/bd/audio_AXI_DMA/synth/audio_AXI_DMA.vhd:2565]
INFO: [Synth 8-638] synthesizing module 'audio_AXI_DMA_xbar_1' [C:/Users/Engineering/projekt_sdup/projekt_sdup.runs/synth_1/.Xil/Vivado-18976-DESKTOP-SR46PLT/realtime/audio_AXI_DMA_xbar_1_stub.vhdl:89]
INFO: [Synth 8-256] done synthesizing module 'audio_AXI_DMA_axi_interconnect_0_0' (0#1) [c:/Users/Engineering/projekt_sdup/projekt_sdup.gen/sources_1/bd/audio_AXI_DMA/synth/audio_AXI_DMA.vhd:1898]
INFO: [Synth 8-3491] module 'audio_AXI_DMA_axis_data_fifo_0_0' declared at 'C:/Users/Engineering/projekt_sdup/projekt_sdup.runs/synth_1/.Xil/Vivado-18976-DESKTOP-SR46PLT/realtime/audio_AXI_DMA_axis_data_fifo_0_0_stub.vhdl:5' bound to instance 'axis_data_fifo_0' of component 'audio_AXI_DMA_axis_data_fifo_0_0' [c:/Users/Engineering/projekt_sdup/projekt_sdup.gen/sources_1/bd/audio_AXI_DMA/synth/audio_AXI_DMA.vhd:4406]
INFO: [Synth 8-638] synthesizing module 'audio_AXI_DMA_axis_data_fifo_0_0' [C:/Users/Engineering/projekt_sdup/projekt_sdup.runs/synth_1/.Xil/Vivado-18976-DESKTOP-SR46PLT/realtime/audio_AXI_DMA_axis_data_fifo_0_0_stub.vhdl:22]
INFO: [Synth 8-3491] module 'audio_AXI_DMA_axis_data_fifo_0_2' declared at 'C:/Users/Engineering/projekt_sdup/projekt_sdup.runs/synth_1/.Xil/Vivado-18976-DESKTOP-SR46PLT/realtime/audio_AXI_DMA_axis_data_fifo_0_2_stub.vhdl:5' bound to instance 'axis_data_fifo_1' of component 'audio_AXI_DMA_axis_data_fifo_0_2' [c:/Users/Engineering/projekt_sdup/projekt_sdup.gen/sources_1/bd/audio_AXI_DMA/synth/audio_AXI_DMA.vhd:4420]
INFO: [Synth 8-638] synthesizing module 'audio_AXI_DMA_axis_data_fifo_0_2' [C:/Users/Engineering/projekt_sdup/projekt_sdup.runs/synth_1/.Xil/Vivado-18976-DESKTOP-SR46PLT/realtime/audio_AXI_DMA_axis_data_fifo_0_2_stub.vhdl:22]
INFO: [Synth 8-3491] module 'audio_AXI_DMA_clk_wiz_0_0' declared at 'C:/Users/Engineering/projekt_sdup/projekt_sdup.runs/synth_1/.Xil/Vivado-18976-DESKTOP-SR46PLT/realtime/audio_AXI_DMA_clk_wiz_0_0_stub.vhdl:5' bound to instance 'clk_wiz_0' of component 'audio_AXI_DMA_clk_wiz_0_0' [c:/Users/Engineering/projekt_sdup/projekt_sdup.gen/sources_1/bd/audio_AXI_DMA/synth/audio_AXI_DMA.vhd:4434]
INFO: [Synth 8-638] synthesizing module 'audio_AXI_DMA_clk_wiz_0_0' [C:/Users/Engineering/projekt_sdup/projekt_sdup.runs/synth_1/.Xil/Vivado-18976-DESKTOP-SR46PLT/realtime/audio_AXI_DMA_clk_wiz_0_0_stub.vhdl:14]
INFO: [Synth 8-3491] module 'audio_AXI_DMA_proc_sys_reset_0_0' declared at 'C:/Users/Engineering/projekt_sdup/projekt_sdup.runs/synth_1/.Xil/Vivado-18976-DESKTOP-SR46PLT/realtime/audio_AXI_DMA_proc_sys_reset_0_0_stub.vhdl:5' bound to instance 'proc_sys_reset_0' of component 'audio_AXI_DMA_proc_sys_reset_0_0' [c:/Users/Engineering/projekt_sdup/projekt_sdup.gen/sources_1/bd/audio_AXI_DMA/synth/audio_AXI_DMA.vhd:4440]
INFO: [Synth 8-638] synthesizing module 'audio_AXI_DMA_proc_sys_reset_0_0' [C:/Users/Engineering/projekt_sdup/projekt_sdup.runs/synth_1/.Xil/Vivado-18976-DESKTOP-SR46PLT/realtime/audio_AXI_DMA_proc_sys_reset_0_0_stub.vhdl:21]
INFO: [Synth 8-3491] module 'audio_AXI_DMA_processing_system7_0_0' declared at 'C:/Users/Engineering/projekt_sdup/projekt_sdup.runs/synth_1/.Xil/Vivado-18976-DESKTOP-SR46PLT/realtime/audio_AXI_DMA_processing_system7_0_0_stub.vhdl:5' bound to instance 'processing_system7_0' of component 'audio_AXI_DMA_processing_system7_0_0' [c:/Users/Engineering/projekt_sdup/projekt_sdup.gen/sources_1/bd/audio_AXI_DMA/synth/audio_AXI_DMA.vhd:4453]
INFO: [Synth 8-638] synthesizing module 'audio_AXI_DMA_processing_system7_0_0' [C:/Users/Engineering/projekt_sdup/projekt_sdup.runs/synth_1/.Xil/Vivado-18976-DESKTOP-SR46PLT/realtime/audio_AXI_DMA_processing_system7_0_0_stub.vhdl:170]
INFO: [Synth 8-638] synthesizing module 'audio_AXI_DMA_ps7_0_axi_periph_0' [c:/Users/Engineering/projekt_sdup/projekt_sdup.gen/sources_1/bd/audio_AXI_DMA/synth/audio_AXI_DMA.vhd:2810]
INFO: [Synth 8-638] synthesizing module 'm00_couplers_imp_O2N572' [c:/Users/Engineering/projekt_sdup/projekt_sdup.gen/sources_1/bd/audio_AXI_DMA/synth/audio_AXI_DMA.vhd:477]
INFO: [Synth 8-3491] module 'audio_AXI_DMA_auto_cc_0' declared at 'C:/Users/Engineering/projekt_sdup/projekt_sdup.runs/synth_1/.Xil/Vivado-18976-DESKTOP-SR46PLT/realtime/audio_AXI_DMA_auto_cc_0_stub.vhdl:5' bound to instance 'auto_cc' of component 'audio_AXI_DMA_auto_cc_0' [c:/Users/Engineering/projekt_sdup/projekt_sdup.gen/sources_1/bd/audio_AXI_DMA/synth/audio_AXI_DMA.vhd:609]
INFO: [Synth 8-638] synthesizing module 'audio_AXI_DMA_auto_cc_0' [C:/Users/Engineering/projekt_sdup/projekt_sdup.runs/synth_1/.Xil/Vivado-18976-DESKTOP-SR46PLT/realtime/audio_AXI_DMA_auto_cc_0_stub.vhdl:53]
INFO: [Synth 8-256] done synthesizing module 'm00_couplers_imp_O2N572' (0#1) [c:/Users/Engineering/projekt_sdup/projekt_sdup.gen/sources_1/bd/audio_AXI_DMA/synth/audio_AXI_DMA.vhd:477]
INFO: [Synth 8-638] synthesizing module 'm01_couplers_imp_1L2LC62' [c:/Users/Engineering/projekt_sdup/projekt_sdup.gen/sources_1/bd/audio_AXI_DMA/synth/audio_AXI_DMA.vhd:700]
INFO: [Synth 8-256] done synthesizing module 'm01_couplers_imp_1L2LC62' (0#1) [c:/Users/Engineering/projekt_sdup/projekt_sdup.gen/sources_1/bd/audio_AXI_DMA/synth/audio_AXI_DMA.vhd:700]
INFO: [Synth 8-638] synthesizing module 'm02_couplers_imp_1FZ8LWN' [c:/Users/Engineering/projekt_sdup/projekt_sdup.gen/sources_1/bd/audio_AXI_DMA/synth/audio_AXI_DMA.vhd:1212]
INFO: [Synth 8-256] done synthesizing module 'm02_couplers_imp_1FZ8LWN' (0#1) [c:/Users/Engineering/projekt_sdup/projekt_sdup.gen/sources_1/bd/audio_AXI_DMA/synth/audio_AXI_DMA.vhd:1212]
INFO: [Synth 8-638] synthesizing module 's00_couplers_imp_K9D20H' [c:/Users/Engineering/projekt_sdup/projekt_sdup.gen/sources_1/bd/audio_AXI_DMA/synth/audio_AXI_DMA.vhd:1429]
INFO: [Synth 8-3491] module 'audio_AXI_DMA_auto_pc_0' declared at 'C:/Users/Engineering/projekt_sdup/projekt_sdup.runs/synth_1/.Xil/Vivado-18976-DESKTOP-SR46PLT/realtime/audio_AXI_DMA_auto_pc_0_stub.vhdl:5' bound to instance 'auto_pc' of component 'audio_AXI_DMA_auto_pc_0' [c:/Users/Engineering/projekt_sdup/projekt_sdup.gen/sources_1/bd/audio_AXI_DMA/synth/audio_AXI_DMA.vhd:1612]
INFO: [Synth 8-638] synthesizing module 'audio_AXI_DMA_auto_pc_0' [C:/Users/Engineering/projekt_sdup/projekt_sdup.runs/synth_1/.Xil/Vivado-18976-DESKTOP-SR46PLT/realtime/audio_AXI_DMA_auto_pc_0_stub.vhdl:70]
INFO: [Synth 8-256] done synthesizing module 's00_couplers_imp_K9D20H' (0#1) [c:/Users/Engineering/projekt_sdup/projekt_sdup.gen/sources_1/bd/audio_AXI_DMA/synth/audio_AXI_DMA.vhd:1429]
INFO: [Synth 8-3491] module 'audio_AXI_DMA_xbar_0' declared at 'C:/Users/Engineering/projekt_sdup/projekt_sdup.runs/synth_1/.Xil/Vivado-18976-DESKTOP-SR46PLT/realtime/audio_AXI_DMA_xbar_0_stub.vhdl:5' bound to instance 'xbar' of component 'audio_AXI_DMA_xbar_0' [c:/Users/Engineering/projekt_sdup/projekt_sdup.gen/sources_1/bd/audio_AXI_DMA/synth/audio_AXI_DMA.vhd:3314]
INFO: [Synth 8-638] synthesizing module 'audio_AXI_DMA_xbar_0' [C:/Users/Engineering/projekt_sdup/projekt_sdup.runs/synth_1/.Xil/Vivado-18976-DESKTOP-SR46PLT/realtime/audio_AXI_DMA_xbar_0_stub.vhdl:51]
INFO: [Synth 8-256] done synthesizing module 'audio_AXI_DMA_ps7_0_axi_periph_0' (0#1) [c:/Users/Engineering/projekt_sdup/projekt_sdup.gen/sources_1/bd/audio_AXI_DMA/synth/audio_AXI_DMA.vhd:2810]
INFO: [Synth 8-3491] module 'audio_AXI_DMA_rst_ps7_0_100M_0' declared at 'C:/Users/Engineering/projekt_sdup/projekt_sdup.runs/synth_1/.Xil/Vivado-18976-DESKTOP-SR46PLT/realtime/audio_AXI_DMA_rst_ps7_0_100M_0_stub.vhdl:5' bound to instance 'rst_ps7_0_100M' of component 'audio_AXI_DMA_rst_ps7_0_100M_0' [c:/Users/Engineering/projekt_sdup/projekt_sdup.gen/sources_1/bd/audio_AXI_DMA/synth/audio_AXI_DMA.vhd:4723]
INFO: [Synth 8-638] synthesizing module 'audio_AXI_DMA_rst_ps7_0_100M_0' [C:/Users/Engineering/projekt_sdup/projekt_sdup.runs/synth_1/.Xil/Vivado-18976-DESKTOP-SR46PLT/realtime/audio_AXI_DMA_rst_ps7_0_100M_0_stub.vhdl:21]
INFO: [Synth 8-256] done synthesizing module 'audio_AXI_DMA' (0#1) [c:/Users/Engineering/projekt_sdup/projekt_sdup.gen/sources_1/bd/audio_AXI_DMA/synth/audio_AXI_DMA.vhd:3436]
INFO: [Synth 8-256] done synthesizing module 'audio_AXI_DMA_wrapper' (0#1) [C:/Users/Engineering/projekt_sdup/projekt_sdup.gen/sources_1/bd/audio_AXI_DMA/hdl/audio_AXI_DMA_wrapper.vhd:49]
WARNING: [Synth 8-7129] Port M_ACLK in module s00_couplers_imp_K9D20H is either unconnected or has no load
WARNING: [Synth 8-7129] Port M_ARESETN in module s00_couplers_imp_K9D20H is either unconnected or has no load
WARNING: [Synth 8-7129] Port M_ACLK in module m02_couplers_imp_1FZ8LWN is either unconnected or has no load
WARNING: [Synth 8-7129] Port M_ARESETN in module m02_couplers_imp_1FZ8LWN is either unconnected or has no load
WARNING: [Synth 8-7129] Port S_ACLK in module m02_couplers_imp_1FZ8LWN is either unconnected or has no load
WARNING: [Synth 8-7129] Port S_ARESETN in module m02_couplers_imp_1FZ8LWN is either unconnected or has no load
WARNING: [Synth 8-7129] Port M_ACLK in module m01_couplers_imp_1L2LC62 is either unconnected or has no load
WARNING: [Synth 8-7129] Port M_ARESETN in module m01_couplers_imp_1L2LC62 is either unconnected or has no load
WARNING: [Synth 8-7129] Port S_ACLK in module m01_couplers_imp_1L2LC62 is either unconnected or has no load
WARNING: [Synth 8-7129] Port S_ARESETN in module m01_couplers_imp_1L2LC62 is either unconnected or has no load
WARNING: [Synth 8-7129] Port S_AXI_araddr[31] in module m00_couplers_imp_O2N572 is either unconnected or has no load
WARNING: [Synth 8-7129] Port S_AXI_araddr[30] in module m00_couplers_imp_O2N572 is either unconnected or has no load
WARNING: [Synth 8-7129] Port S_AXI_araddr[29] in module m00_couplers_imp_O2N572 is either unconnected or has no load
WARNING: [Synth 8-7129] Port S_AXI_araddr[28] in module m00_couplers_imp_O2N572 is either unconnected or has no load
WARNING: [Synth 8-7129] Port S_AXI_araddr[27] in module m00_couplers_imp_O2N572 is either unconnected or has no load
WARNING: [Synth 8-7129] Port S_AXI_araddr[26] in module m00_couplers_imp_O2N572 is either unconnected or has no load
WARNING: [Synth 8-7129] Port S_AXI_araddr[25] in module m00_couplers_imp_O2N572 is either unconnected or has no load
WARNING: [Synth 8-7129] Port S_AXI_araddr[24] in module m00_couplers_imp_O2N572 is either unconnected or has no load
WARNING: [Synth 8-7129] Port S_AXI_araddr[23] in module m00_couplers_imp_O2N572 is either unconnected or has no load
WARNING: [Synth 8-7129] Port S_AXI_araddr[22] in module m00_couplers_imp_O2N572 is either unconnected or has no load
WARNING: [Synth 8-7129] Port S_AXI_araddr[21] in module m00_couplers_imp_O2N572 is either unconnected or has no load
WARNING: [Synth 8-7129] Port S_AXI_araddr[20] in module m00_couplers_imp_O2N572 is either unconnected or has no load
WARNING: [Synth 8-7129] Port S_AXI_araddr[19] in module m00_couplers_imp_O2N572 is either unconnected or has no load
WARNING: [Synth 8-7129] Port S_AXI_araddr[18] in module m00_couplers_imp_O2N572 is either unconnected or has no load
WARNING: [Synth 8-7129] Port S_AXI_araddr[17] in module m00_couplers_imp_O2N572 is either unconnected or has no load
WARNING: [Synth 8-7129] Port S_AXI_araddr[16] in module m00_couplers_imp_O2N572 is either unconnected or has no load
WARNING: [Synth 8-7129] Port S_AXI_araddr[15] in module m00_couplers_imp_O2N572 is either unconnected or has no load
WARNING: [Synth 8-7129] Port S_AXI_araddr[14] in module m00_couplers_imp_O2N572 is either unconnected or has no load
WARNING: [Synth 8-7129] Port S_AXI_araddr[13] in module m00_couplers_imp_O2N572 is either unconnected or has no load
WARNING: [Synth 8-7129] Port S_AXI_araddr[12] in module m00_couplers_imp_O2N572 is either unconnected or has no load
WARNING: [Synth 8-7129] Port S_AXI_araddr[11] in module m00_couplers_imp_O2N572 is either unconnected or has no load
WARNING: [Synth 8-7129] Port S_AXI_araddr[10] in module m00_couplers_imp_O2N572 is either unconnected or has no load
WARNING: [Synth 8-7129] Port S_AXI_araddr[9] in module m00_couplers_imp_O2N572 is either unconnected or has no load
WARNING: [Synth 8-7129] Port S_AXI_araddr[8] in module m00_couplers_imp_O2N572 is either unconnected or has no load
WARNING: [Synth 8-7129] Port S_AXI_awaddr[31] in module m00_couplers_imp_O2N572 is either unconnected or has no load
WARNING: [Synth 8-7129] Port S_AXI_awaddr[30] in module m00_couplers_imp_O2N572 is either unconnected or has no load
WARNING: [Synth 8-7129] Port S_AXI_awaddr[29] in module m00_couplers_imp_O2N572 is either unconnected or has no load
WARNING: [Synth 8-7129] Port S_AXI_awaddr[28] in module m00_couplers_imp_O2N572 is either unconnected or has no load
WARNING: [Synth 8-7129] Port S_AXI_awaddr[27] in module m00_couplers_imp_O2N572 is either unconnected or has no load
WARNING: [Synth 8-7129] Port S_AXI_awaddr[26] in module m00_couplers_imp_O2N572 is either unconnected or has no load
WARNING: [Synth 8-7129] Port S_AXI_awaddr[25] in module m00_couplers_imp_O2N572 is either unconnected or has no load
WARNING: [Synth 8-7129] Port S_AXI_awaddr[24] in module m00_couplers_imp_O2N572 is either unconnected or has no load
WARNING: [Synth 8-7129] Port S_AXI_awaddr[23] in module m00_couplers_imp_O2N572 is either unconnected or has no load
WARNING: [Synth 8-7129] Port S_AXI_awaddr[22] in module m00_couplers_imp_O2N572 is either unconnected or has no load
WARNING: [Synth 8-7129] Port S_AXI_awaddr[21] in module m00_couplers_imp_O2N572 is either unconnected or has no load
WARNING: [Synth 8-7129] Port S_AXI_awaddr[20] in module m00_couplers_imp_O2N572 is either unconnected or has no load
WARNING: [Synth 8-7129] Port S_AXI_awaddr[19] in module m00_couplers_imp_O2N572 is either unconnected or has no load
WARNING: [Synth 8-7129] Port S_AXI_awaddr[18] in module m00_couplers_imp_O2N572 is either unconnected or has no load
WARNING: [Synth 8-7129] Port S_AXI_awaddr[17] in module m00_couplers_imp_O2N572 is either unconnected or has no load
WARNING: [Synth 8-7129] Port S_AXI_awaddr[16] in module m00_couplers_imp_O2N572 is either unconnected or has no load
WARNING: [Synth 8-7129] Port S_AXI_awaddr[15] in module m00_couplers_imp_O2N572 is either unconnected or has no load
WARNING: [Synth 8-7129] Port S_AXI_awaddr[14] in module m00_couplers_imp_O2N572 is either unconnected or has no load
WARNING: [Synth 8-7129] Port S_AXI_awaddr[13] in module m00_couplers_imp_O2N572 is either unconnected or has no load
WARNING: [Synth 8-7129] Port S_AXI_awaddr[12] in module m00_couplers_imp_O2N572 is either unconnected or has no load
WARNING: [Synth 8-7129] Port S_AXI_awaddr[11] in module m00_couplers_imp_O2N572 is either unconnected or has no load
WARNING: [Synth 8-7129] Port S_AXI_awaddr[10] in module m00_couplers_imp_O2N572 is either unconnected or has no load
WARNING: [Synth 8-7129] Port S_AXI_awaddr[9] in module m00_couplers_imp_O2N572 is either unconnected or has no load
WARNING: [Synth 8-7129] Port S_AXI_awaddr[8] in module m00_couplers_imp_O2N572 is either unconnected or has no load
WARNING: [Synth 8-7129] Port M_ACLK in module s01_couplers_imp_GHWI0A is either unconnected or has no load
WARNING: [Synth 8-7129] Port M_ARESETN in module s01_couplers_imp_GHWI0A is either unconnected or has no load
WARNING: [Synth 8-7129] Port S_ACLK in module s01_couplers_imp_GHWI0A is either unconnected or has no load
WARNING: [Synth 8-7129] Port S_ARESETN in module s01_couplers_imp_GHWI0A is either unconnected or has no load
WARNING: [Synth 8-7129] Port M_ACLK in module s00_couplers_imp_18EGV0E is either unconnected or has no load
WARNING: [Synth 8-7129] Port M_ARESETN in module s00_couplers_imp_18EGV0E is either unconnected or has no load
WARNING: [Synth 8-7129] Port S_ACLK in module s00_couplers_imp_18EGV0E is either unconnected or has no load
WARNING: [Synth 8-7129] Port S_ARESETN in module s00_couplers_imp_18EGV0E is either unconnected or has no load
WARNING: [Synth 8-7129] Port M_ACLK in module m01_couplers_imp_A6KJ85 is either unconnected or has no load
WARNING: [Synth 8-7129] Port M_ARESETN in module m01_couplers_imp_A6KJ85 is either unconnected or has no load
WARNING: [Synth 8-7129] Port M_AXI_bid[5] in module m01_couplers_imp_A6KJ85 is either unconnected or has no load
WARNING: [Synth 8-7129] Port M_AXI_bid[4] in module m01_couplers_imp_A6KJ85 is either unconnected or has no load
WARNING: [Synth 8-7129] Port M_AXI_bid[3] in module m01_couplers_imp_A6KJ85 is either unconnected or has no load
WARNING: [Synth 8-7129] Port M_AXI_bid[2] in module m01_couplers_imp_A6KJ85 is either unconnected or has no load
WARNING: [Synth 8-7129] Port M_AXI_bid[1] in module m01_couplers_imp_A6KJ85 is either unconnected or has no load
WARNING: [Synth 8-7129] Port M_AXI_rid[5] in module m01_couplers_imp_A6KJ85 is either unconnected or has no load
WARNING: [Synth 8-7129] Port M_AXI_rid[4] in module m01_couplers_imp_A6KJ85 is either unconnected or has no load
WARNING: [Synth 8-7129] Port M_AXI_rid[3] in module m01_couplers_imp_A6KJ85 is either unconnected or has no load
WARNING: [Synth 8-7129] Port M_AXI_rid[2] in module m01_couplers_imp_A6KJ85 is either unconnected or has no load
WARNING: [Synth 8-7129] Port M_AXI_rid[1] in module m01_couplers_imp_A6KJ85 is either unconnected or has no load
WARNING: [Synth 8-7129] Port M_ACLK in module m00_couplers_imp_1H7DRB5 is either unconnected or has no load
WARNING: [Synth 8-7129] Port M_ARESETN in module m00_couplers_imp_1H7DRB5 is either unconnected or has no load
WARNING: [Synth 8-7129] Port M_AXI_bid[5] in module m00_couplers_imp_1H7DRB5 is either unconnected or has no load
WARNING: [Synth 8-7129] Port M_AXI_bid[4] in module m00_couplers_imp_1H7DRB5 is either unconnected or has no load
WARNING: [Synth 8-7129] Port M_AXI_bid[3] in module m00_couplers_imp_1H7DRB5 is either unconnected or has no load
WARNING: [Synth 8-7129] Port M_AXI_bid[2] in module m00_couplers_imp_1H7DRB5 is either unconnected or has no load
WARNING: [Synth 8-7129] Port M_AXI_bid[1] in module m00_couplers_imp_1H7DRB5 is either unconnected or has no load
WARNING: [Synth 8-7129] Port M_AXI_rid[5] in module m00_couplers_imp_1H7DRB5 is either unconnected or has no load
WARNING: [Synth 8-7129] Port M_AXI_rid[4] in module m00_couplers_imp_1H7DRB5 is either unconnected or has no load
WARNING: [Synth 8-7129] Port M_AXI_rid[3] in module m00_couplers_imp_1H7DRB5 is either unconnected or has no load
WARNING: [Synth 8-7129] Port M_AXI_rid[2] in module m00_couplers_imp_1H7DRB5 is either unconnected or has no load
WARNING: [Synth 8-7129] Port M_AXI_rid[1] in module m00_couplers_imp_1H7DRB5 is either unconnected or has no load
WARNING: [Synth 8-7129] Port M00_ACLK in module audio_AXI_DMA_axi_interconnect_0_0 is either unconnected or has no load
WARNING: [Synth 8-7129] Port M00_ARESETN in module audio_AXI_DMA_axi_interconnect_0_0 is either unconnected or has no load
WARNING: [Synth 8-7129] Port M01_ACLK in module audio_AXI_DMA_axi_interconnect_0_0 is either unconnected or has no load
WARNING: [Synth 8-7129] Port M01_ARESETN in module audio_AXI_DMA_axi_interconnect_0_0 is either unconnected or has no load
WARNING: [Synth 8-7129] Port S00_ACLK in module audio_AXI_DMA_axi_interconnect_0_0 is either unconnected or has no load
WARNING: [Synth 8-7129] Port S00_ARESETN in module audio_AXI_DMA_axi_interconnect_0_0 is either unconnected or has no load
WARNING: [Synth 8-7129] Port S01_ACLK in module audio_AXI_DMA_axi_interconnect_0_0 is either unconnected or has no load
WARNING: [Synth 8-7129] Port S01_ARESETN in module audio_AXI_DMA_axi_interconnect_0_0 is either unconnected or has no load
---------------------------------------------------------------------------------
Finished RTL Elaboration : Time (s): cpu = 00:00:09 ; elapsed = 00:00:09 . Memory (MB): peak = 1386.648 ; gain = 519.527
---------------------------------------------------------------------------------
---------------------------------------------------------------------------------
Start Handling Custom Attributes
---------------------------------------------------------------------------------
---------------------------------------------------------------------------------
Finished Handling Custom Attributes : Time (s): cpu = 00:00:09 ; elapsed = 00:00:09 . Memory (MB): peak = 1386.648 ; gain = 519.527
---------------------------------------------------------------------------------
---------------------------------------------------------------------------------
Finished RTL Optimization Phase 1 : Time (s): cpu = 00:00:09 ; elapsed = 00:00:09 . Memory (MB): peak = 1386.648 ; gain = 519.527
---------------------------------------------------------------------------------
Netlist sorting complete. Time (s): cpu = 00:00:00 ; elapsed = 00:00:00.076 . Memory (MB): peak = 1386.648 ; gain = 0.000
INFO: [Project 1-570] Preparing netlist for logic optimization

Processing XDC Constraints
Initializing timing engine
Parsing XDC File [c:/Users/Engineering/projekt_sdup/projekt_sdup.gen/sources_1/bd/audio_AXI_DMA/ip/audio_AXI_DMA_audio_axis_tx_0_0/audio_AXI_DMA_audio_axis_tx_0_0/audio_AXI_DMA_audio_axis_tx_0_0_in_context.xdc] for cell 'audio_AXI_DMA_i/audio_axis_tx_0'
Finished Parsing XDC File [c:/Users/Engineering/projekt_sdup/projekt_sdup.gen/sources_1/bd/audio_AXI_DMA/ip/audio_AXI_DMA_audio_axis_tx_0_0/audio_AXI_DMA_audio_axis_tx_0_0/audio_AXI_DMA_audio_axis_tx_0_0_in_context.xdc] for cell 'audio_AXI_DMA_i/audio_axis_tx_0'
Parsing XDC File [c:/Users/Engineering/projekt_sdup/projekt_sdup.gen/sources_1/bd/audio_AXI_DMA/ip/audio_AXI_DMA_audio_axis_tx_1_0/audio_AXI_DMA_audio_axis_tx_1_0/audio_AXI_DMA_audio_axis_tx_1_0_in_context.xdc] for cell 'audio_AXI_DMA_i/audio_axis_tx_1'
Finished Parsing XDC File [c:/Users/Engineering/projekt_sdup/projekt_sdup.gen/sources_1/bd/audio_AXI_DMA/ip/audio_AXI_DMA_audio_axis_tx_1_0/audio_AXI_DMA_audio_axis_tx_1_0/audio_AXI_DMA_audio_axis_tx_1_0_in_context.xdc] for cell 'audio_AXI_DMA_i/audio_axis_tx_1'
Parsing XDC File [c:/Users/Engineering/projekt_sdup/projekt_sdup.gen/sources_1/bd/audio_AXI_DMA/ip/audio_AXI_DMA_clk_wiz_0_0/audio_AXI_DMA_clk_wiz_0_0/audio_AXI_DMA_clk_wiz_0_0_in_context.xdc] for cell 'audio_AXI_DMA_i/clk_wiz_0'
Finished Parsing XDC File [c:/Users/Engineering/projekt_sdup/projekt_sdup.gen/sources_1/bd/audio_AXI_DMA/ip/audio_AXI_DMA_clk_wiz_0_0/audio_AXI_DMA_clk_wiz_0_0/audio_AXI_DMA_clk_wiz_0_0_in_context.xdc] for cell 'audio_AXI_DMA_i/clk_wiz_0'
Parsing XDC File [c:/Users/Engineering/projekt_sdup/projekt_sdup.gen/sources_1/bd/audio_AXI_DMA/ip/audio_AXI_DMA_processing_system7_0_0/audio_AXI_DMA_processing_system7_0_0/audio_AXI_DMA_processing_system7_0_0_in_context.xdc] for cell 'audio_AXI_DMA_i/processing_system7_0'
Finished Parsing XDC File [c:/Users/Engineering/projekt_sdup/projekt_sdup.gen/sources_1/bd/audio_AXI_DMA/ip/audio_AXI_DMA_processing_system7_0_0/audio_AXI_DMA_processing_system7_0_0/audio_AXI_DMA_processing_system7_0_0_in_context.xdc] for cell 'audio_AXI_DMA_i/processing_system7_0'
Parsing XDC File [c:/Users/Engineering/projekt_sdup/projekt_sdup.gen/sources_1/bd/audio_AXI_DMA/ip/audio_AXI_DMA_xbar_0/audio_AXI_DMA_xbar_0/audio_AXI_DMA_xbar_0_in_context.xdc] for cell 'audio_AXI_DMA_i/ps7_0_axi_periph/xbar'
Finished Parsing XDC File [c:/Users/Engineering/projekt_sdup/projekt_sdup.gen/sources_1/bd/audio_AXI_DMA/ip/audio_AXI_DMA_xbar_0/audio_AXI_DMA_xbar_0/audio_AXI_DMA_xbar_0_in_context.xdc] for cell 'audio_AXI_DMA_i/ps7_0_axi_periph/xbar'
Parsing XDC File [c:/Users/Engineering/projekt_sdup/projekt_sdup.gen/sources_1/bd/audio_AXI_DMA/ip/audio_AXI_DMA_auto_pc_0/audio_AXI_DMA_auto_pc_0/audio_AXI_DMA_auto_pc_0_in_context.xdc] for cell 'audio_AXI_DMA_i/ps7_0_axi_periph/s00_couplers/auto_pc'
Finished Parsing XDC File [c:/Users/Engineering/projekt_sdup/projekt_sdup.gen/sources_1/bd/audio_AXI_DMA/ip/audio_AXI_DMA_auto_pc_0/audio_AXI_DMA_auto_pc_0/audio_AXI_DMA_auto_pc_0_in_context.xdc] for cell 'audio_AXI_DMA_i/ps7_0_axi_periph/s00_couplers/auto_pc'
Parsing XDC File [c:/Users/Engineering/projekt_sdup/projekt_sdup.gen/sources_1/bd/audio_AXI_DMA/ip/audio_AXI_DMA_auto_cc_0/audio_AXI_DMA_auto_cc_0/audio_AXI_DMA_auto_cc_0_in_context.xdc] for cell 'audio_AXI_DMA_i/ps7_0_axi_periph/m00_couplers/auto_cc'
Finished Parsing XDC File [c:/Users/Engineering/projekt_sdup/projekt_sdup.gen/sources_1/bd/audio_AXI_DMA/ip/audio_AXI_DMA_auto_cc_0/audio_AXI_DMA_auto_cc_0/audio_AXI_DMA_auto_cc_0_in_context.xdc] for cell 'audio_AXI_DMA_i/ps7_0_axi_periph/m00_couplers/auto_cc'
Parsing XDC File [c:/Users/Engineering/projekt_sdup/projekt_sdup.gen/sources_1/bd/audio_AXI_DMA/ip/audio_AXI_DMA_rst_ps7_0_100M_0/audio_AXI_DMA_rst_ps7_0_100M_0/design_AXI_rst_ps7_0_100M_0_in_context.xdc] for cell 'audio_AXI_DMA_i/rst_ps7_0_100M'
Finished Parsing XDC File [c:/Users/Engineering/projekt_sdup/projekt_sdup.gen/sources_1/bd/audio_AXI_DMA/ip/audio_AXI_DMA_rst_ps7_0_100M_0/audio_AXI_DMA_rst_ps7_0_100M_0/design_AXI_rst_ps7_0_100M_0_in_context.xdc] for cell 'audio_AXI_DMA_i/rst_ps7_0_100M'
Parsing XDC File [c:/Users/Engineering/projekt_sdup/projekt_sdup.gen/sources_1/bd/audio_AXI_DMA/ip/audio_AXI_DMA_proc_sys_reset_0_0/audio_AXI_DMA_proc_sys_reset_0_0/audio_AXI_DMA_proc_sys_reset_0_0_in_context.xdc] for cell 'audio_AXI_DMA_i/proc_sys_reset_0'
Finished Parsing XDC File [c:/Users/Engineering/projekt_sdup/projekt_sdup.gen/sources_1/bd/audio_AXI_DMA/ip/audio_AXI_DMA_proc_sys_reset_0_0/audio_AXI_DMA_proc_sys_reset_0_0/audio_AXI_DMA_proc_sys_reset_0_0_in_context.xdc] for cell 'audio_AXI_DMA_i/proc_sys_reset_0'
Parsing XDC File [c:/Users/Engineering/projekt_sdup/projekt_sdup.gen/sources_1/bd/audio_AXI_DMA/ip/audio_AXI_DMA_axi_dma_0_0/audio_AXI_DMA_axi_dma_0_0/audio_AXI_DMA_axi_dma_0_2_in_context.xdc] for cell 'audio_AXI_DMA_i/axi_dma_0'
Finished Parsing XDC File [c:/Users/Engineering/projekt_sdup/projekt_sdup.gen/sources_1/bd/audio_AXI_DMA/ip/audio_AXI_DMA_axi_dma_0_0/audio_AXI_DMA_axi_dma_0_0/audio_AXI_DMA_axi_dma_0_2_in_context.xdc] for cell 'audio_AXI_DMA_i/axi_dma_0'
Parsing XDC File [c:/Users/Engineering/projekt_sdup/projekt_sdup.gen/sources_1/bd/audio_AXI_DMA/ip/audio_AXI_DMA_axis_data_fifo_0_0/audio_AXI_DMA_axis_data_fifo_0_0/audio_AXI_DMA_axis_data_fifo_0_2_in_context.xdc] for cell 'audio_AXI_DMA_i/axis_data_fifo_0'
Finished Parsing XDC File [c:/Users/Engineering/projekt_sdup/projekt_sdup.gen/sources_1/bd/audio_AXI_DMA/ip/audio_AXI_DMA_axis_data_fifo_0_0/audio_AXI_DMA_axis_data_fifo_0_0/audio_AXI_DMA_axis_data_fifo_0_2_in_context.xdc] for cell 'audio_AXI_DMA_i/axis_data_fifo_0'
Parsing XDC File [c:/Users/Engineering/projekt_sdup/projekt_sdup.gen/sources_1/bd/audio_AXI_DMA/ip/audio_AXI_DMA_axis_data_fifo_0_2/audio_AXI_DMA_axis_data_fifo_0_2/audio_AXI_DMA_axis_data_fifo_0_2_in_context.xdc] for cell 'audio_AXI_DMA_i/axis_data_fifo_1'
Finished Parsing XDC File [c:/Users/Engineering/projekt_sdup/projekt_sdup.gen/sources_1/bd/audio_AXI_DMA/ip/audio_AXI_DMA_axis_data_fifo_0_2/audio_AXI_DMA_axis_data_fifo_0_2/audio_AXI_DMA_axis_data_fifo_0_2_in_context.xdc] for cell 'audio_AXI_DMA_i/axis_data_fifo_1'
Parsing XDC File [c:/Users/Engineering/projekt_sdup/projekt_sdup.gen/sources_1/bd/audio_AXI_DMA/ip/audio_AXI_DMA_axi_dma_0_2/audio_AXI_DMA_axi_dma_0_2/audio_AXI_DMA_axi_dma_0_2_in_context.xdc] for cell 'audio_AXI_DMA_i/axi_dma_1'
Finished Parsing XDC File [c:/Users/Engineering/projekt_sdup/projekt_sdup.gen/sources_1/bd/audio_AXI_DMA/ip/audio_AXI_DMA_axi_dma_0_2/audio_AXI_DMA_axi_dma_0_2/audio_AXI_DMA_axi_dma_0_2_in_context.xdc] for cell 'audio_AXI_DMA_i/axi_dma_1'
Parsing XDC File [c:/Users/Engineering/projekt_sdup/projekt_sdup.gen/sources_1/bd/audio_AXI_DMA/ip/audio_AXI_DMA_xbar_1/audio_AXI_DMA_xbar_1/audio_AXI_DMA_xbar_1_in_context.xdc] for cell 'audio_AXI_DMA_i/axi_interconnect_0/xbar'
Finished Parsing XDC File [c:/Users/Engineering/projekt_sdup/projekt_sdup.gen/sources_1/bd/audio_AXI_DMA/ip/audio_AXI_DMA_xbar_1/audio_AXI_DMA_xbar_1/audio_AXI_DMA_xbar_1_in_context.xdc] for cell 'audio_AXI_DMA_i/axi_interconnect_0/xbar'
Parsing XDC File [c:/Users/Engineering/projekt_sdup/projekt_sdup.gen/sources_1/bd/audio_AXI_DMA/ip/audio_AXI_DMA_auto_pc_1/audio_AXI_DMA_auto_pc_1/audio_AXI_DMA_auto_pc_1_in_context.xdc] for cell 'audio_AXI_DMA_i/axi_interconnect_0/m00_couplers/auto_pc'
Finished Parsing XDC File [c:/Users/Engineering/projekt_sdup/projekt_sdup.gen/sources_1/bd/audio_AXI_DMA/ip/audio_AXI_DMA_auto_pc_1/audio_AXI_DMA_auto_pc_1/audio_AXI_DMA_auto_pc_1_in_context.xdc] for cell 'audio_AXI_DMA_i/axi_interconnect_0/m00_couplers/auto_pc'
Parsing XDC File [c:/Users/Engineering/projekt_sdup/projekt_sdup.gen/sources_1/bd/audio_AXI_DMA/ip/audio_AXI_DMA_auto_pc_2/audio_AXI_DMA_auto_pc_2/audio_AXI_DMA_auto_pc_1_in_context.xdc] for cell 'audio_AXI_DMA_i/axi_interconnect_0/m01_couplers/auto_pc'
Finished Parsing XDC File [c:/Users/Engineering/projekt_sdup/projekt_sdup.gen/sources_1/bd/audio_AXI_DMA/ip/audio_AXI_DMA_auto_pc_2/audio_AXI_DMA_auto_pc_2/audio_AXI_DMA_auto_pc_1_in_context.xdc] for cell 'audio_AXI_DMA_i/axi_interconnect_0/m01_couplers/auto_pc'
Parsing XDC File [c:/Users/Engineering/projekt_sdup/projekt_sdup.gen/sources_1/bd/audio_AXI_DMA/ip/audio_AXI_DMA_AudioSystem_AXI_wrap_0_0/audio_AXI_DMA_AudioSystem_AXI_wrap_0_0/audio_AXI_DMA_AudioSystem_AXI_wrap_0_0_in_context.xdc] for cell 'audio_AXI_DMA_i/AudioSystem_AXI_wrap_0'
Finished Parsing XDC File [c:/Users/Engineering/projekt_sdup/projekt_sdup.gen/sources_1/bd/audio_AXI_DMA/ip/audio_AXI_DMA_AudioSystem_AXI_wrap_0_0/audio_AXI_DMA_AudioSystem_AXI_wrap_0_0/audio_AXI_DMA_AudioSystem_AXI_wrap_0_0_in_context.xdc] for cell 'audio_AXI_DMA_i/AudioSystem_AXI_wrap_0'
Parsing XDC File [C:/Users/Engineering/projekt_sdup/projekt_sdup.srcs/constrs_1/new/pins.xdc]
Finished Parsing XDC File [C:/Users/Engineering/projekt_sdup/projekt_sdup.srcs/constrs_1/new/pins.xdc]
INFO: [Project 1-236] Implementation specific constraints were found while reading constraint file [C:/Users/Engineering/projekt_sdup/projekt_sdup.srcs/constrs_1/new/pins.xdc]. These constraints will be ignored for synthesis but will be used in implementation. Impacted constraints are listed in the file [.Xil/audio_AXI_DMA_wrapper_propImpl.xdc].
Resolution: To avoid this warning, move constraints listed in [.Xil/audio_AXI_DMA_wrapper_propImpl.xdc] to another XDC file and exclude this new file from synthesis with the used_in_synthesis property (File Properties dialog in GUI) and re-run elaboration/synthesis.
Parsing XDC File [C:/Users/Engineering/projekt_sdup/projekt_sdup.runs/synth_1/dont_touch.xdc]
Finished Parsing XDC File [C:/Users/Engineering/projekt_sdup/projekt_sdup.runs/synth_1/dont_touch.xdc]
Completed Processing XDC Constraints

Netlist sorting complete. Time (s): cpu = 00:00:00 ; elapsed = 00:00:00 . Memory (MB): peak = 1412.215 ; gain = 0.000
INFO: [Project 1-111] Unisim Transformation Summary:
No Unisim elements were transformed.

Constraint Validation Runtime : Time (s): cpu = 00:00:00 ; elapsed = 00:00:00.008 . Memory (MB): peak = 1412.215 ; gain = 0.000
INFO: [Designutils 20-5440] No compile time benefit to using incremental synthesis; A full resynthesis will be run
INFO: [Designutils 20-4379] Flow is switching to default flow due to incremental criteria not met. If you would like to alter this behaviour and have the flow terminate instead, please set the following parameter config_implementation {autoIncr.Synth.RejectBehavior Terminate}
INFO: [Synth 8-11241] undeclared symbol 'REGCCE', assumed default net type 'wire' [C:/Xilinx/Vivado/2022.2/data/verilog/src/unimacro/BRAM_SINGLE_MACRO.v:2170]
---------------------------------------------------------------------------------
Finished Constraint Validation : Time (s): cpu = 00:00:18 ; elapsed = 00:00:18 . Memory (MB): peak = 1412.215 ; gain = 545.094
---------------------------------------------------------------------------------
---------------------------------------------------------------------------------
Start Loading Part and Timing Information
---------------------------------------------------------------------------------
Loading part: xc7z010clg400-1
---------------------------------------------------------------------------------
Finished Loading Part and Timing Information : Time (s): cpu = 00:00:18 ; elapsed = 00:00:18 . Memory (MB): peak = 1412.215 ; gain = 545.094
---------------------------------------------------------------------------------
---------------------------------------------------------------------------------
Start Applying 'set_property' XDC Constraints
---------------------------------------------------------------------------------
Applied set_property IO_BUFFER_TYPE = NONE for sys_clock. (constraint file  c:/Users/Engineering/projekt_sdup/projekt_sdup.gen/sources_1/bd/audio_AXI_DMA/ip/audio_AXI_DMA_clk_wiz_0_0/audio_AXI_DMA_clk_wiz_0_0/audio_AXI_DMA_clk_wiz_0_0_in_context.xdc, line 3).
Applied set_property CLOCK_BUFFER_TYPE = NONE for sys_clock. (constraint file  c:/Users/Engineering/projekt_sdup/projekt_sdup.gen/sources_1/bd/audio_AXI_DMA/ip/audio_AXI_DMA_clk_wiz_0_0/audio_AXI_DMA_clk_wiz_0_0/audio_AXI_DMA_clk_wiz_0_0_in_context.xdc, line 4).
Applied set_property IO_BUFFER_TYPE = NONE for DDR_addr[0]. (constraint file  c:/Users/Engineering/projekt_sdup/projekt_sdup.gen/sources_1/bd/audio_AXI_DMA/ip/audio_AXI_DMA_processing_system7_0_0/audio_AXI_DMA_processing_system7_0_0/audio_AXI_DMA_processing_system7_0_0_in_context.xdc, line 2).
Applied set_property CLOCK_BUFFER_TYPE = NONE for DDR_addr[0]. (constraint file  c:/Users/Engineering/projekt_sdup/projekt_sdup.gen/sources_1/bd/audio_AXI_DMA/ip/audio_AXI_DMA_processing_system7_0_0/audio_AXI_DMA_processing_system7_0_0/audio_AXI_DMA_processing_system7_0_0_in_context.xdc, line 3).
Applied set_property IO_BUFFER_TYPE = NONE for DDR_addr[10]. (constraint file  c:/Users/Engineering/projekt_sdup/projekt_sdup.gen/sources_1/bd/audio_AXI_DMA/ip/audio_AXI_DMA_processing_system7_0_0/audio_AXI_DMA_processing_system7_0_0/audio_AXI_DMA_processing_system7_0_0_in_context.xdc, line 4).
Applied set_property CLOCK_BUFFER_TYPE = NONE for DDR_addr[10]. (constraint file  c:/Users/Engineering/projekt_sdup/projekt_sdup.gen/sources_1/bd/audio_AXI_DMA/ip/audio_AXI_DMA_processing_system7_0_0/audio_AXI_DMA_processing_system7_0_0/audio_AXI_DMA_processing_system7_0_0_in_context.xdc, line 5).
Applied set_property IO_BUFFER_TYPE = NONE for DDR_addr[11]. (constraint file  c:/Users/Engineering/projekt_sdup/projekt_sdup.gen/sources_1/bd/audio_AXI_DMA/ip/audio_AXI_DMA_processing_system7_0_0/audio_AXI_DMA_processing_system7_0_0/audio_AXI_DMA_processing_system7_0_0_in_context.xdc, line 6).
Applied set_property CLOCK_BUFFER_TYPE = NONE for DDR_addr[11]. (constraint file  c:/Users/Engineering/projekt_sdup/projekt_sdup.gen/sources_1/bd/audio_AXI_DMA/ip/audio_AXI_DMA_processing_system7_0_0/audio_AXI_DMA_processing_system7_0_0/audio_AXI_DMA_processing_system7_0_0_in_context.xdc, line 7).
Applied set_property IO_BUFFER_TYPE = NONE for DDR_addr[12]. (constraint file  c:/Users/Engineering/projekt_sdup/projekt_sdup.gen/sources_1/bd/audio_AXI_DMA/ip/audio_AXI_DMA_processing_system7_0_0/audio_AXI_DMA_processing_system7_0_0/audio_AXI_DMA_processing_system7_0_0_in_context.xdc, line 8).
Applied set_property CLOCK_BUFFER_TYPE = NONE for DDR_addr[12]. (constraint file  c:/Users/Engineering/projekt_sdup/projekt_sdup.gen/sources_1/bd/audio_AXI_DMA/ip/audio_AXI_DMA_processing_system7_0_0/audio_AXI_DMA_processing_system7_0_0/audio_AXI_DMA_processing_system7_0_0_in_context.xdc, line 9).
Applied set_property IO_BUFFER_TYPE = NONE for DDR_addr[13]. (constraint file  c:/Users/Engineering/projekt_sdup/projekt_sdup.gen/sources_1/bd/audio_AXI_DMA/ip/audio_AXI_DMA_processing_system7_0_0/audio_AXI_DMA_processing_system7_0_0/audio_AXI_DMA_processing_system7_0_0_in_context.xdc, line 10).
Applied set_property CLOCK_BUFFER_TYPE = NONE for DDR_addr[13]. (constraint file  c:/Users/Engineering/projekt_sdup/projekt_sdup.gen/sources_1/bd/audio_AXI_DMA/ip/audio_AXI_DMA_processing_system7_0_0/audio_AXI_DMA_processing_system7_0_0/audio_AXI_DMA_processing_system7_0_0_in_context.xdc, line 11).
Applied set_property IO_BUFFER_TYPE = NONE for DDR_addr[14]. (constraint file  c:/Users/Engineering/projekt_sdup/projekt_sdup.gen/sources_1/bd/audio_AXI_DMA/ip/audio_AXI_DMA_processing_system7_0_0/audio_AXI_DMA_processing_system7_0_0/audio_AXI_DMA_processing_system7_0_0_in_context.xdc, line 12).
Applied set_property CLOCK_BUFFER_TYPE = NONE for DDR_addr[14]. (constraint file  c:/Users/Engineering/projekt_sdup/projekt_sdup.gen/sources_1/bd/audio_AXI_DMA/ip/audio_AXI_DMA_processing_system7_0_0/audio_AXI_DMA_processing_system7_0_0/audio_AXI_DMA_processing_system7_0_0_in_context.xdc, line 13).
Applied set_property IO_BUFFER_TYPE = NONE for DDR_addr[1]. (constraint file  c:/Users/Engineering/projekt_sdup/projekt_sdup.gen/sources_1/bd/audio_AXI_DMA/ip/audio_AXI_DMA_processing_system7_0_0/audio_AXI_DMA_processing_system7_0_0/audio_AXI_DMA_processing_system7_0_0_in_context.xdc, line 14).
Applied set_property CLOCK_BUFFER_TYPE = NONE for DDR_addr[1]. (constraint file  c:/Users/Engineering/projekt_sdup/projekt_sdup.gen/sources_1/bd/audio_AXI_DMA/ip/audio_AXI_DMA_processing_system7_0_0/audio_AXI_DMA_processing_system7_0_0/audio_AXI_DMA_processing_system7_0_0_in_context.xdc, line 15).
Applied set_property IO_BUFFER_TYPE = NONE for DDR_addr[2]. (constraint file  c:/Users/Engineering/projekt_sdup/projekt_sdup.gen/sources_1/bd/audio_AXI_DMA/ip/audio_AXI_DMA_processing_system7_0_0/audio_AXI_DMA_processing_system7_0_0/audio_AXI_DMA_processing_system7_0_0_in_context.xdc, line 16).
Applied set_property CLOCK_BUFFER_TYPE = NONE for DDR_addr[2]. (constraint file  c:/Users/Engineering/projekt_sdup/projekt_sdup.gen/sources_1/bd/audio_AXI_DMA/ip/audio_AXI_DMA_processing_system7_0_0/audio_AXI_DMA_processing_system7_0_0/audio_AXI_DMA_processing_system7_0_0_in_context.xdc, line 17).
Applied set_property IO_BUFFER_TYPE = NONE for DDR_addr[3]. (constraint file  c:/Users/Engineering/projekt_sdup/projekt_sdup.gen/sources_1/bd/audio_AXI_DMA/ip/audio_AXI_DMA_processing_system7_0_0/audio_AXI_DMA_processing_system7_0_0/audio_AXI_DMA_processing_system7_0_0_in_context.xdc, line 18).
Applied set_property CLOCK_BUFFER_TYPE = NONE for DDR_addr[3]. (constraint file  c:/Users/Engineering/projekt_sdup/projekt_sdup.gen/sources_1/bd/audio_AXI_DMA/ip/audio_AXI_DMA_processing_system7_0_0/audio_AXI_DMA_processing_system7_0_0/audio_AXI_DMA_processing_system7_0_0_in_context.xdc, line 19).
Applied set_property IO_BUFFER_TYPE = NONE for DDR_addr[4]. (constraint file  c:/Users/Engineering/projekt_sdup/projekt_sdup.gen/sources_1/bd/audio_AXI_DMA/ip/audio_AXI_DMA_processing_system7_0_0/audio_AXI_DMA_processing_system7_0_0/audio_AXI_DMA_processing_system7_0_0_in_context.xdc, line 20).
Applied set_property CLOCK_BUFFER_TYPE = NONE for DDR_addr[4]. (constraint file  c:/Users/Engineering/projekt_sdup/projekt_sdup.gen/sources_1/bd/audio_AXI_DMA/ip/audio_AXI_DMA_processing_system7_0_0/audio_AXI_DMA_processing_system7_0_0/audio_AXI_DMA_processing_system7_0_0_in_context.xdc, line 21).
Applied set_property IO_BUFFER_TYPE = NONE for DDR_addr[5]. (constraint file  c:/Users/Engineering/projekt_sdup/projekt_sdup.gen/sources_1/bd/audio_AXI_DMA/ip/audio_AXI_DMA_processing_system7_0_0/audio_AXI_DMA_processing_system7_0_0/audio_AXI_DMA_processing_system7_0_0_in_context.xdc, line 22).
Applied set_property CLOCK_BUFFER_TYPE = NONE for DDR_addr[5]. (constraint file  c:/Users/Engineering/projekt_sdup/projekt_sdup.gen/sources_1/bd/audio_AXI_DMA/ip/audio_AXI_DMA_processing_system7_0_0/audio_AXI_DMA_processing_system7_0_0/audio_AXI_DMA_processing_system7_0_0_in_context.xdc, line 23).
Applied set_property IO_BUFFER_TYPE = NONE for DDR_addr[6]. (constraint file  c:/Users/Engineering/projekt_sdup/projekt_sdup.gen/sources_1/bd/audio_AXI_DMA/ip/audio_AXI_DMA_processing_system7_0_0/audio_AXI_DMA_processing_system7_0_0/audio_AXI_DMA_processing_system7_0_0_in_context.xdc, line 24).
Applied set_property CLOCK_BUFFER_TYPE = NONE for DDR_addr[6]. (constraint file  c:/Users/Engineering/projekt_sdup/projekt_sdup.gen/sources_1/bd/audio_AXI_DMA/ip/audio_AXI_DMA_processing_system7_0_0/audio_AXI_DMA_processing_system7_0_0/audio_AXI_DMA_processing_system7_0_0_in_context.xdc, line 25).
Applied set_property IO_BUFFER_TYPE = NONE for DDR_addr[7]. (constraint file  c:/Users/Engineering/projekt_sdup/projekt_sdup.gen/sources_1/bd/audio_AXI_DMA/ip/audio_AXI_DMA_processing_system7_0_0/audio_AXI_DMA_processing_system7_0_0/audio_AXI_DMA_processing_system7_0_0_in_context.xdc, line 26).
Applied set_property CLOCK_BUFFER_TYPE = NONE for DDR_addr[7]. (constraint file  c:/Users/Engineering/projekt_sdup/projekt_sdup.gen/sources_1/bd/audio_AXI_DMA/ip/audio_AXI_DMA_processing_system7_0_0/audio_AXI_DMA_processing_system7_0_0/audio_AXI_DMA_processing_system7_0_0_in_context.xdc, line 27).
Applied set_property IO_BUFFER_TYPE = NONE for DDR_addr[8]. (constraint file  c:/Users/Engineering/projekt_sdup/projekt_sdup.gen/sources_1/bd/audio_AXI_DMA/ip/audio_AXI_DMA_processing_system7_0_0/audio_AXI_DMA_processing_system7_0_0/audio_AXI_DMA_processing_system7_0_0_in_context.xdc, line 28).
Applied set_property CLOCK_BUFFER_TYPE = NONE for DDR_addr[8]. (constraint file  c:/Users/Engineering/projekt_sdup/projekt_sdup.gen/sources_1/bd/audio_AXI_DMA/ip/audio_AXI_DMA_processing_system7_0_0/audio_AXI_DMA_processing_system7_0_0/audio_AXI_DMA_processing_system7_0_0_in_context.xdc, line 29).
Applied set_property IO_BUFFER_TYPE = NONE for DDR_addr[9]. (constraint file  c:/Users/Engineering/projekt_sdup/projekt_sdup.gen/sources_1/bd/audio_AXI_DMA/ip/audio_AXI_DMA_processing_system7_0_0/audio_AXI_DMA_processing_system7_0_0/audio_AXI_DMA_processing_system7_0_0_in_context.xdc, line 30).
Applied set_property CLOCK_BUFFER_TYPE = NONE for DDR_addr[9]. (constraint file  c:/Users/Engineering/projekt_sdup/projekt_sdup.gen/sources_1/bd/audio_AXI_DMA/ip/audio_AXI_DMA_processing_system7_0_0/audio_AXI_DMA_processing_system7_0_0/audio_AXI_DMA_processing_system7_0_0_in_context.xdc, line 31).
Applied set_property IO_BUFFER_TYPE = NONE for DDR_ba[0]. (constraint file  c:/Users/Engineering/projekt_sdup/projekt_sdup.gen/sources_1/bd/audio_AXI_DMA/ip/audio_AXI_DMA_processing_system7_0_0/audio_AXI_DMA_processing_system7_0_0/audio_AXI_DMA_processing_system7_0_0_in_context.xdc, line 32).
Applied set_property CLOCK_BUFFER_TYPE = NONE for DDR_ba[0]. (constraint file  c:/Users/Engineering/projekt_sdup/projekt_sdup.gen/sources_1/bd/audio_AXI_DMA/ip/audio_AXI_DMA_processing_system7_0_0/audio_AXI_DMA_processing_system7_0_0/audio_AXI_DMA_processing_system7_0_0_in_context.xdc, line 33).
Applied set_property IO_BUFFER_TYPE = NONE for DDR_ba[1]. (constraint file  c:/Users/Engineering/projekt_sdup/projekt_sdup.gen/sources_1/bd/audio_AXI_DMA/ip/audio_AXI_DMA_processing_system7_0_0/audio_AXI_DMA_processing_system7_0_0/audio_AXI_DMA_processing_system7_0_0_in_context.xdc, line 34).
Applied set_property CLOCK_BUFFER_TYPE = NONE for DDR_ba[1]. (constraint file  c:/Users/Engineering/projekt_sdup/projekt_sdup.gen/sources_1/bd/audio_AXI_DMA/ip/audio_AXI_DMA_processing_system7_0_0/audio_AXI_DMA_processing_system7_0_0/audio_AXI_DMA_processing_system7_0_0_in_context.xdc, line 35).
Applied set_property IO_BUFFER_TYPE = NONE for DDR_ba[2]. (constraint file  c:/Users/Engineering/projekt_sdup/projekt_sdup.gen/sources_1/bd/audio_AXI_DMA/ip/audio_AXI_DMA_processing_system7_0_0/audio_AXI_DMA_processing_system7_0_0/audio_AXI_DMA_processing_system7_0_0_in_context.xdc, line 36).
Applied set_property CLOCK_BUFFER_TYPE = NONE for DDR_ba[2]. (constraint file  c:/Users/Engineering/projekt_sdup/projekt_sdup.gen/sources_1/bd/audio_AXI_DMA/ip/audio_AXI_DMA_processing_system7_0_0/audio_AXI_DMA_processing_system7_0_0/audio_AXI_DMA_processing_system7_0_0_in_context.xdc, line 37).
Applied set_property IO_BUFFER_TYPE = NONE for DDR_cas_n. (constraint file  c:/Users/Engineering/projekt_sdup/projekt_sdup.gen/sources_1/bd/audio_AXI_DMA/ip/audio_AXI_DMA_processing_system7_0_0/audio_AXI_DMA_processing_system7_0_0/audio_AXI_DMA_processing_system7_0_0_in_context.xdc, line 38).
Applied set_property CLOCK_BUFFER_TYPE = NONE for DDR_cas_n. (constraint file  c:/Users/Engineering/projekt_sdup/projekt_sdup.gen/sources_1/bd/audio_AXI_DMA/ip/audio_AXI_DMA_processing_system7_0_0/audio_AXI_DMA_processing_system7_0_0/audio_AXI_DMA_processing_system7_0_0_in_context.xdc, line 39).
Applied set_property IO_BUFFER_TYPE = NONE for DDR_cke. (constraint file  c:/Users/Engineering/projekt_sdup/projekt_sdup.gen/sources_1/bd/audio_AXI_DMA/ip/audio_AXI_DMA_processing_system7_0_0/audio_AXI_DMA_processing_system7_0_0/audio_AXI_DMA_processing_system7_0_0_in_context.xdc, line 40).
Applied set_property CLOCK_BUFFER_TYPE = NONE for DDR_cke. (constraint file  c:/Users/Engineering/projekt_sdup/projekt_sdup.gen/sources_1/bd/audio_AXI_DMA/ip/audio_AXI_DMA_processing_system7_0_0/audio_AXI_DMA_processing_system7_0_0/audio_AXI_DMA_processing_system7_0_0_in_context.xdc, line 41).
Applied set_property IO_BUFFER_TYPE = NONE for DDR_cs_n. (constraint file  c:/Users/Engineering/projekt_sdup/projekt_sdup.gen/sources_1/bd/audio_AXI_DMA/ip/audio_AXI_DMA_processing_system7_0_0/audio_AXI_DMA_processing_system7_0_0/audio_AXI_DMA_processing_system7_0_0_in_context.xdc, line 42).
Applied set_property CLOCK_BUFFER_TYPE = NONE for DDR_cs_n. (constraint file  c:/Users/Engineering/projekt_sdup/projekt_sdup.gen/sources_1/bd/audio_AXI_DMA/ip/audio_AXI_DMA_processing_system7_0_0/audio_AXI_DMA_processing_system7_0_0/audio_AXI_DMA_processing_system7_0_0_in_context.xdc, line 43).
Applied set_property IO_BUFFER_TYPE = NONE for DDR_ck_p. (constraint file  c:/Users/Engineering/projekt_sdup/projekt_sdup.gen/sources_1/bd/audio_AXI_DMA/ip/audio_AXI_DMA_processing_system7_0_0/audio_AXI_DMA_processing_system7_0_0/audio_AXI_DMA_processing_system7_0_0_in_context.xdc, line 44).
Applied set_property CLOCK_BUFFER_TYPE = NONE for DDR_ck_p. (constraint file  c:/Users/Engineering/projekt_sdup/projekt_sdup.gen/sources_1/bd/audio_AXI_DMA/ip/audio_AXI_DMA_processing_system7_0_0/audio_AXI_DMA_processing_system7_0_0/audio_AXI_DMA_processing_system7_0_0_in_context.xdc, line 45).
Applied set_property IO_BUFFER_TYPE = NONE for DDR_ck_n. (constraint file  c:/Users/Engineering/projekt_sdup/projekt_sdup.gen/sources_1/bd/audio_AXI_DMA/ip/audio_AXI_DMA_processing_system7_0_0/audio_AXI_DMA_processing_system7_0_0/audio_AXI_DMA_processing_system7_0_0_in_context.xdc, line 46).
Applied set_property CLOCK_BUFFER_TYPE = NONE for DDR_ck_n. (constraint file  c:/Users/Engineering/projekt_sdup/projekt_sdup.gen/sources_1/bd/audio_AXI_DMA/ip/audio_AXI_DMA_processing_system7_0_0/audio_AXI_DMA_processing_system7_0_0/audio_AXI_DMA_processing_system7_0_0_in_context.xdc, line 47).
Applied set_property IO_BUFFER_TYPE = NONE for DDR_dm[0]. (constraint file  c:/Users/Engineering/projekt_sdup/projekt_sdup.gen/sources_1/bd/audio_AXI_DMA/ip/audio_AXI_DMA_processing_system7_0_0/audio_AXI_DMA_processing_system7_0_0/audio_AXI_DMA_processing_system7_0_0_in_context.xdc, line 48).
Applied set_property CLOCK_BUFFER_TYPE = NONE for DDR_dm[0]. (constraint file  c:/Users/Engineering/projekt_sdup/projekt_sdup.gen/sources_1/bd/audio_AXI_DMA/ip/audio_AXI_DMA_processing_system7_0_0/audio_AXI_DMA_processing_system7_0_0/audio_AXI_DMA_processing_system7_0_0_in_context.xdc, line 49).
Applied set_property IO_BUFFER_TYPE = NONE for DDR_dm[1]. (constraint file  c:/Users/Engineering/projekt_sdup/projekt_sdup.gen/sources_1/bd/audio_AXI_DMA/ip/audio_AXI_DMA_processing_system7_0_0/audio_AXI_DMA_processing_system7_0_0/audio_AXI_DMA_processing_system7_0_0_in_context.xdc, line 50).
Applied set_property CLOCK_BUFFER_TYPE = NONE for DDR_dm[1]. (constraint file  c:/Users/Engineering/projekt_sdup/projekt_sdup.gen/sources_1/bd/audio_AXI_DMA/ip/audio_AXI_DMA_processing_system7_0_0/audio_AXI_DMA_processing_system7_0_0/audio_AXI_DMA_processing_system7_0_0_in_context.xdc, line 51).
Applied set_property IO_BUFFER_TYPE = NONE for DDR_dm[2]. (constraint file  c:/Users/Engineering/projekt_sdup/projekt_sdup.gen/sources_1/bd/audio_AXI_DMA/ip/audio_AXI_DMA_processing_system7_0_0/audio_AXI_DMA_processing_system7_0_0/audio_AXI_DMA_processing_system7_0_0_in_context.xdc, line 52).
Applied set_property CLOCK_BUFFER_TYPE = NONE for DDR_dm[2]. (constraint file  c:/Users/Engineering/projekt_sdup/projekt_sdup.gen/sources_1/bd/audio_AXI_DMA/ip/audio_AXI_DMA_processing_system7_0_0/audio_AXI_DMA_processing_system7_0_0/audio_AXI_DMA_processing_system7_0_0_in_context.xdc, line 53).
Applied set_property IO_BUFFER_TYPE = NONE for DDR_dm[3]. (constraint file  c:/Users/Engineering/projekt_sdup/projekt_sdup.gen/sources_1/bd/audio_AXI_DMA/ip/audio_AXI_DMA_processing_system7_0_0/audio_AXI_DMA_processing_system7_0_0/audio_AXI_DMA_processing_system7_0_0_in_context.xdc, line 54).
Applied set_property CLOCK_BUFFER_TYPE = NONE for DDR_dm[3]. (constraint file  c:/Users/Engineering/projekt_sdup/projekt_sdup.gen/sources_1/bd/audio_AXI_DMA/ip/audio_AXI_DMA_processing_system7_0_0/audio_AXI_DMA_processing_system7_0_0/audio_AXI_DMA_processing_system7_0_0_in_context.xdc, line 55).
Applied set_property IO_BUFFER_TYPE = NONE for DDR_dqs_p[0]. (constraint file  c:/Users/Engineering/projekt_sdup/projekt_sdup.gen/sources_1/bd/audio_AXI_DMA/ip/audio_AXI_DMA_processing_system7_0_0/audio_AXI_DMA_processing_system7_0_0/audio_AXI_DMA_processing_system7_0_0_in_context.xdc, line 56).
Applied set_property CLOCK_BUFFER_TYPE = NONE for DDR_dqs_p[0]. (constraint file  c:/Users/Engineering/projekt_sdup/projekt_sdup.gen/sources_1/bd/audio_AXI_DMA/ip/audio_AXI_DMA_processing_system7_0_0/audio_AXI_DMA_processing_system7_0_0/audio_AXI_DMA_processing_system7_0_0_in_context.xdc, line 57).
Applied set_property IO_BUFFER_TYPE = NONE for DDR_dqs_p[1]. (constraint file  c:/Users/Engineering/projekt_sdup/projekt_sdup.gen/sources_1/bd/audio_AXI_DMA/ip/audio_AXI_DMA_processing_system7_0_0/audio_AXI_DMA_processing_system7_0_0/audio_AXI_DMA_processing_system7_0_0_in_context.xdc, line 58).
Applied set_property CLOCK_BUFFER_TYPE = NONE for DDR_dqs_p[1]. (constraint file  c:/Users/Engineering/projekt_sdup/projekt_sdup.gen/sources_1/bd/audio_AXI_DMA/ip/audio_AXI_DMA_processing_system7_0_0/audio_AXI_DMA_processing_system7_0_0/audio_AXI_DMA_processing_system7_0_0_in_context.xdc, line 59).
Applied set_property IO_BUFFER_TYPE = NONE for DDR_dqs_p[2]. (constraint file  c:/Users/Engineering/projekt_sdup/projekt_sdup.gen/sources_1/bd/audio_AXI_DMA/ip/audio_AXI_DMA_processing_system7_0_0/audio_AXI_DMA_processing_system7_0_0/audio_AXI_DMA_processing_system7_0_0_in_context.xdc, line 60).
Applied set_property CLOCK_BUFFER_TYPE = NONE for DDR_dqs_p[2]. (constraint file  c:/Users/Engineering/projekt_sdup/projekt_sdup.gen/sources_1/bd/audio_AXI_DMA/ip/audio_AXI_DMA_processing_system7_0_0/audio_AXI_DMA_processing_system7_0_0/audio_AXI_DMA_processing_system7_0_0_in_context.xdc, line 61).
Applied set_property IO_BUFFER_TYPE = NONE for DDR_dqs_p[3]. (constraint file  c:/Users/Engineering/projekt_sdup/projekt_sdup.gen/sources_1/bd/audio_AXI_DMA/ip/audio_AXI_DMA_processing_system7_0_0/audio_AXI_DMA_processing_system7_0_0/audio_AXI_DMA_processing_system7_0_0_in_context.xdc, line 62).
Applied set_property CLOCK_BUFFER_TYPE = NONE for DDR_dqs_p[3]. (constraint file  c:/Users/Engineering/projekt_sdup/projekt_sdup.gen/sources_1/bd/audio_AXI_DMA/ip/audio_AXI_DMA_processing_system7_0_0/audio_AXI_DMA_processing_system7_0_0/audio_AXI_DMA_processing_system7_0_0_in_context.xdc, line 63).
Applied set_property IO_BUFFER_TYPE = NONE for DDR_dqs_n[0]. (constraint file  c:/Users/Engineering/projekt_sdup/projekt_sdup.gen/sources_1/bd/audio_AXI_DMA/ip/audio_AXI_DMA_processing_system7_0_0/audio_AXI_DMA_processing_system7_0_0/audio_AXI_DMA_processing_system7_0_0_in_context.xdc, line 64).
Applied set_property CLOCK_BUFFER_TYPE = NONE for DDR_dqs_n[0]. (constraint file  c:/Users/Engineering/projekt_sdup/projekt_sdup.gen/sources_1/bd/audio_AXI_DMA/ip/audio_AXI_DMA_processing_system7_0_0/audio_AXI_DMA_processing_system7_0_0/audio_AXI_DMA_processing_system7_0_0_in_context.xdc, line 65).
Applied set_property IO_BUFFER_TYPE = NONE for DDR_dqs_n[1]. (constraint file  c:/Users/Engineering/projekt_sdup/projekt_sdup.gen/sources_1/bd/audio_AXI_DMA/ip/audio_AXI_DMA_processing_system7_0_0/audio_AXI_DMA_processing_system7_0_0/audio_AXI_DMA_processing_system7_0_0_in_context.xdc, line 66).
Applied set_property CLOCK_BUFFER_TYPE = NONE for DDR_dqs_n[1]. (constraint file  c:/Users/Engineering/projekt_sdup/projekt_sdup.gen/sources_1/bd/audio_AXI_DMA/ip/audio_AXI_DMA_processing_system7_0_0/audio_AXI_DMA_processing_system7_0_0/audio_AXI_DMA_processing_system7_0_0_in_context.xdc, line 67).
Applied set_property IO_BUFFER_TYPE = NONE for DDR_dqs_n[2]. (constraint file  c:/Users/Engineering/projekt_sdup/projekt_sdup.gen/sources_1/bd/audio_AXI_DMA/ip/audio_AXI_DMA_processing_system7_0_0/audio_AXI_DMA_processing_system7_0_0/audio_AXI_DMA_processing_system7_0_0_in_context.xdc, line 68).
Applied set_property CLOCK_BUFFER_TYPE = NONE for DDR_dqs_n[2]. (constraint file  c:/Users/Engineering/projekt_sdup/projekt_sdup.gen/sources_1/bd/audio_AXI_DMA/ip/audio_AXI_DMA_processing_system7_0_0/audio_AXI_DMA_processing_system7_0_0/audio_AXI_DMA_processing_system7_0_0_in_context.xdc, line 69).
Applied set_property IO_BUFFER_TYPE = NONE for DDR_dqs_n[3]. (constraint file  c:/Users/Engineering/projekt_sdup/projekt_sdup.gen/sources_1/bd/audio_AXI_DMA/ip/audio_AXI_DMA_processing_system7_0_0/audio_AXI_DMA_processing_system7_0_0/audio_AXI_DMA_processing_system7_0_0_in_context.xdc, line 70).
Applied set_property CLOCK_BUFFER_TYPE = NONE for DDR_dqs_n[3]. (constraint file  c:/Users/Engineering/projekt_sdup/projekt_sdup.gen/sources_1/bd/audio_AXI_DMA/ip/audio_AXI_DMA_processing_system7_0_0/audio_AXI_DMA_processing_system7_0_0/audio_AXI_DMA_processing_system7_0_0_in_context.xdc, line 71).
Applied set_property IO_BUFFER_TYPE = NONE for DDR_dq[0]. (constraint file  c:/Users/Engineering/projekt_sdup/projekt_sdup.gen/sources_1/bd/audio_AXI_DMA/ip/audio_AXI_DMA_processing_system7_0_0/audio_AXI_DMA_processing_system7_0_0/audio_AXI_DMA_processing_system7_0_0_in_context.xdc, line 72).
Applied set_property CLOCK_BUFFER_TYPE = NONE for DDR_dq[0]. (constraint file  c:/Users/Engineering/projekt_sdup/projekt_sdup.gen/sources_1/bd/audio_AXI_DMA/ip/audio_AXI_DMA_processing_system7_0_0/audio_AXI_DMA_processing_system7_0_0/audio_AXI_DMA_processing_system7_0_0_in_context.xdc, line 73).
Applied set_property IO_BUFFER_TYPE = NONE for DDR_dq[10]. (constraint file  c:/Users/Engineering/projekt_sdup/projekt_sdup.gen/sources_1/bd/audio_AXI_DMA/ip/audio_AXI_DMA_processing_system7_0_0/audio_AXI_DMA_processing_system7_0_0/audio_AXI_DMA_processing_system7_0_0_in_context.xdc, line 74).
Applied set_property CLOCK_BUFFER_TYPE = NONE for DDR_dq[10]. (constraint file  c:/Users/Engineering/projekt_sdup/projekt_sdup.gen/sources_1/bd/audio_AXI_DMA/ip/audio_AXI_DMA_processing_system7_0_0/audio_AXI_DMA_processing_system7_0_0/audio_AXI_DMA_processing_system7_0_0_in_context.xdc, line 75).
Applied set_property IO_BUFFER_TYPE = NONE for DDR_dq[11]. (constraint file  c:/Users/Engineering/projekt_sdup/projekt_sdup.gen/sources_1/bd/audio_AXI_DMA/ip/audio_AXI_DMA_processing_system7_0_0/audio_AXI_DMA_processing_system7_0_0/audio_AXI_DMA_processing_system7_0_0_in_context.xdc, line 76).
Applied set_property CLOCK_BUFFER_TYPE = NONE for DDR_dq[11]. (constraint file  c:/Users/Engineering/projekt_sdup/projekt_sdup.gen/sources_1/bd/audio_AXI_DMA/ip/audio_AXI_DMA_processing_system7_0_0/audio_AXI_DMA_processing_system7_0_0/audio_AXI_DMA_processing_system7_0_0_in_context.xdc, line 77).
Applied set_property IO_BUFFER_TYPE = NONE for DDR_dq[12]. (constraint file  c:/Users/Engineering/projekt_sdup/projekt_sdup.gen/sources_1/bd/audio_AXI_DMA/ip/audio_AXI_DMA_processing_system7_0_0/audio_AXI_DMA_processing_system7_0_0/audio_AXI_DMA_processing_system7_0_0_in_context.xdc, line 78).
Applied set_property CLOCK_BUFFER_TYPE = NONE for DDR_dq[12]. (constraint file  c:/Users/Engineering/projekt_sdup/projekt_sdup.gen/sources_1/bd/audio_AXI_DMA/ip/audio_AXI_DMA_processing_system7_0_0/audio_AXI_DMA_processing_system7_0_0/audio_AXI_DMA_processing_system7_0_0_in_context.xdc, line 79).
Applied set_property IO_BUFFER_TYPE = NONE for DDR_dq[13]. (constraint file  c:/Users/Engineering/projekt_sdup/projekt_sdup.gen/sources_1/bd/audio_AXI_DMA/ip/audio_AXI_DMA_processing_system7_0_0/audio_AXI_DMA_processing_system7_0_0/audio_AXI_DMA_processing_system7_0_0_in_context.xdc, line 80).
Applied set_property CLOCK_BUFFER_TYPE = NONE for DDR_dq[13]. (constraint file  c:/Users/Engineering/projekt_sdup/projekt_sdup.gen/sources_1/bd/audio_AXI_DMA/ip/audio_AXI_DMA_processing_system7_0_0/audio_AXI_DMA_processing_system7_0_0/audio_AXI_DMA_processing_system7_0_0_in_context.xdc, line 81).
Applied set_property IO_BUFFER_TYPE = NONE for DDR_dq[14]. (constraint file  c:/Users/Engineering/projekt_sdup/projekt_sdup.gen/sources_1/bd/audio_AXI_DMA/ip/audio_AXI_DMA_processing_system7_0_0/audio_AXI_DMA_processing_system7_0_0/audio_AXI_DMA_processing_system7_0_0_in_context.xdc, line 82).
Applied set_property CLOCK_BUFFER_TYPE = NONE for DDR_dq[14]. (constraint file  c:/Users/Engineering/projekt_sdup/projekt_sdup.gen/sources_1/bd/audio_AXI_DMA/ip/audio_AXI_DMA_processing_system7_0_0/audio_AXI_DMA_processing_system7_0_0/audio_AXI_DMA_processing_system7_0_0_in_context.xdc, line 83).
Applied set_property IO_BUFFER_TYPE = NONE for DDR_dq[15]. (constraint file  c:/Users/Engineering/projekt_sdup/projekt_sdup.gen/sources_1/bd/audio_AXI_DMA/ip/audio_AXI_DMA_processing_system7_0_0/audio_AXI_DMA_processing_system7_0_0/audio_AXI_DMA_processing_system7_0_0_in_context.xdc, line 84).
Applied set_property CLOCK_BUFFER_TYPE = NONE for DDR_dq[15]. (constraint file  c:/Users/Engineering/projekt_sdup/projekt_sdup.gen/sources_1/bd/audio_AXI_DMA/ip/audio_AXI_DMA_processing_system7_0_0/audio_AXI_DMA_processing_system7_0_0/audio_AXI_DMA_processing_system7_0_0_in_context.xdc, line 85).
Applied set_property IO_BUFFER_TYPE = NONE for DDR_dq[16]. (constraint file  c:/Users/Engineering/projekt_sdup/projekt_sdup.gen/sources_1/bd/audio_AXI_DMA/ip/audio_AXI_DMA_processing_system7_0_0/audio_AXI_DMA_processing_system7_0_0/audio_AXI_DMA_processing_system7_0_0_in_context.xdc, line 86).
Applied set_property CLOCK_BUFFER_TYPE = NONE for DDR_dq[16]. (constraint file  c:/Users/Engineering/projekt_sdup/projekt_sdup.gen/sources_1/bd/audio_AXI_DMA/ip/audio_AXI_DMA_processing_system7_0_0/audio_AXI_DMA_processing_system7_0_0/audio_AXI_DMA_processing_system7_0_0_in_context.xdc, line 87).
Applied set_property IO_BUFFER_TYPE = NONE for DDR_dq[17]. (constraint file  c:/Users/Engineering/projekt_sdup/projekt_sdup.gen/sources_1/bd/audio_AXI_DMA/ip/audio_AXI_DMA_processing_system7_0_0/audio_AXI_DMA_processing_system7_0_0/audio_AXI_DMA_processing_system7_0_0_in_context.xdc, line 88).
Applied set_property CLOCK_BUFFER_TYPE = NONE for DDR_dq[17]. (constraint file  c:/Users/Engineering/projekt_sdup/projekt_sdup.gen/sources_1/bd/audio_AXI_DMA/ip/audio_AXI_DMA_processing_system7_0_0/audio_AXI_DMA_processing_system7_0_0/audio_AXI_DMA_processing_system7_0_0_in_context.xdc, line 89).
Applied set_property IO_BUFFER_TYPE = NONE for DDR_dq[18]. (constraint file  c:/Users/Engineering/projekt_sdup/projekt_sdup.gen/sources_1/bd/audio_AXI_DMA/ip/audio_AXI_DMA_processing_system7_0_0/audio_AXI_DMA_processing_system7_0_0/audio_AXI_DMA_processing_system7_0_0_in_context.xdc, line 90).
Applied set_property CLOCK_BUFFER_TYPE = NONE for DDR_dq[18]. (constraint file  c:/Users/Engineering/projekt_sdup/projekt_sdup.gen/sources_1/bd/audio_AXI_DMA/ip/audio_AXI_DMA_processing_system7_0_0/audio_AXI_DMA_processing_system7_0_0/audio_AXI_DMA_processing_system7_0_0_in_context.xdc, line 91).
Applied set_property IO_BUFFER_TYPE = NONE for DDR_dq[19]. (constraint file  c:/Users/Engineering/projekt_sdup/projekt_sdup.gen/sources_1/bd/audio_AXI_DMA/ip/audio_AXI_DMA_processing_system7_0_0/audio_AXI_DMA_processing_system7_0_0/audio_AXI_DMA_processing_system7_0_0_in_context.xdc, line 92).
Applied set_property CLOCK_BUFFER_TYPE = NONE for DDR_dq[19]. (constraint file  c:/Users/Engineering/projekt_sdup/projekt_sdup.gen/sources_1/bd/audio_AXI_DMA/ip/audio_AXI_DMA_processing_system7_0_0/audio_AXI_DMA_processing_system7_0_0/audio_AXI_DMA_processing_system7_0_0_in_context.xdc, line 93).
Applied set_property IO_BUFFER_TYPE = NONE for DDR_dq[1]. (constraint file  c:/Users/Engineering/projekt_sdup/projekt_sdup.gen/sources_1/bd/audio_AXI_DMA/ip/audio_AXI_DMA_processing_system7_0_0/audio_AXI_DMA_processing_system7_0_0/audio_AXI_DMA_processing_system7_0_0_in_context.xdc, line 94).
Applied set_property CLOCK_BUFFER_TYPE = NONE for DDR_dq[1]. (constraint file  c:/Users/Engineering/projekt_sdup/projekt_sdup.gen/sources_1/bd/audio_AXI_DMA/ip/audio_AXI_DMA_processing_system7_0_0/audio_AXI_DMA_processing_system7_0_0/audio_AXI_DMA_processing_system7_0_0_in_context.xdc, line 95).
Applied set_property IO_BUFFER_TYPE = NONE for DDR_dq[20]. (constraint file  c:/Users/Engineering/projekt_sdup/projekt_sdup.gen/sources_1/bd/audio_AXI_DMA/ip/audio_AXI_DMA_processing_system7_0_0/audio_AXI_DMA_processing_system7_0_0/audio_AXI_DMA_processing_system7_0_0_in_context.xdc, line 96).
Applied set_property CLOCK_BUFFER_TYPE = NONE for DDR_dq[20]. (constraint file  c:/Users/Engineering/projekt_sdup/projekt_sdup.gen/sources_1/bd/audio_AXI_DMA/ip/audio_AXI_DMA_processing_system7_0_0/audio_AXI_DMA_processing_system7_0_0/audio_AXI_DMA_processing_system7_0_0_in_context.xdc, line 97).
Applied set_property IO_BUFFER_TYPE = NONE for DDR_dq[21]. (constraint file  c:/Users/Engineering/projekt_sdup/projekt_sdup.gen/sources_1/bd/audio_AXI_DMA/ip/audio_AXI_DMA_processing_system7_0_0/audio_AXI_DMA_processing_system7_0_0/audio_AXI_DMA_processing_system7_0_0_in_context.xdc, line 98).
Applied set_property CLOCK_BUFFER_TYPE = NONE for DDR_dq[21]. (constraint file  c:/Users/Engineering/projekt_sdup/projekt_sdup.gen/sources_1/bd/audio_AXI_DMA/ip/audio_AXI_DMA_processing_system7_0_0/audio_AXI_DMA_processing_system7_0_0/audio_AXI_DMA_processing_system7_0_0_in_context.xdc, line 99).
Applied set_property IO_BUFFER_TYPE = NONE for DDR_dq[22]. (constraint file  c:/Users/Engineering/projekt_sdup/projekt_sdup.gen/sources_1/bd/audio_AXI_DMA/ip/audio_AXI_DMA_processing_system7_0_0/audio_AXI_DMA_processing_system7_0_0/audio_AXI_DMA_processing_system7_0_0_in_context.xdc, line 100).
Applied set_property CLOCK_BUFFER_TYPE = NONE for DDR_dq[22]. (constraint file  c:/Users/Engineering/projekt_sdup/projekt_sdup.gen/sources_1/bd/audio_AXI_DMA/ip/audio_AXI_DMA_processing_system7_0_0/audio_AXI_DMA_processing_system7_0_0/audio_AXI_DMA_processing_system7_0_0_in_context.xdc, line 101).
Applied set_property IO_BUFFER_TYPE = NONE for DDR_dq[23]. (constraint file  c:/Users/Engineering/projekt_sdup/projekt_sdup.gen/sources_1/bd/audio_AXI_DMA/ip/audio_AXI_DMA_processing_system7_0_0/audio_AXI_DMA_processing_system7_0_0/audio_AXI_DMA_processing_system7_0_0_in_context.xdc, line 102).
Applied set_property CLOCK_BUFFER_TYPE = NONE for DDR_dq[23]. (constraint file  c:/Users/Engineering/projekt_sdup/projekt_sdup.gen/sources_1/bd/audio_AXI_DMA/ip/audio_AXI_DMA_processing_system7_0_0/audio_AXI_DMA_processing_system7_0_0/audio_AXI_DMA_processing_system7_0_0_in_context.xdc, line 103).
Applied set_property IO_BUFFER_TYPE = NONE for DDR_dq[24]. (constraint file  c:/Users/Engineering/projekt_sdup/projekt_sdup.gen/sources_1/bd/audio_AXI_DMA/ip/audio_AXI_DMA_processing_system7_0_0/audio_AXI_DMA_processing_system7_0_0/audio_AXI_DMA_processing_system7_0_0_in_context.xdc, line 104).
Applied set_property CLOCK_BUFFER_TYPE = NONE for DDR_dq[24]. (constraint file  c:/Users/Engineering/projekt_sdup/projekt_sdup.gen/sources_1/bd/audio_AXI_DMA/ip/audio_AXI_DMA_processing_system7_0_0/audio_AXI_DMA_processing_system7_0_0/audio_AXI_DMA_processing_system7_0_0_in_context.xdc, line 105).
Applied set_property IO_BUFFER_TYPE = NONE for DDR_dq[25]. (constraint file  c:/Users/Engineering/projekt_sdup/projekt_sdup.gen/sources_1/bd/audio_AXI_DMA/ip/audio_AXI_DMA_processing_system7_0_0/audio_AXI_DMA_processing_system7_0_0/audio_AXI_DMA_processing_system7_0_0_in_context.xdc, line 106).
Applied set_property CLOCK_BUFFER_TYPE = NONE for DDR_dq[25]. (constraint file  c:/Users/Engineering/projekt_sdup/projekt_sdup.gen/sources_1/bd/audio_AXI_DMA/ip/audio_AXI_DMA_processing_system7_0_0/audio_AXI_DMA_processing_system7_0_0/audio_AXI_DMA_processing_system7_0_0_in_context.xdc, line 107).
Applied set_property IO_BUFFER_TYPE = NONE for DDR_dq[26]. (constraint file  c:/Users/Engineering/projekt_sdup/projekt_sdup.gen/sources_1/bd/audio_AXI_DMA/ip/audio_AXI_DMA_processing_system7_0_0/audio_AXI_DMA_processing_system7_0_0/audio_AXI_DMA_processing_system7_0_0_in_context.xdc, line 108).
Applied set_property CLOCK_BUFFER_TYPE = NONE for DDR_dq[26]. (constraint file  c:/Users/Engineering/projekt_sdup/projekt_sdup.gen/sources_1/bd/audio_AXI_DMA/ip/audio_AXI_DMA_processing_system7_0_0/audio_AXI_DMA_processing_system7_0_0/audio_AXI_DMA_processing_system7_0_0_in_context.xdc, line 109).
Applied set_property IO_BUFFER_TYPE = NONE for DDR_dq[27]. (constraint file  c:/Users/Engineering/projekt_sdup/projekt_sdup.gen/sources_1/bd/audio_AXI_DMA/ip/audio_AXI_DMA_processing_system7_0_0/audio_AXI_DMA_processing_system7_0_0/audio_AXI_DMA_processing_system7_0_0_in_context.xdc, line 110).
Applied set_property CLOCK_BUFFER_TYPE = NONE for DDR_dq[27]. (constraint file  c:/Users/Engineering/projekt_sdup/projekt_sdup.gen/sources_1/bd/audio_AXI_DMA/ip/audio_AXI_DMA_processing_system7_0_0/audio_AXI_DMA_processing_system7_0_0/audio_AXI_DMA_processing_system7_0_0_in_context.xdc, line 111).
Applied set_property IO_BUFFER_TYPE = NONE for DDR_dq[28]. (constraint file  c:/Users/Engineering/projekt_sdup/projekt_sdup.gen/sources_1/bd/audio_AXI_DMA/ip/audio_AXI_DMA_processing_system7_0_0/audio_AXI_DMA_processing_system7_0_0/audio_AXI_DMA_processing_system7_0_0_in_context.xdc, line 112).
Applied set_property CLOCK_BUFFER_TYPE = NONE for DDR_dq[28]. (constraint file  c:/Users/Engineering/projekt_sdup/projekt_sdup.gen/sources_1/bd/audio_AXI_DMA/ip/audio_AXI_DMA_processing_system7_0_0/audio_AXI_DMA_processing_system7_0_0/audio_AXI_DMA_processing_system7_0_0_in_context.xdc, line 113).
Applied set_property IO_BUFFER_TYPE = NONE for DDR_dq[29]. (constraint file  c:/Users/Engineering/projekt_sdup/projekt_sdup.gen/sources_1/bd/audio_AXI_DMA/ip/audio_AXI_DMA_processing_system7_0_0/audio_AXI_DMA_processing_system7_0_0/audio_AXI_DMA_processing_system7_0_0_in_context.xdc, line 114).
Applied set_property CLOCK_BUFFER_TYPE = NONE for DDR_dq[29]. (constraint file  c:/Users/Engineering/projekt_sdup/projekt_sdup.gen/sources_1/bd/audio_AXI_DMA/ip/audio_AXI_DMA_processing_system7_0_0/audio_AXI_DMA_processing_system7_0_0/audio_AXI_DMA_processing_system7_0_0_in_context.xdc, line 115).
Applied set_property IO_BUFFER_TYPE = NONE for DDR_dq[2]. (constraint file  c:/Users/Engineering/projekt_sdup/projekt_sdup.gen/sources_1/bd/audio_AXI_DMA/ip/audio_AXI_DMA_processing_system7_0_0/audio_AXI_DMA_processing_system7_0_0/audio_AXI_DMA_processing_system7_0_0_in_context.xdc, line 116).
Applied set_property CLOCK_BUFFER_TYPE = NONE for DDR_dq[2]. (constraint file  c:/Users/Engineering/projekt_sdup/projekt_sdup.gen/sources_1/bd/audio_AXI_DMA/ip/audio_AXI_DMA_processing_system7_0_0/audio_AXI_DMA_processing_system7_0_0/audio_AXI_DMA_processing_system7_0_0_in_context.xdc, line 117).
Applied set_property IO_BUFFER_TYPE = NONE for DDR_dq[30]. (constraint file  c:/Users/Engineering/projekt_sdup/projekt_sdup.gen/sources_1/bd/audio_AXI_DMA/ip/audio_AXI_DMA_processing_system7_0_0/audio_AXI_DMA_processing_system7_0_0/audio_AXI_DMA_processing_system7_0_0_in_context.xdc, line 118).
Applied set_property CLOCK_BUFFER_TYPE = NONE for DDR_dq[30]. (constraint file  c:/Users/Engineering/projekt_sdup/projekt_sdup.gen/sources_1/bd/audio_AXI_DMA/ip/audio_AXI_DMA_processing_system7_0_0/audio_AXI_DMA_processing_system7_0_0/audio_AXI_DMA_processing_system7_0_0_in_context.xdc, line 119).
Applied set_property IO_BUFFER_TYPE = NONE for DDR_dq[31]. (constraint file  c:/Users/Engineering/projekt_sdup/projekt_sdup.gen/sources_1/bd/audio_AXI_DMA/ip/audio_AXI_DMA_processing_system7_0_0/audio_AXI_DMA_processing_system7_0_0/audio_AXI_DMA_processing_system7_0_0_in_context.xdc, line 120).
Applied set_property CLOCK_BUFFER_TYPE = NONE for DDR_dq[31]. (constraint file  c:/Users/Engineering/projekt_sdup/projekt_sdup.gen/sources_1/bd/audio_AXI_DMA/ip/audio_AXI_DMA_processing_system7_0_0/audio_AXI_DMA_processing_system7_0_0/audio_AXI_DMA_processing_system7_0_0_in_context.xdc, line 121).
Applied set_property IO_BUFFER_TYPE = NONE for DDR_dq[3]. (constraint file  c:/Users/Engineering/projekt_sdup/projekt_sdup.gen/sources_1/bd/audio_AXI_DMA/ip/audio_AXI_DMA_processing_system7_0_0/audio_AXI_DMA_processing_system7_0_0/audio_AXI_DMA_processing_system7_0_0_in_context.xdc, line 122).
Applied set_property CLOCK_BUFFER_TYPE = NONE for DDR_dq[3]. (constraint file  c:/Users/Engineering/projekt_sdup/projekt_sdup.gen/sources_1/bd/audio_AXI_DMA/ip/audio_AXI_DMA_processing_system7_0_0/audio_AXI_DMA_processing_system7_0_0/audio_AXI_DMA_processing_system7_0_0_in_context.xdc, line 123).
Applied set_property IO_BUFFER_TYPE = NONE for DDR_dq[4]. (constraint file  c:/Users/Engineering/projekt_sdup/projekt_sdup.gen/sources_1/bd/audio_AXI_DMA/ip/audio_AXI_DMA_processing_system7_0_0/audio_AXI_DMA_processing_system7_0_0/audio_AXI_DMA_processing_system7_0_0_in_context.xdc, line 124).
Applied set_property CLOCK_BUFFER_TYPE = NONE for DDR_dq[4]. (constraint file  c:/Users/Engineering/projekt_sdup/projekt_sdup.gen/sources_1/bd/audio_AXI_DMA/ip/audio_AXI_DMA_processing_system7_0_0/audio_AXI_DMA_processing_system7_0_0/audio_AXI_DMA_processing_system7_0_0_in_context.xdc, line 125).
Applied set_property IO_BUFFER_TYPE = NONE for DDR_dq[5]. (constraint file  c:/Users/Engineering/projekt_sdup/projekt_sdup.gen/sources_1/bd/audio_AXI_DMA/ip/audio_AXI_DMA_processing_system7_0_0/audio_AXI_DMA_processing_system7_0_0/audio_AXI_DMA_processing_system7_0_0_in_context.xdc, line 126).
Applied set_property CLOCK_BUFFER_TYPE = NONE for DDR_dq[5]. (constraint file  c:/Users/Engineering/projekt_sdup/projekt_sdup.gen/sources_1/bd/audio_AXI_DMA/ip/audio_AXI_DMA_processing_system7_0_0/audio_AXI_DMA_processing_system7_0_0/audio_AXI_DMA_processing_system7_0_0_in_context.xdc, line 127).
Applied set_property IO_BUFFER_TYPE = NONE for DDR_dq[6]. (constraint file  c:/Users/Engineering/projekt_sdup/projekt_sdup.gen/sources_1/bd/audio_AXI_DMA/ip/audio_AXI_DMA_processing_system7_0_0/audio_AXI_DMA_processing_system7_0_0/audio_AXI_DMA_processing_system7_0_0_in_context.xdc, line 128).
Applied set_property CLOCK_BUFFER_TYPE = NONE for DDR_dq[6]. (constraint file  c:/Users/Engineering/projekt_sdup/projekt_sdup.gen/sources_1/bd/audio_AXI_DMA/ip/audio_AXI_DMA_processing_system7_0_0/audio_AXI_DMA_processing_system7_0_0/audio_AXI_DMA_processing_system7_0_0_in_context.xdc, line 129).
Applied set_property IO_BUFFER_TYPE = NONE for DDR_dq[7]. (constraint file  c:/Users/Engineering/projekt_sdup/projekt_sdup.gen/sources_1/bd/audio_AXI_DMA/ip/audio_AXI_DMA_processing_system7_0_0/audio_AXI_DMA_processing_system7_0_0/audio_AXI_DMA_processing_system7_0_0_in_context.xdc, line 130).
Applied set_property CLOCK_BUFFER_TYPE = NONE for DDR_dq[7]. (constraint file  c:/Users/Engineering/projekt_sdup/projekt_sdup.gen/sources_1/bd/audio_AXI_DMA/ip/audio_AXI_DMA_processing_system7_0_0/audio_AXI_DMA_processing_system7_0_0/audio_AXI_DMA_processing_system7_0_0_in_context.xdc, line 131).
Applied set_property IO_BUFFER_TYPE = NONE for DDR_dq[8]. (constraint file  c:/Users/Engineering/projekt_sdup/projekt_sdup.gen/sources_1/bd/audio_AXI_DMA/ip/audio_AXI_DMA_processing_system7_0_0/audio_AXI_DMA_processing_system7_0_0/audio_AXI_DMA_processing_system7_0_0_in_context.xdc, line 132).
Applied set_property CLOCK_BUFFER_TYPE = NONE for DDR_dq[8]. (constraint file  c:/Users/Engineering/projekt_sdup/projekt_sdup.gen/sources_1/bd/audio_AXI_DMA/ip/audio_AXI_DMA_processing_system7_0_0/audio_AXI_DMA_processing_system7_0_0/audio_AXI_DMA_processing_system7_0_0_in_context.xdc, line 133).
Applied set_property IO_BUFFER_TYPE = NONE for DDR_dq[9]. (constraint file  c:/Users/Engineering/projekt_sdup/projekt_sdup.gen/sources_1/bd/audio_AXI_DMA/ip/audio_AXI_DMA_processing_system7_0_0/audio_AXI_DMA_processing_system7_0_0/audio_AXI_DMA_processing_system7_0_0_in_context.xdc, line 134).
Applied set_property CLOCK_BUFFER_TYPE = NONE for DDR_dq[9]. (constraint file  c:/Users/Engineering/projekt_sdup/projekt_sdup.gen/sources_1/bd/audio_AXI_DMA/ip/audio_AXI_DMA_processing_system7_0_0/audio_AXI_DMA_processing_system7_0_0/audio_AXI_DMA_processing_system7_0_0_in_context.xdc, line 135).
Applied set_property IO_BUFFER_TYPE = NONE for DDR_reset_n. (constraint file  c:/Users/Engineering/projekt_sdup/projekt_sdup.gen/sources_1/bd/audio_AXI_DMA/ip/audio_AXI_DMA_processing_system7_0_0/audio_AXI_DMA_processing_system7_0_0/audio_AXI_DMA_processing_system7_0_0_in_context.xdc, line 136).
Applied set_property CLOCK_BUFFER_TYPE = NONE for DDR_reset_n. (constraint file  c:/Users/Engineering/projekt_sdup/projekt_sdup.gen/sources_1/bd/audio_AXI_DMA/ip/audio_AXI_DMA_processing_system7_0_0/audio_AXI_DMA_processing_system7_0_0/audio_AXI_DMA_processing_system7_0_0_in_context.xdc, line 137).
Applied set_property IO_BUFFER_TYPE = NONE for DDR_odt. (constraint file  c:/Users/Engineering/projekt_sdup/projekt_sdup.gen/sources_1/bd/audio_AXI_DMA/ip/audio_AXI_DMA_processing_system7_0_0/audio_AXI_DMA_processing_system7_0_0/audio_AXI_DMA_processing_system7_0_0_in_context.xdc, line 138).
Applied set_property CLOCK_BUFFER_TYPE = NONE for DDR_odt. (constraint file  c:/Users/Engineering/projekt_sdup/projekt_sdup.gen/sources_1/bd/audio_AXI_DMA/ip/audio_AXI_DMA_processing_system7_0_0/audio_AXI_DMA_processing_system7_0_0/audio_AXI_DMA_processing_system7_0_0_in_context.xdc, line 139).
Applied set_property IO_BUFFER_TYPE = NONE for DDR_ras_n. (constraint file  c:/Users/Engineering/projekt_sdup/projekt_sdup.gen/sources_1/bd/audio_AXI_DMA/ip/audio_AXI_DMA_processing_system7_0_0/audio_AXI_DMA_processing_system7_0_0/audio_AXI_DMA_processing_system7_0_0_in_context.xdc, line 140).
Applied set_property CLOCK_BUFFER_TYPE = NONE for DDR_ras_n. (constraint file  c:/Users/Engineering/projekt_sdup/projekt_sdup.gen/sources_1/bd/audio_AXI_DMA/ip/audio_AXI_DMA_processing_system7_0_0/audio_AXI_DMA_processing_system7_0_0/audio_AXI_DMA_processing_system7_0_0_in_context.xdc, line 141).
Applied set_property IO_BUFFER_TYPE = NONE for FIXED_IO_ddr_vrn. (constraint file  c:/Users/Engineering/projekt_sdup/projekt_sdup.gen/sources_1/bd/audio_AXI_DMA/ip/audio_AXI_DMA_processing_system7_0_0/audio_AXI_DMA_processing_system7_0_0/audio_AXI_DMA_processing_system7_0_0_in_context.xdc, line 142).
Applied set_property CLOCK_BUFFER_TYPE = NONE for FIXED_IO_ddr_vrn. (constraint file  c:/Users/Engineering/projekt_sdup/projekt_sdup.gen/sources_1/bd/audio_AXI_DMA/ip/audio_AXI_DMA_processing_system7_0_0/audio_AXI_DMA_processing_system7_0_0/audio_AXI_DMA_processing_system7_0_0_in_context.xdc, line 143).
Applied set_property IO_BUFFER_TYPE = NONE for FIXED_IO_ddr_vrp. (constraint file  c:/Users/Engineering/projekt_sdup/projekt_sdup.gen/sources_1/bd/audio_AXI_DMA/ip/audio_AXI_DMA_processing_system7_0_0/audio_AXI_DMA_processing_system7_0_0/audio_AXI_DMA_processing_system7_0_0_in_context.xdc, line 144).
Applied set_property CLOCK_BUFFER_TYPE = NONE for FIXED_IO_ddr_vrp. (constraint file  c:/Users/Engineering/projekt_sdup/projekt_sdup.gen/sources_1/bd/audio_AXI_DMA/ip/audio_AXI_DMA_processing_system7_0_0/audio_AXI_DMA_processing_system7_0_0/audio_AXI_DMA_processing_system7_0_0_in_context.xdc, line 145).
Applied set_property IO_BUFFER_TYPE = NONE for DDR_we_n. (constraint file  c:/Users/Engineering/projekt_sdup/projekt_sdup.gen/sources_1/bd/audio_AXI_DMA/ip/audio_AXI_DMA_processing_system7_0_0/audio_AXI_DMA_processing_system7_0_0/audio_AXI_DMA_processing_system7_0_0_in_context.xdc, line 146).
Applied set_property CLOCK_BUFFER_TYPE = NONE for DDR_we_n. (constraint file  c:/Users/Engineering/projekt_sdup/projekt_sdup.gen/sources_1/bd/audio_AXI_DMA/ip/audio_AXI_DMA_processing_system7_0_0/audio_AXI_DMA_processing_system7_0_0/audio_AXI_DMA_processing_system7_0_0_in_context.xdc, line 147).
Applied set_property IO_BUFFER_TYPE = NONE for FIXED_IO_mio[0]. (constraint file  c:/Users/Engineering/projekt_sdup/projekt_sdup.gen/sources_1/bd/audio_AXI_DMA/ip/audio_AXI_DMA_processing_system7_0_0/audio_AXI_DMA_processing_system7_0_0/audio_AXI_DMA_processing_system7_0_0_in_context.xdc, line 148).
Applied set_property CLOCK_BUFFER_TYPE = NONE for FIXED_IO_mio[0]. (constraint file  c:/Users/Engineering/projekt_sdup/projekt_sdup.gen/sources_1/bd/audio_AXI_DMA/ip/audio_AXI_DMA_processing_system7_0_0/audio_AXI_DMA_processing_system7_0_0/audio_AXI_DMA_processing_system7_0_0_in_context.xdc, line 149).
Applied set_property IO_BUFFER_TYPE = NONE for FIXED_IO_mio[10]. (constraint file  c:/Users/Engineering/projekt_sdup/projekt_sdup.gen/sources_1/bd/audio_AXI_DMA/ip/audio_AXI_DMA_processing_system7_0_0/audio_AXI_DMA_processing_system7_0_0/audio_AXI_DMA_processing_system7_0_0_in_context.xdc, line 150).
Applied set_property CLOCK_BUFFER_TYPE = NONE for FIXED_IO_mio[10]. (constraint file  c:/Users/Engineering/projekt_sdup/projekt_sdup.gen/sources_1/bd/audio_AXI_DMA/ip/audio_AXI_DMA_processing_system7_0_0/audio_AXI_DMA_processing_system7_0_0/audio_AXI_DMA_processing_system7_0_0_in_context.xdc, line 151).
Applied set_property IO_BUFFER_TYPE = NONE for FIXED_IO_mio[11]. (constraint file  c:/Users/Engineering/projekt_sdup/projekt_sdup.gen/sources_1/bd/audio_AXI_DMA/ip/audio_AXI_DMA_processing_system7_0_0/audio_AXI_DMA_processing_system7_0_0/audio_AXI_DMA_processing_system7_0_0_in_context.xdc, line 152).
Applied set_property CLOCK_BUFFER_TYPE = NONE for FIXED_IO_mio[11]. (constraint file  c:/Users/Engineering/projekt_sdup/projekt_sdup.gen/sources_1/bd/audio_AXI_DMA/ip/audio_AXI_DMA_processing_system7_0_0/audio_AXI_DMA_processing_system7_0_0/audio_AXI_DMA_processing_system7_0_0_in_context.xdc, line 153).
Applied set_property IO_BUFFER_TYPE = NONE for FIXED_IO_mio[12]. (constraint file  c:/Users/Engineering/projekt_sdup/projekt_sdup.gen/sources_1/bd/audio_AXI_DMA/ip/audio_AXI_DMA_processing_system7_0_0/audio_AXI_DMA_processing_system7_0_0/audio_AXI_DMA_processing_system7_0_0_in_context.xdc, line 154).
Applied set_property CLOCK_BUFFER_TYPE = NONE for FIXED_IO_mio[12]. (constraint file  c:/Users/Engineering/projekt_sdup/projekt_sdup.gen/sources_1/bd/audio_AXI_DMA/ip/audio_AXI_DMA_processing_system7_0_0/audio_AXI_DMA_processing_system7_0_0/audio_AXI_DMA_processing_system7_0_0_in_context.xdc, line 155).
Applied set_property IO_BUFFER_TYPE = NONE for FIXED_IO_mio[13]. (constraint file  c:/Users/Engineering/projekt_sdup/projekt_sdup.gen/sources_1/bd/audio_AXI_DMA/ip/audio_AXI_DMA_processing_system7_0_0/audio_AXI_DMA_processing_system7_0_0/audio_AXI_DMA_processing_system7_0_0_in_context.xdc, line 156).
Applied set_property CLOCK_BUFFER_TYPE = NONE for FIXED_IO_mio[13]. (constraint file  c:/Users/Engineering/projekt_sdup/projekt_sdup.gen/sources_1/bd/audio_AXI_DMA/ip/audio_AXI_DMA_processing_system7_0_0/audio_AXI_DMA_processing_system7_0_0/audio_AXI_DMA_processing_system7_0_0_in_context.xdc, line 157).
Applied set_property IO_BUFFER_TYPE = NONE for FIXED_IO_mio[14]. (constraint file  c:/Users/Engineering/projekt_sdup/projekt_sdup.gen/sources_1/bd/audio_AXI_DMA/ip/audio_AXI_DMA_processing_system7_0_0/audio_AXI_DMA_processing_system7_0_0/audio_AXI_DMA_processing_system7_0_0_in_context.xdc, line 158).
Applied set_property CLOCK_BUFFER_TYPE = NONE for FIXED_IO_mio[14]. (constraint file  c:/Users/Engineering/projekt_sdup/projekt_sdup.gen/sources_1/bd/audio_AXI_DMA/ip/audio_AXI_DMA_processing_system7_0_0/audio_AXI_DMA_processing_system7_0_0/audio_AXI_DMA_processing_system7_0_0_in_context.xdc, line 159).
Applied set_property IO_BUFFER_TYPE = NONE for FIXED_IO_mio[15]. (constraint file  c:/Users/Engineering/projekt_sdup/projekt_sdup.gen/sources_1/bd/audio_AXI_DMA/ip/audio_AXI_DMA_processing_system7_0_0/audio_AXI_DMA_processing_system7_0_0/audio_AXI_DMA_processing_system7_0_0_in_context.xdc, line 160).
Applied set_property CLOCK_BUFFER_TYPE = NONE for FIXED_IO_mio[15]. (constraint file  c:/Users/Engineering/projekt_sdup/projekt_sdup.gen/sources_1/bd/audio_AXI_DMA/ip/audio_AXI_DMA_processing_system7_0_0/audio_AXI_DMA_processing_system7_0_0/audio_AXI_DMA_processing_system7_0_0_in_context.xdc, line 161).
Applied set_property IO_BUFFER_TYPE = NONE for FIXED_IO_mio[16]. (constraint file  c:/Users/Engineering/projekt_sdup/projekt_sdup.gen/sources_1/bd/audio_AXI_DMA/ip/audio_AXI_DMA_processing_system7_0_0/audio_AXI_DMA_processing_system7_0_0/audio_AXI_DMA_processing_system7_0_0_in_context.xdc, line 162).
Applied set_property CLOCK_BUFFER_TYPE = NONE for FIXED_IO_mio[16]. (constraint file  c:/Users/Engineering/projekt_sdup/projekt_sdup.gen/sources_1/bd/audio_AXI_DMA/ip/audio_AXI_DMA_processing_system7_0_0/audio_AXI_DMA_processing_system7_0_0/audio_AXI_DMA_processing_system7_0_0_in_context.xdc, line 163).
Applied set_property IO_BUFFER_TYPE = NONE for FIXED_IO_mio[17]. (constraint file  c:/Users/Engineering/projekt_sdup/projekt_sdup.gen/sources_1/bd/audio_AXI_DMA/ip/audio_AXI_DMA_processing_system7_0_0/audio_AXI_DMA_processing_system7_0_0/audio_AXI_DMA_processing_system7_0_0_in_context.xdc, line 164).
Applied set_property CLOCK_BUFFER_TYPE = NONE for FIXED_IO_mio[17]. (constraint file  c:/Users/Engineering/projekt_sdup/projekt_sdup.gen/sources_1/bd/audio_AXI_DMA/ip/audio_AXI_DMA_processing_system7_0_0/audio_AXI_DMA_processing_system7_0_0/audio_AXI_DMA_processing_system7_0_0_in_context.xdc, line 165).
Applied set_property IO_BUFFER_TYPE = NONE for FIXED_IO_mio[18]. (constraint file  c:/Users/Engineering/projekt_sdup/projekt_sdup.gen/sources_1/bd/audio_AXI_DMA/ip/audio_AXI_DMA_processing_system7_0_0/audio_AXI_DMA_processing_system7_0_0/audio_AXI_DMA_processing_system7_0_0_in_context.xdc, line 166).
Applied set_property CLOCK_BUFFER_TYPE = NONE for FIXED_IO_mio[18]. (constraint file  c:/Users/Engineering/projekt_sdup/projekt_sdup.gen/sources_1/bd/audio_AXI_DMA/ip/audio_AXI_DMA_processing_system7_0_0/audio_AXI_DMA_processing_system7_0_0/audio_AXI_DMA_processing_system7_0_0_in_context.xdc, line 167).
Applied set_property IO_BUFFER_TYPE = NONE for FIXED_IO_mio[19]. (constraint file  c:/Users/Engineering/projekt_sdup/projekt_sdup.gen/sources_1/bd/audio_AXI_DMA/ip/audio_AXI_DMA_processing_system7_0_0/audio_AXI_DMA_processing_system7_0_0/audio_AXI_DMA_processing_system7_0_0_in_context.xdc, line 168).
Applied set_property CLOCK_BUFFER_TYPE = NONE for FIXED_IO_mio[19]. (constraint file  c:/Users/Engineering/projekt_sdup/projekt_sdup.gen/sources_1/bd/audio_AXI_DMA/ip/audio_AXI_DMA_processing_system7_0_0/audio_AXI_DMA_processing_system7_0_0/audio_AXI_DMA_processing_system7_0_0_in_context.xdc, line 169).
Applied set_property IO_BUFFER_TYPE = NONE for FIXED_IO_mio[1]. (constraint file  c:/Users/Engineering/projekt_sdup/projekt_sdup.gen/sources_1/bd/audio_AXI_DMA/ip/audio_AXI_DMA_processing_system7_0_0/audio_AXI_DMA_processing_system7_0_0/audio_AXI_DMA_processing_system7_0_0_in_context.xdc, line 170).
Applied set_property CLOCK_BUFFER_TYPE = NONE for FIXED_IO_mio[1]. (constraint file  c:/Users/Engineering/projekt_sdup/projekt_sdup.gen/sources_1/bd/audio_AXI_DMA/ip/audio_AXI_DMA_processing_system7_0_0/audio_AXI_DMA_processing_system7_0_0/audio_AXI_DMA_processing_system7_0_0_in_context.xdc, line 171).
Applied set_property IO_BUFFER_TYPE = NONE for FIXED_IO_mio[20]. (constraint file  c:/Users/Engineering/projekt_sdup/projekt_sdup.gen/sources_1/bd/audio_AXI_DMA/ip/audio_AXI_DMA_processing_system7_0_0/audio_AXI_DMA_processing_system7_0_0/audio_AXI_DMA_processing_system7_0_0_in_context.xdc, line 172).
Applied set_property CLOCK_BUFFER_TYPE = NONE for FIXED_IO_mio[20]. (constraint file  c:/Users/Engineering/projekt_sdup/projekt_sdup.gen/sources_1/bd/audio_AXI_DMA/ip/audio_AXI_DMA_processing_system7_0_0/audio_AXI_DMA_processing_system7_0_0/audio_AXI_DMA_processing_system7_0_0_in_context.xdc, line 173).
Applied set_property IO_BUFFER_TYPE = NONE for FIXED_IO_mio[21]. (constraint file  c:/Users/Engineering/projekt_sdup/projekt_sdup.gen/sources_1/bd/audio_AXI_DMA/ip/audio_AXI_DMA_processing_system7_0_0/audio_AXI_DMA_processing_system7_0_0/audio_AXI_DMA_processing_system7_0_0_in_context.xdc, line 174).
Applied set_property CLOCK_BUFFER_TYPE = NONE for FIXED_IO_mio[21]. (constraint file  c:/Users/Engineering/projekt_sdup/projekt_sdup.gen/sources_1/bd/audio_AXI_DMA/ip/audio_AXI_DMA_processing_system7_0_0/audio_AXI_DMA_processing_system7_0_0/audio_AXI_DMA_processing_system7_0_0_in_context.xdc, line 175).
Applied set_property IO_BUFFER_TYPE = NONE for FIXED_IO_mio[22]. (constraint file  c:/Users/Engineering/projekt_sdup/projekt_sdup.gen/sources_1/bd/audio_AXI_DMA/ip/audio_AXI_DMA_processing_system7_0_0/audio_AXI_DMA_processing_system7_0_0/audio_AXI_DMA_processing_system7_0_0_in_context.xdc, line 176).
Applied set_property CLOCK_BUFFER_TYPE = NONE for FIXED_IO_mio[22]. (constraint file  c:/Users/Engineering/projekt_sdup/projekt_sdup.gen/sources_1/bd/audio_AXI_DMA/ip/audio_AXI_DMA_processing_system7_0_0/audio_AXI_DMA_processing_system7_0_0/audio_AXI_DMA_processing_system7_0_0_in_context.xdc, line 177).
Applied set_property IO_BUFFER_TYPE = NONE for FIXED_IO_mio[23]. (constraint file  c:/Users/Engineering/projekt_sdup/projekt_sdup.gen/sources_1/bd/audio_AXI_DMA/ip/audio_AXI_DMA_processing_system7_0_0/audio_AXI_DMA_processing_system7_0_0/audio_AXI_DMA_processing_system7_0_0_in_context.xdc, line 178).
Applied set_property CLOCK_BUFFER_TYPE = NONE for FIXED_IO_mio[23]. (constraint file  c:/Users/Engineering/projekt_sdup/projekt_sdup.gen/sources_1/bd/audio_AXI_DMA/ip/audio_AXI_DMA_processing_system7_0_0/audio_AXI_DMA_processing_system7_0_0/audio_AXI_DMA_processing_system7_0_0_in_context.xdc, line 179).
Applied set_property IO_BUFFER_TYPE = NONE for FIXED_IO_mio[24]. (constraint file  c:/Users/Engineering/projekt_sdup/projekt_sdup.gen/sources_1/bd/audio_AXI_DMA/ip/audio_AXI_DMA_processing_system7_0_0/audio_AXI_DMA_processing_system7_0_0/audio_AXI_DMA_processing_system7_0_0_in_context.xdc, line 180).
Applied set_property CLOCK_BUFFER_TYPE = NONE for FIXED_IO_mio[24]. (constraint file  c:/Users/Engineering/projekt_sdup/projekt_sdup.gen/sources_1/bd/audio_AXI_DMA/ip/audio_AXI_DMA_processing_system7_0_0/audio_AXI_DMA_processing_system7_0_0/audio_AXI_DMA_processing_system7_0_0_in_context.xdc, line 181).
Applied set_property IO_BUFFER_TYPE = NONE for FIXED_IO_mio[25]. (constraint file  c:/Users/Engineering/projekt_sdup/projekt_sdup.gen/sources_1/bd/audio_AXI_DMA/ip/audio_AXI_DMA_processing_system7_0_0/audio_AXI_DMA_processing_system7_0_0/audio_AXI_DMA_processing_system7_0_0_in_context.xdc, line 182).
Applied set_property CLOCK_BUFFER_TYPE = NONE for FIXED_IO_mio[25]. (constraint file  c:/Users/Engineering/projekt_sdup/projekt_sdup.gen/sources_1/bd/audio_AXI_DMA/ip/audio_AXI_DMA_processing_system7_0_0/audio_AXI_DMA_processing_system7_0_0/audio_AXI_DMA_processing_system7_0_0_in_context.xdc, line 183).
Applied set_property IO_BUFFER_TYPE = NONE for FIXED_IO_mio[26]. (constraint file  c:/Users/Engineering/projekt_sdup/projekt_sdup.gen/sources_1/bd/audio_AXI_DMA/ip/audio_AXI_DMA_processing_system7_0_0/audio_AXI_DMA_processing_system7_0_0/audio_AXI_DMA_processing_system7_0_0_in_context.xdc, line 184).
Applied set_property CLOCK_BUFFER_TYPE = NONE for FIXED_IO_mio[26]. (constraint file  c:/Users/Engineering/projekt_sdup/projekt_sdup.gen/sources_1/bd/audio_AXI_DMA/ip/audio_AXI_DMA_processing_system7_0_0/audio_AXI_DMA_processing_system7_0_0/audio_AXI_DMA_processing_system7_0_0_in_context.xdc, line 185).
Applied set_property IO_BUFFER_TYPE = NONE for FIXED_IO_mio[27]. (constraint file  c:/Users/Engineering/projekt_sdup/projekt_sdup.gen/sources_1/bd/audio_AXI_DMA/ip/audio_AXI_DMA_processing_system7_0_0/audio_AXI_DMA_processing_system7_0_0/audio_AXI_DMA_processing_system7_0_0_in_context.xdc, line 186).
Applied set_property CLOCK_BUFFER_TYPE = NONE for FIXED_IO_mio[27]. (constraint file  c:/Users/Engineering/projekt_sdup/projekt_sdup.gen/sources_1/bd/audio_AXI_DMA/ip/audio_AXI_DMA_processing_system7_0_0/audio_AXI_DMA_processing_system7_0_0/audio_AXI_DMA_processing_system7_0_0_in_context.xdc, line 187).
Applied set_property IO_BUFFER_TYPE = NONE for FIXED_IO_mio[28]. (constraint file  c:/Users/Engineering/projekt_sdup/projekt_sdup.gen/sources_1/bd/audio_AXI_DMA/ip/audio_AXI_DMA_processing_system7_0_0/audio_AXI_DMA_processing_system7_0_0/audio_AXI_DMA_processing_system7_0_0_in_context.xdc, line 188).
Applied set_property CLOCK_BUFFER_TYPE = NONE for FIXED_IO_mio[28]. (constraint file  c:/Users/Engineering/projekt_sdup/projekt_sdup.gen/sources_1/bd/audio_AXI_DMA/ip/audio_AXI_DMA_processing_system7_0_0/audio_AXI_DMA_processing_system7_0_0/audio_AXI_DMA_processing_system7_0_0_in_context.xdc, line 189).
Applied set_property IO_BUFFER_TYPE = NONE for FIXED_IO_mio[29]. (constraint file  c:/Users/Engineering/projekt_sdup/projekt_sdup.gen/sources_1/bd/audio_AXI_DMA/ip/audio_AXI_DMA_processing_system7_0_0/audio_AXI_DMA_processing_system7_0_0/audio_AXI_DMA_processing_system7_0_0_in_context.xdc, line 190).
Applied set_property CLOCK_BUFFER_TYPE = NONE for FIXED_IO_mio[29]. (constraint file  c:/Users/Engineering/projekt_sdup/projekt_sdup.gen/sources_1/bd/audio_AXI_DMA/ip/audio_AXI_DMA_processing_system7_0_0/audio_AXI_DMA_processing_system7_0_0/audio_AXI_DMA_processing_system7_0_0_in_context.xdc, line 191).
Applied set_property IO_BUFFER_TYPE = NONE for FIXED_IO_mio[2]. (constraint file  c:/Users/Engineering/projekt_sdup/projekt_sdup.gen/sources_1/bd/audio_AXI_DMA/ip/audio_AXI_DMA_processing_system7_0_0/audio_AXI_DMA_processing_system7_0_0/audio_AXI_DMA_processing_system7_0_0_in_context.xdc, line 192).
Applied set_property CLOCK_BUFFER_TYPE = NONE for FIXED_IO_mio[2]. (constraint file  c:/Users/Engineering/projekt_sdup/projekt_sdup.gen/sources_1/bd/audio_AXI_DMA/ip/audio_AXI_DMA_processing_system7_0_0/audio_AXI_DMA_processing_system7_0_0/audio_AXI_DMA_processing_system7_0_0_in_context.xdc, line 193).
Applied set_property IO_BUFFER_TYPE = NONE for FIXED_IO_mio[30]. (constraint file  c:/Users/Engineering/projekt_sdup/projekt_sdup.gen/sources_1/bd/audio_AXI_DMA/ip/audio_AXI_DMA_processing_system7_0_0/audio_AXI_DMA_processing_system7_0_0/audio_AXI_DMA_processing_system7_0_0_in_context.xdc, line 194).
Applied set_property CLOCK_BUFFER_TYPE = NONE for FIXED_IO_mio[30]. (constraint file  c:/Users/Engineering/projekt_sdup/projekt_sdup.gen/sources_1/bd/audio_AXI_DMA/ip/audio_AXI_DMA_processing_system7_0_0/audio_AXI_DMA_processing_system7_0_0/audio_AXI_DMA_processing_system7_0_0_in_context.xdc, line 195).
Applied set_property IO_BUFFER_TYPE = NONE for FIXED_IO_mio[31]. (constraint file  c:/Users/Engineering/projekt_sdup/projekt_sdup.gen/sources_1/bd/audio_AXI_DMA/ip/audio_AXI_DMA_processing_system7_0_0/audio_AXI_DMA_processing_system7_0_0/audio_AXI_DMA_processing_system7_0_0_in_context.xdc, line 196).
Applied set_property CLOCK_BUFFER_TYPE = NONE for FIXED_IO_mio[31]. (constraint file  c:/Users/Engineering/projekt_sdup/projekt_sdup.gen/sources_1/bd/audio_AXI_DMA/ip/audio_AXI_DMA_processing_system7_0_0/audio_AXI_DMA_processing_system7_0_0/audio_AXI_DMA_processing_system7_0_0_in_context.xdc, line 197).
Applied set_property IO_BUFFER_TYPE = NONE for FIXED_IO_mio[32]. (constraint file  c:/Users/Engineering/projekt_sdup/projekt_sdup.gen/sources_1/bd/audio_AXI_DMA/ip/audio_AXI_DMA_processing_system7_0_0/audio_AXI_DMA_processing_system7_0_0/audio_AXI_DMA_processing_system7_0_0_in_context.xdc, line 198).
Applied set_property CLOCK_BUFFER_TYPE = NONE for FIXED_IO_mio[32]. (constraint file  c:/Users/Engineering/projekt_sdup/projekt_sdup.gen/sources_1/bd/audio_AXI_DMA/ip/audio_AXI_DMA_processing_system7_0_0/audio_AXI_DMA_processing_system7_0_0/audio_AXI_DMA_processing_system7_0_0_in_context.xdc, line 199).
Applied set_property IO_BUFFER_TYPE = NONE for FIXED_IO_mio[33]. (constraint file  c:/Users/Engineering/projekt_sdup/projekt_sdup.gen/sources_1/bd/audio_AXI_DMA/ip/audio_AXI_DMA_processing_system7_0_0/audio_AXI_DMA_processing_system7_0_0/audio_AXI_DMA_processing_system7_0_0_in_context.xdc, line 200).
Applied set_property CLOCK_BUFFER_TYPE = NONE for FIXED_IO_mio[33]. (constraint file  c:/Users/Engineering/projekt_sdup/projekt_sdup.gen/sources_1/bd/audio_AXI_DMA/ip/audio_AXI_DMA_processing_system7_0_0/audio_AXI_DMA_processing_system7_0_0/audio_AXI_DMA_processing_system7_0_0_in_context.xdc, line 201).
Applied set_property IO_BUFFER_TYPE = NONE for FIXED_IO_mio[34]. (constraint file  c:/Users/Engineering/projekt_sdup/projekt_sdup.gen/sources_1/bd/audio_AXI_DMA/ip/audio_AXI_DMA_processing_system7_0_0/audio_AXI_DMA_processing_system7_0_0/audio_AXI_DMA_processing_system7_0_0_in_context.xdc, line 202).
Applied set_property CLOCK_BUFFER_TYPE = NONE for FIXED_IO_mio[34]. (constraint file  c:/Users/Engineering/projekt_sdup/projekt_sdup.gen/sources_1/bd/audio_AXI_DMA/ip/audio_AXI_DMA_processing_system7_0_0/audio_AXI_DMA_processing_system7_0_0/audio_AXI_DMA_processing_system7_0_0_in_context.xdc, line 203).
Applied set_property IO_BUFFER_TYPE = NONE for FIXED_IO_mio[35]. (constraint file  c:/Users/Engineering/projekt_sdup/projekt_sdup.gen/sources_1/bd/audio_AXI_DMA/ip/audio_AXI_DMA_processing_system7_0_0/audio_AXI_DMA_processing_system7_0_0/audio_AXI_DMA_processing_system7_0_0_in_context.xdc, line 204).
Applied set_property CLOCK_BUFFER_TYPE = NONE for FIXED_IO_mio[35]. (constraint file  c:/Users/Engineering/projekt_sdup/projekt_sdup.gen/sources_1/bd/audio_AXI_DMA/ip/audio_AXI_DMA_processing_system7_0_0/audio_AXI_DMA_processing_system7_0_0/audio_AXI_DMA_processing_system7_0_0_in_context.xdc, line 205).
Applied set_property IO_BUFFER_TYPE = NONE for FIXED_IO_mio[36]. (constraint file  c:/Users/Engineering/projekt_sdup/projekt_sdup.gen/sources_1/bd/audio_AXI_DMA/ip/audio_AXI_DMA_processing_system7_0_0/audio_AXI_DMA_processing_system7_0_0/audio_AXI_DMA_processing_system7_0_0_in_context.xdc, line 206).
Applied set_property CLOCK_BUFFER_TYPE = NONE for FIXED_IO_mio[36]. (constraint file  c:/Users/Engineering/projekt_sdup/projekt_sdup.gen/sources_1/bd/audio_AXI_DMA/ip/audio_AXI_DMA_processing_system7_0_0/audio_AXI_DMA_processing_system7_0_0/audio_AXI_DMA_processing_system7_0_0_in_context.xdc, line 207).
Applied set_property IO_BUFFER_TYPE = NONE for FIXED_IO_mio[37]. (constraint file  c:/Users/Engineering/projekt_sdup/projekt_sdup.gen/sources_1/bd/audio_AXI_DMA/ip/audio_AXI_DMA_processing_system7_0_0/audio_AXI_DMA_processing_system7_0_0/audio_AXI_DMA_processing_system7_0_0_in_context.xdc, line 208).
Applied set_property CLOCK_BUFFER_TYPE = NONE for FIXED_IO_mio[37]. (constraint file  c:/Users/Engineering/projekt_sdup/projekt_sdup.gen/sources_1/bd/audio_AXI_DMA/ip/audio_AXI_DMA_processing_system7_0_0/audio_AXI_DMA_processing_system7_0_0/audio_AXI_DMA_processing_system7_0_0_in_context.xdc, line 209).
Applied set_property IO_BUFFER_TYPE = NONE for FIXED_IO_mio[38]. (constraint file  c:/Users/Engineering/projekt_sdup/projekt_sdup.gen/sources_1/bd/audio_AXI_DMA/ip/audio_AXI_DMA_processing_system7_0_0/audio_AXI_DMA_processing_system7_0_0/audio_AXI_DMA_processing_system7_0_0_in_context.xdc, line 210).
Applied set_property CLOCK_BUFFER_TYPE = NONE for FIXED_IO_mio[38]. (constraint file  c:/Users/Engineering/projekt_sdup/projekt_sdup.gen/sources_1/bd/audio_AXI_DMA/ip/audio_AXI_DMA_processing_system7_0_0/audio_AXI_DMA_processing_system7_0_0/audio_AXI_DMA_processing_system7_0_0_in_context.xdc, line 211).
Applied set_property IO_BUFFER_TYPE = NONE for FIXED_IO_mio[39]. (constraint file  c:/Users/Engineering/projekt_sdup/projekt_sdup.gen/sources_1/bd/audio_AXI_DMA/ip/audio_AXI_DMA_processing_system7_0_0/audio_AXI_DMA_processing_system7_0_0/audio_AXI_DMA_processing_system7_0_0_in_context.xdc, line 212).
Applied set_property CLOCK_BUFFER_TYPE = NONE for FIXED_IO_mio[39]. (constraint file  c:/Users/Engineering/projekt_sdup/projekt_sdup.gen/sources_1/bd/audio_AXI_DMA/ip/audio_AXI_DMA_processing_system7_0_0/audio_AXI_DMA_processing_system7_0_0/audio_AXI_DMA_processing_system7_0_0_in_context.xdc, line 213).
Applied set_property IO_BUFFER_TYPE = NONE for FIXED_IO_mio[3]. (constraint file  c:/Users/Engineering/projekt_sdup/projekt_sdup.gen/sources_1/bd/audio_AXI_DMA/ip/audio_AXI_DMA_processing_system7_0_0/audio_AXI_DMA_processing_system7_0_0/audio_AXI_DMA_processing_system7_0_0_in_context.xdc, line 214).
Applied set_property CLOCK_BUFFER_TYPE = NONE for FIXED_IO_mio[3]. (constraint file  c:/Users/Engineering/projekt_sdup/projekt_sdup.gen/sources_1/bd/audio_AXI_DMA/ip/audio_AXI_DMA_processing_system7_0_0/audio_AXI_DMA_processing_system7_0_0/audio_AXI_DMA_processing_system7_0_0_in_context.xdc, line 215).
Applied set_property IO_BUFFER_TYPE = NONE for FIXED_IO_mio[40]. (constraint file  c:/Users/Engineering/projekt_sdup/projekt_sdup.gen/sources_1/bd/audio_AXI_DMA/ip/audio_AXI_DMA_processing_system7_0_0/audio_AXI_DMA_processing_system7_0_0/audio_AXI_DMA_processing_system7_0_0_in_context.xdc, line 216).
Applied set_property CLOCK_BUFFER_TYPE = NONE for FIXED_IO_mio[40]. (constraint file  c:/Users/Engineering/projekt_sdup/projekt_sdup.gen/sources_1/bd/audio_AXI_DMA/ip/audio_AXI_DMA_processing_system7_0_0/audio_AXI_DMA_processing_system7_0_0/audio_AXI_DMA_processing_system7_0_0_in_context.xdc, line 217).
Applied set_property IO_BUFFER_TYPE = NONE for FIXED_IO_mio[41]. (constraint file  c:/Users/Engineering/projekt_sdup/projekt_sdup.gen/sources_1/bd/audio_AXI_DMA/ip/audio_AXI_DMA_processing_system7_0_0/audio_AXI_DMA_processing_system7_0_0/audio_AXI_DMA_processing_system7_0_0_in_context.xdc, line 218).
Applied set_property CLOCK_BUFFER_TYPE = NONE for FIXED_IO_mio[41]. (constraint file  c:/Users/Engineering/projekt_sdup/projekt_sdup.gen/sources_1/bd/audio_AXI_DMA/ip/audio_AXI_DMA_processing_system7_0_0/audio_AXI_DMA_processing_system7_0_0/audio_AXI_DMA_processing_system7_0_0_in_context.xdc, line 219).
Applied set_property IO_BUFFER_TYPE = NONE for FIXED_IO_mio[42]. (constraint file  c:/Users/Engineering/projekt_sdup/projekt_sdup.gen/sources_1/bd/audio_AXI_DMA/ip/audio_AXI_DMA_processing_system7_0_0/audio_AXI_DMA_processing_system7_0_0/audio_AXI_DMA_processing_system7_0_0_in_context.xdc, line 220).
Applied set_property CLOCK_BUFFER_TYPE = NONE for FIXED_IO_mio[42]. (constraint file  c:/Users/Engineering/projekt_sdup/projekt_sdup.gen/sources_1/bd/audio_AXI_DMA/ip/audio_AXI_DMA_processing_system7_0_0/audio_AXI_DMA_processing_system7_0_0/audio_AXI_DMA_processing_system7_0_0_in_context.xdc, line 221).
Applied set_property IO_BUFFER_TYPE = NONE for FIXED_IO_mio[43]. (constraint file  c:/Users/Engineering/projekt_sdup/projekt_sdup.gen/sources_1/bd/audio_AXI_DMA/ip/audio_AXI_DMA_processing_system7_0_0/audio_AXI_DMA_processing_system7_0_0/audio_AXI_DMA_processing_system7_0_0_in_context.xdc, line 222).
Applied set_property CLOCK_BUFFER_TYPE = NONE for FIXED_IO_mio[43]. (constraint file  c:/Users/Engineering/projekt_sdup/projekt_sdup.gen/sources_1/bd/audio_AXI_DMA/ip/audio_AXI_DMA_processing_system7_0_0/audio_AXI_DMA_processing_system7_0_0/audio_AXI_DMA_processing_system7_0_0_in_context.xdc, line 223).
Applied set_property IO_BUFFER_TYPE = NONE for FIXED_IO_mio[44]. (constraint file  c:/Users/Engineering/projekt_sdup/projekt_sdup.gen/sources_1/bd/audio_AXI_DMA/ip/audio_AXI_DMA_processing_system7_0_0/audio_AXI_DMA_processing_system7_0_0/audio_AXI_DMA_processing_system7_0_0_in_context.xdc, line 224).
Applied set_property CLOCK_BUFFER_TYPE = NONE for FIXED_IO_mio[44]. (constraint file  c:/Users/Engineering/projekt_sdup/projekt_sdup.gen/sources_1/bd/audio_AXI_DMA/ip/audio_AXI_DMA_processing_system7_0_0/audio_AXI_DMA_processing_system7_0_0/audio_AXI_DMA_processing_system7_0_0_in_context.xdc, line 225).
Applied set_property IO_BUFFER_TYPE = NONE for FIXED_IO_mio[45]. (constraint file  c:/Users/Engineering/projekt_sdup/projekt_sdup.gen/sources_1/bd/audio_AXI_DMA/ip/audio_AXI_DMA_processing_system7_0_0/audio_AXI_DMA_processing_system7_0_0/audio_AXI_DMA_processing_system7_0_0_in_context.xdc, line 226).
Applied set_property CLOCK_BUFFER_TYPE = NONE for FIXED_IO_mio[45]. (constraint file  c:/Users/Engineering/projekt_sdup/projekt_sdup.gen/sources_1/bd/audio_AXI_DMA/ip/audio_AXI_DMA_processing_system7_0_0/audio_AXI_DMA_processing_system7_0_0/audio_AXI_DMA_processing_system7_0_0_in_context.xdc, line 227).
Applied set_property IO_BUFFER_TYPE = NONE for FIXED_IO_mio[46]. (constraint file  c:/Users/Engineering/projekt_sdup/projekt_sdup.gen/sources_1/bd/audio_AXI_DMA/ip/audio_AXI_DMA_processing_system7_0_0/audio_AXI_DMA_processing_system7_0_0/audio_AXI_DMA_processing_system7_0_0_in_context.xdc, line 228).
Applied set_property CLOCK_BUFFER_TYPE = NONE for FIXED_IO_mio[46]. (constraint file  c:/Users/Engineering/projekt_sdup/projekt_sdup.gen/sources_1/bd/audio_AXI_DMA/ip/audio_AXI_DMA_processing_system7_0_0/audio_AXI_DMA_processing_system7_0_0/audio_AXI_DMA_processing_system7_0_0_in_context.xdc, line 229).
Applied set_property IO_BUFFER_TYPE = NONE for FIXED_IO_mio[47]. (constraint file  c:/Users/Engineering/projekt_sdup/projekt_sdup.gen/sources_1/bd/audio_AXI_DMA/ip/audio_AXI_DMA_processing_system7_0_0/audio_AXI_DMA_processing_system7_0_0/audio_AXI_DMA_processing_system7_0_0_in_context.xdc, line 230).
Applied set_property CLOCK_BUFFER_TYPE = NONE for FIXED_IO_mio[47]. (constraint file  c:/Users/Engineering/projekt_sdup/projekt_sdup.gen/sources_1/bd/audio_AXI_DMA/ip/audio_AXI_DMA_processing_system7_0_0/audio_AXI_DMA_processing_system7_0_0/audio_AXI_DMA_processing_system7_0_0_in_context.xdc, line 231).
Applied set_property IO_BUFFER_TYPE = NONE for FIXED_IO_mio[48]. (constraint file  c:/Users/Engineering/projekt_sdup/projekt_sdup.gen/sources_1/bd/audio_AXI_DMA/ip/audio_AXI_DMA_processing_system7_0_0/audio_AXI_DMA_processing_system7_0_0/audio_AXI_DMA_processing_system7_0_0_in_context.xdc, line 232).
Applied set_property CLOCK_BUFFER_TYPE = NONE for FIXED_IO_mio[48]. (constraint file  c:/Users/Engineering/projekt_sdup/projekt_sdup.gen/sources_1/bd/audio_AXI_DMA/ip/audio_AXI_DMA_processing_system7_0_0/audio_AXI_DMA_processing_system7_0_0/audio_AXI_DMA_processing_system7_0_0_in_context.xdc, line 233).
Applied set_property IO_BUFFER_TYPE = NONE for FIXED_IO_mio[49]. (constraint file  c:/Users/Engineering/projekt_sdup/projekt_sdup.gen/sources_1/bd/audio_AXI_DMA/ip/audio_AXI_DMA_processing_system7_0_0/audio_AXI_DMA_processing_system7_0_0/audio_AXI_DMA_processing_system7_0_0_in_context.xdc, line 234).
Applied set_property CLOCK_BUFFER_TYPE = NONE for FIXED_IO_mio[49]. (constraint file  c:/Users/Engineering/projekt_sdup/projekt_sdup.gen/sources_1/bd/audio_AXI_DMA/ip/audio_AXI_DMA_processing_system7_0_0/audio_AXI_DMA_processing_system7_0_0/audio_AXI_DMA_processing_system7_0_0_in_context.xdc, line 235).
Applied set_property IO_BUFFER_TYPE = NONE for FIXED_IO_mio[4]. (constraint file  c:/Users/Engineering/projekt_sdup/projekt_sdup.gen/sources_1/bd/audio_AXI_DMA/ip/audio_AXI_DMA_processing_system7_0_0/audio_AXI_DMA_processing_system7_0_0/audio_AXI_DMA_processing_system7_0_0_in_context.xdc, line 236).
Applied set_property CLOCK_BUFFER_TYPE = NONE for FIXED_IO_mio[4]. (constraint file  c:/Users/Engineering/projekt_sdup/projekt_sdup.gen/sources_1/bd/audio_AXI_DMA/ip/audio_AXI_DMA_processing_system7_0_0/audio_AXI_DMA_processing_system7_0_0/audio_AXI_DMA_processing_system7_0_0_in_context.xdc, line 237).
Applied set_property IO_BUFFER_TYPE = NONE for FIXED_IO_mio[50]. (constraint file  c:/Users/Engineering/projekt_sdup/projekt_sdup.gen/sources_1/bd/audio_AXI_DMA/ip/audio_AXI_DMA_processing_system7_0_0/audio_AXI_DMA_processing_system7_0_0/audio_AXI_DMA_processing_system7_0_0_in_context.xdc, line 238).
Applied set_property CLOCK_BUFFER_TYPE = NONE for FIXED_IO_mio[50]. (constraint file  c:/Users/Engineering/projekt_sdup/projekt_sdup.gen/sources_1/bd/audio_AXI_DMA/ip/audio_AXI_DMA_processing_system7_0_0/audio_AXI_DMA_processing_system7_0_0/audio_AXI_DMA_processing_system7_0_0_in_context.xdc, line 239).
Applied set_property IO_BUFFER_TYPE = NONE for FIXED_IO_mio[51]. (constraint file  c:/Users/Engineering/projekt_sdup/projekt_sdup.gen/sources_1/bd/audio_AXI_DMA/ip/audio_AXI_DMA_processing_system7_0_0/audio_AXI_DMA_processing_system7_0_0/audio_AXI_DMA_processing_system7_0_0_in_context.xdc, line 240).
Applied set_property CLOCK_BUFFER_TYPE = NONE for FIXED_IO_mio[51]. (constraint file  c:/Users/Engineering/projekt_sdup/projekt_sdup.gen/sources_1/bd/audio_AXI_DMA/ip/audio_AXI_DMA_processing_system7_0_0/audio_AXI_DMA_processing_system7_0_0/audio_AXI_DMA_processing_system7_0_0_in_context.xdc, line 241).
Applied set_property IO_BUFFER_TYPE = NONE for FIXED_IO_mio[52]. (constraint file  c:/Users/Engineering/projekt_sdup/projekt_sdup.gen/sources_1/bd/audio_AXI_DMA/ip/audio_AXI_DMA_processing_system7_0_0/audio_AXI_DMA_processing_system7_0_0/audio_AXI_DMA_processing_system7_0_0_in_context.xdc, line 242).
Applied set_property CLOCK_BUFFER_TYPE = NONE for FIXED_IO_mio[52]. (constraint file  c:/Users/Engineering/projekt_sdup/projekt_sdup.gen/sources_1/bd/audio_AXI_DMA/ip/audio_AXI_DMA_processing_system7_0_0/audio_AXI_DMA_processing_system7_0_0/audio_AXI_DMA_processing_system7_0_0_in_context.xdc, line 243).
Applied set_property IO_BUFFER_TYPE = NONE for FIXED_IO_mio[53]. (constraint file  c:/Users/Engineering/projekt_sdup/projekt_sdup.gen/sources_1/bd/audio_AXI_DMA/ip/audio_AXI_DMA_processing_system7_0_0/audio_AXI_DMA_processing_system7_0_0/audio_AXI_DMA_processing_system7_0_0_in_context.xdc, line 244).
Applied set_property CLOCK_BUFFER_TYPE = NONE for FIXED_IO_mio[53]. (constraint file  c:/Users/Engineering/projekt_sdup/projekt_sdup.gen/sources_1/bd/audio_AXI_DMA/ip/audio_AXI_DMA_processing_system7_0_0/audio_AXI_DMA_processing_system7_0_0/audio_AXI_DMA_processing_system7_0_0_in_context.xdc, line 245).
Applied set_property IO_BUFFER_TYPE = NONE for FIXED_IO_mio[5]. (constraint file  c:/Users/Engineering/projekt_sdup/projekt_sdup.gen/sources_1/bd/audio_AXI_DMA/ip/audio_AXI_DMA_processing_system7_0_0/audio_AXI_DMA_processing_system7_0_0/audio_AXI_DMA_processing_system7_0_0_in_context.xdc, line 246).
Applied set_property CLOCK_BUFFER_TYPE = NONE for FIXED_IO_mio[5]. (constraint file  c:/Users/Engineering/projekt_sdup/projekt_sdup.gen/sources_1/bd/audio_AXI_DMA/ip/audio_AXI_DMA_processing_system7_0_0/audio_AXI_DMA_processing_system7_0_0/audio_AXI_DMA_processing_system7_0_0_in_context.xdc, line 247).
Applied set_property IO_BUFFER_TYPE = NONE for FIXED_IO_mio[6]. (constraint file  c:/Users/Engineering/projekt_sdup/projekt_sdup.gen/sources_1/bd/audio_AXI_DMA/ip/audio_AXI_DMA_processing_system7_0_0/audio_AXI_DMA_processing_system7_0_0/audio_AXI_DMA_processing_system7_0_0_in_context.xdc, line 248).
Applied set_property CLOCK_BUFFER_TYPE = NONE for FIXED_IO_mio[6]. (constraint file  c:/Users/Engineering/projekt_sdup/projekt_sdup.gen/sources_1/bd/audio_AXI_DMA/ip/audio_AXI_DMA_processing_system7_0_0/audio_AXI_DMA_processing_system7_0_0/audio_AXI_DMA_processing_system7_0_0_in_context.xdc, line 249).
Applied set_property IO_BUFFER_TYPE = NONE for FIXED_IO_mio[7]. (constraint file  c:/Users/Engineering/projekt_sdup/projekt_sdup.gen/sources_1/bd/audio_AXI_DMA/ip/audio_AXI_DMA_processing_system7_0_0/audio_AXI_DMA_processing_system7_0_0/audio_AXI_DMA_processing_system7_0_0_in_context.xdc, line 250).
Applied set_property CLOCK_BUFFER_TYPE = NONE for FIXED_IO_mio[7]. (constraint file  c:/Users/Engineering/projekt_sdup/projekt_sdup.gen/sources_1/bd/audio_AXI_DMA/ip/audio_AXI_DMA_processing_system7_0_0/audio_AXI_DMA_processing_system7_0_0/audio_AXI_DMA_processing_system7_0_0_in_context.xdc, line 251).
Applied set_property IO_BUFFER_TYPE = NONE for FIXED_IO_mio[8]. (constraint file  c:/Users/Engineering/projekt_sdup/projekt_sdup.gen/sources_1/bd/audio_AXI_DMA/ip/audio_AXI_DMA_processing_system7_0_0/audio_AXI_DMA_processing_system7_0_0/audio_AXI_DMA_processing_system7_0_0_in_context.xdc, line 252).
Applied set_property CLOCK_BUFFER_TYPE = NONE for FIXED_IO_mio[8]. (constraint file  c:/Users/Engineering/projekt_sdup/projekt_sdup.gen/sources_1/bd/audio_AXI_DMA/ip/audio_AXI_DMA_processing_system7_0_0/audio_AXI_DMA_processing_system7_0_0/audio_AXI_DMA_processing_system7_0_0_in_context.xdc, line 253).
Applied set_property IO_BUFFER_TYPE = NONE for FIXED_IO_mio[9]. (constraint file  c:/Users/Engineering/projekt_sdup/projekt_sdup.gen/sources_1/bd/audio_AXI_DMA/ip/audio_AXI_DMA_processing_system7_0_0/audio_AXI_DMA_processing_system7_0_0/audio_AXI_DMA_processing_system7_0_0_in_context.xdc, line 254).
Applied set_property CLOCK_BUFFER_TYPE = NONE for FIXED_IO_mio[9]. (constraint file  c:/Users/Engineering/projekt_sdup/projekt_sdup.gen/sources_1/bd/audio_AXI_DMA/ip/audio_AXI_DMA_processing_system7_0_0/audio_AXI_DMA_processing_system7_0_0/audio_AXI_DMA_processing_system7_0_0_in_context.xdc, line 255).
Applied set_property IO_BUFFER_TYPE = NONE for FIXED_IO_ps_clk. (constraint file  c:/Users/Engineering/projekt_sdup/projekt_sdup.gen/sources_1/bd/audio_AXI_DMA/ip/audio_AXI_DMA_processing_system7_0_0/audio_AXI_DMA_processing_system7_0_0/audio_AXI_DMA_processing_system7_0_0_in_context.xdc, line 256).
Applied set_property CLOCK_BUFFER_TYPE = NONE for FIXED_IO_ps_clk. (constraint file  c:/Users/Engineering/projekt_sdup/projekt_sdup.gen/sources_1/bd/audio_AXI_DMA/ip/audio_AXI_DMA_processing_system7_0_0/audio_AXI_DMA_processing_system7_0_0/audio_AXI_DMA_processing_system7_0_0_in_context.xdc, line 257).
Applied set_property IO_BUFFER_TYPE = NONE for FIXED_IO_ps_porb. (constraint file  c:/Users/Engineering/projekt_sdup/projekt_sdup.gen/sources_1/bd/audio_AXI_DMA/ip/audio_AXI_DMA_processing_system7_0_0/audio_AXI_DMA_processing_system7_0_0/audio_AXI_DMA_processing_system7_0_0_in_context.xdc, line 258).
Applied set_property CLOCK_BUFFER_TYPE = NONE for FIXED_IO_ps_porb. (constraint file  c:/Users/Engineering/projekt_sdup/projekt_sdup.gen/sources_1/bd/audio_AXI_DMA/ip/audio_AXI_DMA_processing_system7_0_0/audio_AXI_DMA_processing_system7_0_0/audio_AXI_DMA_processing_system7_0_0_in_context.xdc, line 259).
Applied set_property IO_BUFFER_TYPE = NONE for FIXED_IO_ps_srstb. (constraint file  c:/Users/Engineering/projekt_sdup/projekt_sdup.gen/sources_1/bd/audio_AXI_DMA/ip/audio_AXI_DMA_processing_system7_0_0/audio_AXI_DMA_processing_system7_0_0/audio_AXI_DMA_processing_system7_0_0_in_context.xdc, line 260).
Applied set_property CLOCK_BUFFER_TYPE = NONE for FIXED_IO_ps_srstb. (constraint file  c:/Users/Engineering/projekt_sdup/projekt_sdup.gen/sources_1/bd/audio_AXI_DMA/ip/audio_AXI_DMA_processing_system7_0_0/audio_AXI_DMA_processing_system7_0_0/audio_AXI_DMA_processing_system7_0_0_in_context.xdc, line 261).
Applied set_property KEEP_HIERARCHY = SOFT for audio_AXI_DMA_i. (constraint file  auto generated constraint).
Applied set_property KEEP_HIERARCHY = SOFT for audio_AXI_DMA_i/audio_axis_tx_0. (constraint file  auto generated constraint).
Applied set_property KEEP_HIERARCHY = SOFT for audio_AXI_DMA_i/audio_axis_tx_1. (constraint file  auto generated constraint).
Applied set_property KEEP_HIERARCHY = SOFT for audio_AXI_DMA_i/clk_wiz_0. (constraint file  auto generated constraint).
Applied set_property KEEP_HIERARCHY = SOFT for audio_AXI_DMA_i/processing_system7_0. (constraint file  auto generated constraint).
Applied set_property KEEP_HIERARCHY = SOFT for audio_AXI_DMA_i/ps7_0_axi_periph/xbar. (constraint file  auto generated constraint).
Applied set_property KEEP_HIERARCHY = SOFT for audio_AXI_DMA_i/ps7_0_axi_periph/s00_couplers/auto_pc. (constraint file  auto generated constraint).
Applied set_property KEEP_HIERARCHY = SOFT for audio_AXI_DMA_i/ps7_0_axi_periph/m00_couplers/auto_cc. (constraint file  auto generated constraint).
Applied set_property KEEP_HIERARCHY = SOFT for audio_AXI_DMA_i/ps7_0_axi_periph. (constraint file  auto generated constraint).
Applied set_property KEEP_HIERARCHY = SOFT for audio_AXI_DMA_i/rst_ps7_0_100M. (constraint file  auto generated constraint).
Applied set_property KEEP_HIERARCHY = SOFT for audio_AXI_DMA_i/proc_sys_reset_0. (constraint file  auto generated constraint).
Applied set_property KEEP_HIERARCHY = SOFT for audio_AXI_DMA_i/axi_dma_0. (constraint file  auto generated constraint).
Applied set_property KEEP_HIERARCHY = SOFT for audio_AXI_DMA_i/axis_data_fifo_0. (constraint file  auto generated constraint).
Applied set_property KEEP_HIERARCHY = SOFT for audio_AXI_DMA_i/axis_data_fifo_1. (constraint file  auto generated constraint).
Applied set_property KEEP_HIERARCHY = SOFT for audio_AXI_DMA_i/axi_dma_1. (constraint file  auto generated constraint).
Applied set_property KEEP_HIERARCHY = SOFT for audio_AXI_DMA_i/axi_interconnect_0/xbar. (constraint file  auto generated constraint).
Applied set_property KEEP_HIERARCHY = SOFT for audio_AXI_DMA_i/axi_interconnect_0/m00_couplers/auto_pc. (constraint file  auto generated constraint).
Applied set_property KEEP_HIERARCHY = SOFT for audio_AXI_DMA_i/axi_interconnect_0/m01_couplers/auto_pc. (constraint file  auto generated constraint).
Applied set_property KEEP_HIERARCHY = SOFT for audio_AXI_DMA_i/axi_interconnect_0. (constraint file  auto generated constraint).
Applied set_property KEEP_HIERARCHY = SOFT for audio_AXI_DMA_i/AudioSystem_AXI_wrap_0. (constraint file  auto generated constraint).
---------------------------------------------------------------------------------
Finished applying 'set_property' XDC Constraints : Time (s): cpu = 00:00:18 ; elapsed = 00:00:18 . Memory (MB): peak = 1412.215 ; gain = 545.094
---------------------------------------------------------------------------------
---------------------------------------------------------------------------------
Finished RTL Optimization Phase 2 : Time (s): cpu = 00:00:18 ; elapsed = 00:00:18 . Memory (MB): peak = 1412.215 ; gain = 545.094
---------------------------------------------------------------------------------
---------------------------------------------------------------------------------
Start RTL Component Statistics 
---------------------------------------------------------------------------------
Detailed RTL Component Info : 
---------------------------------------------------------------------------------
Finished RTL Component Statistics 
---------------------------------------------------------------------------------
---------------------------------------------------------------------------------
Start Part Resource Summary
---------------------------------------------------------------------------------
Part Resources:
DSPs: 80 (col length:40)
BRAMs: 120 (col length: RAMB18 40 RAMB36 20)
---------------------------------------------------------------------------------
Finished Part Resource Summary
---------------------------------------------------------------------------------
---------------------------------------------------------------------------------
Start Cross Boundary and Area Optimization
---------------------------------------------------------------------------------
WARNING: [Synth 8-7080] Parallel synthesis criteria is not met
WARNING: [Synth 8-7129] Port M01_ACLK in module audio_AXI_DMA_ps7_0_axi_periph_0 is either unconnected or has no load
WARNING: [Synth 8-7129] Port M01_ARESETN in module audio_AXI_DMA_ps7_0_axi_periph_0 is either unconnected or has no load
INFO: [Common 17-14] Message 'Synth 8-7129' appears 100 times and further instances of the messages will be disabled. Use the Tcl command set_msg_config to change the current settings.
---------------------------------------------------------------------------------
Finished Cross Boundary and Area Optimization : Time (s): cpu = 00:00:21 ; elapsed = 00:00:21 . Memory (MB): peak = 1412.215 ; gain = 545.094
---------------------------------------------------------------------------------
---------------------------------------------------------------------------------
Start Applying XDC Timing Constraints
---------------------------------------------------------------------------------
---------------------------------------------------------------------------------
Finished Applying XDC Timing Constraints : Time (s): cpu = 00:00:27 ; elapsed = 00:00:27 . Memory (MB): peak = 1412.215 ; gain = 545.094
---------------------------------------------------------------------------------
---------------------------------------------------------------------------------
Start Timing Optimization
---------------------------------------------------------------------------------
---------------------------------------------------------------------------------
Finished Timing Optimization : Time (s): cpu = 00:00:27 ; elapsed = 00:00:27 . Memory (MB): peak = 1412.215 ; gain = 545.094
---------------------------------------------------------------------------------
---------------------------------------------------------------------------------
Start Technology Mapping
---------------------------------------------------------------------------------
---------------------------------------------------------------------------------
Finished Technology Mapping : Time (s): cpu = 00:00:27 ; elapsed = 00:00:27 . Memory (MB): peak = 1412.215 ; gain = 545.094
---------------------------------------------------------------------------------
---------------------------------------------------------------------------------
Start IO Insertion
---------------------------------------------------------------------------------
---------------------------------------------------------------------------------
Start Flattening Before IO Insertion
---------------------------------------------------------------------------------
---------------------------------------------------------------------------------
Finished Flattening Before IO Insertion
---------------------------------------------------------------------------------
---------------------------------------------------------------------------------
Start Final Netlist Cleanup
---------------------------------------------------------------------------------
---------------------------------------------------------------------------------
Finished Final Netlist Cleanup
---------------------------------------------------------------------------------
---------------------------------------------------------------------------------
Finished IO Insertion : Time (s): cpu = 00:00:32 ; elapsed = 00:00:32 . Memory (MB): peak = 1412.215 ; gain = 545.094
---------------------------------------------------------------------------------
---------------------------------------------------------------------------------
Start Renaming Generated Instances
---------------------------------------------------------------------------------
---------------------------------------------------------------------------------
Finished Renaming Generated Instances : Time (s): cpu = 00:00:32 ; elapsed = 00:00:32 . Memory (MB): peak = 1412.215 ; gain = 545.094
---------------------------------------------------------------------------------
---------------------------------------------------------------------------------
Start Rebuilding User Hierarchy
---------------------------------------------------------------------------------
---------------------------------------------------------------------------------
Finished Rebuilding User Hierarchy : Time (s): cpu = 00:00:32 ; elapsed = 00:00:32 . Memory (MB): peak = 1412.215 ; gain = 545.094
---------------------------------------------------------------------------------
---------------------------------------------------------------------------------
Start Renaming Generated Ports
---------------------------------------------------------------------------------
---------------------------------------------------------------------------------
Finished Renaming Generated Ports : Time (s): cpu = 00:00:32 ; elapsed = 00:00:32 . Memory (MB): peak = 1412.215 ; gain = 545.094
---------------------------------------------------------------------------------
---------------------------------------------------------------------------------
Start Handling Custom Attributes
---------------------------------------------------------------------------------
---------------------------------------------------------------------------------
Finished Handling Custom Attributes : Time (s): cpu = 00:00:32 ; elapsed = 00:00:32 . Memory (MB): peak = 1412.215 ; gain = 545.094
---------------------------------------------------------------------------------
---------------------------------------------------------------------------------
Start Renaming Generated Nets
---------------------------------------------------------------------------------
---------------------------------------------------------------------------------
Finished Renaming Generated Nets : Time (s): cpu = 00:00:32 ; elapsed = 00:00:32 . Memory (MB): peak = 1412.215 ; gain = 545.094
---------------------------------------------------------------------------------
---------------------------------------------------------------------------------
Start Writing Synthesis Report
---------------------------------------------------------------------------------

Report BlackBoxes: 
+------+---------------------------------------+----------+
|      |BlackBox name                          |Instances |
+------+---------------------------------------+----------+
|1     |audio_AXI_DMA_xbar_1                   |         1|
|2     |audio_AXI_DMA_auto_pc_1                |         1|
|3     |audio_AXI_DMA_auto_pc_2                |         1|
|4     |audio_AXI_DMA_xbar_0                   |         1|
|5     |audio_AXI_DMA_auto_cc_0                |         1|
|6     |audio_AXI_DMA_auto_pc_0                |         1|
|7     |audio_AXI_DMA_AudioSystem_AXI_wrap_0_0 |         1|
|8     |audio_AXI_DMA_audio_axis_tx_0_0        |         1|
|9     |audio_AXI_DMA_audio_axis_tx_1_0        |         1|
|10    |audio_AXI_DMA_axi_dma_0_0              |         1|
|11    |audio_AXI_DMA_axi_dma_0_2              |         1|
|12    |audio_AXI_DMA_axis_data_fifo_0_0       |         1|
|13    |audio_AXI_DMA_axis_data_fifo_0_2       |         1|
|14    |audio_AXI_DMA_clk_wiz_0_0              |         1|
|15    |audio_AXI_DMA_proc_sys_reset_0_0       |         1|
|16    |audio_AXI_DMA_processing_system7_0_0   |         1|
|17    |audio_AXI_DMA_rst_ps7_0_100M_0         |         1|
+------+---------------------------------------+----------+

Report Cell Usage: 
+------+--------------------------------------------+------+
|      |Cell                                        |Count |
+------+--------------------------------------------+------+
|1     |audio_AXI_DMA_AudioSystem_AXI_wrap_0_0_bbox |     1|
|2     |audio_AXI_DMA_audio_axis_tx_0_0_bbox        |     1|
|3     |audio_AXI_DMA_audio_axis_tx_1_0_bbox        |     1|
|4     |audio_AXI_DMA_auto_cc_0_bbox                |     1|
|5     |audio_AXI_DMA_auto_pc_0_bbox                |     1|
|6     |audio_AXI_DMA_auto_pc_1_bbox                |     1|
|7     |audio_AXI_DMA_auto_pc_2_bbox                |     1|
|8     |audio_AXI_DMA_axi_dma_0_0_bbox              |     1|
|9     |audio_AXI_DMA_axi_dma_0_2_bbox              |     1|
|10    |audio_AXI_DMA_axis_data_fifo_0_0_bbox       |     1|
|11    |audio_AXI_DMA_axis_data_fifo_0_2_bbox       |     1|
|12    |audio_AXI_DMA_clk_wiz_0_0_bbox              |     1|
|13    |audio_AXI_DMA_proc_sys_reset_0_0_bbox       |     1|
|14    |audio_AXI_DMA_processing_system7_0_0_bbox   |     1|
|15    |audio_AXI_DMA_rst_ps7_0_100M_0_bbox         |     1|
|16    |audio_AXI_DMA_xbar_0_bbox                   |     1|
|17    |audio_AXI_DMA_xbar_1_bbox                   |     1|
|18    |IBUF                                        |     1|
|19    |OBUF                                        |     7|
+------+--------------------------------------------+------+
---------------------------------------------------------------------------------
Finished Writing Synthesis Report : Time (s): cpu = 00:00:32 ; elapsed = 00:00:32 . Memory (MB): peak = 1412.215 ; gain = 545.094
---------------------------------------------------------------------------------
Synthesis finished with 0 errors, 0 critical warnings and 33 warnings.
Synthesis Optimization Runtime : Time (s): cpu = 00:00:21 ; elapsed = 00:00:30 . Memory (MB): peak = 1412.215 ; gain = 519.527
Synthesis Optimization Complete : Time (s): cpu = 00:00:32 ; elapsed = 00:00:32 . Memory (MB): peak = 1412.215 ; gain = 545.094
INFO: [Project 1-571] Translating synthesized netlist
Netlist sorting complete. Time (s): cpu = 00:00:00 ; elapsed = 00:00:00.062 . Memory (MB): peak = 1412.344 ; gain = 0.000
INFO: [Project 1-570] Preparing netlist for logic optimization
INFO: [Opt 31-138] Pushed 0 inverter(s) to 0 load pin(s).
Netlist sorting complete. Time (s): cpu = 00:00:00 ; elapsed = 00:00:00 . Memory (MB): peak = 1415.969 ; gain = 0.000
INFO: [Project 1-111] Unisim Transformation Summary:
No Unisim elements were transformed.

Synth Design complete, checksum: f352040a
INFO: [Common 17-83] Releasing license: Synthesis
84 Infos, 103 Warnings, 0 Critical Warnings and 0 Errors encountered.
synth_design completed successfully
synth_design: Time (s): cpu = 00:00:37 ; elapsed = 00:00:38 . Memory (MB): peak = 1415.969 ; gain = 926.262
INFO: [Common 17-1381] The checkpoint 'C:/Users/Engineering/projekt_sdup/projekt_sdup.runs/synth_1/audio_AXI_DMA_wrapper.dcp' has been generated.
INFO: [runtcl-4] Executing : report_utilization -file audio_AXI_DMA_wrapper_utilization_synth.rpt -pb audio_AXI_DMA_wrapper_utilization_synth.pb
INFO: [Common 17-206] Exiting Vivado at Mon Jun 23 08:35:53 2025...
